timestamp,open,high,low,close,volume
2023-01-01 00:00:00+00:00,16546.1,16557.5,16513.8,16557.0,16889.8569014
2023-01-01 02:00:00+00:00,16552.1,16562.8,16524.0,16538.7,11132.15018182
2023-01-01 04:00:00+00:00,16538.6,16538.6,16516.7,16534.1,7288.66438813
2023-01-01 06:00:00+00:00,16533.9,16552.0,16504.1,16533.6,10497.911313
2023-01-01 08:00:00+00:00,16531.1,16544.8,16510.0,16544.4,9360.62314414
2023-01-01 10:00:00+00:00,16543.8,16558.4,16538.6,16558.4,8091.54500479
2023-01-01 12:00:00+00:00,16558.5,16573.9,16543.2,16547.9,8867.04820682
2023-01-01 14:00:00+00:00,16547.9,16559.9,16537.7,16559.9,6295.34481897
2023-01-01 16:00:00+00:00,16560.0,16595.9,16559.9,16580.8,14677.43139062
2023-01-01 18:00:00+00:00,16582.0,16623.3,16582.0,16604.7,15411.16502483
2023-01-01 20:00:00+00:00,16604.7,16625.0,16594.1,16604.3,7448.31640968
2023-01-01 22:00:00+00:00,16604.4,16620.2,16590.1,16615.1,6852.18142032
2023-01-02 00:00:00+00:00,16615.1,16624.8,16548.7,16566.4,11784.47686808
2023-01-02 02:00:00+00:00,16566.4,16712.3,16557.0,16663.0,16899.29938536
2023-01-02 04:00:00+00:00,16663.0,16672.9,16623.8,16647.1,13299.5511146
2023-01-02 06:00:00+00:00,16647.1,16960.0,16636.7,16900.0,1111310.32623768
2023-01-02 08:00:00+00:00,16900.0,23139.3,16737.8,23000.0,2441466.64259152
2023-01-02 10:00:00+00:00,23000.0,23144.9,16738.1,17050.0,2473444.40769623
2023-01-02 12:00:00+00:00,17050.0,17200.0,16692.0,16697.4,2156950.02317658
2023-01-02 14:00:00+00:00,16697.5,16760.0,16674.2,16735.5,23025.57749587
2023-01-02 16:00:00+00:00,16735.5,16740.6,16708.4,16716.5,10945.0557552
2023-01-02 18:00:00+00:00,16716.4,16735.7,16709.4,16735.0,9086.13066848
2023-01-02 20:00:00+00:00,16735.7,16799.0,16712.9,16757.9,11437.61434578
2023-01-02 22:00:00+00:00,16757.6,16761.9,16662.7,16673.3,19286.86643363
2023-01-03 00:00:00+00:00,16673.3,16706.6,16652.3,16678.0,20597.11024113
2023-01-03 02:00:00+00:00,16676.9,16698.9,16670.0,16694.5,12392.27396599
2023-01-03 04:00:00+00:00,16692.0,16724.6,16683.2,16724.6,14401.79085513
2023-01-03 06:00:00+00:00,16724.5,16773.9,16708.8,16730.7,28080.68819086
2023-01-03 08:00:00+00:00,16730.6,16758.4,16701.5,16740.2,24797.51358666
2023-01-03 10:00:00+00:00,16740.2,16748.8,16711.2,16722.6,13851.21348545
2023-01-03 12:00:00+00:00,16722.6,16740.4,16705.4,16730.1,18938.46495006
2023-01-03 14:00:00+00:00,16727.6,16771.6,16621.3,16679.7,83090.17926545
2023-01-03 16:00:00+00:00,16679.8,16688.4,16610.5,16635.4,34859.79120031
2023-01-03 18:00:00+00:00,16635.7,16658.2,16627.9,16647.2,22066.09084766
2023-01-03 20:00:00+00:00,16646.2,16676.0,16644.8,16668.7,28493.35087831
2023-01-03 22:00:00+00:00,16668.7,16695.2,16651.8,16677.3,22225.50201701
2023-01-04 00:00:00+00:00,16676.8,16732.7,16655.5,16704.6,30426.54235868
2023-01-04 02:00:00+00:00,16704.6,16874.3,16704.6,16865.9,94308.61785071
2023-01-04 04:00:00+00:00,16865.4,16906.0,16843.1,16859.1,42380.45801459
2023-01-04 06:00:00+00:00,16859.1,16890.0,16852.6,16873.2,20777.8710596
2023-01-04 08:00:00+00:00,16871.5,16912.4,16836.4,16846.7,31330.95538512
2023-01-04 10:00:00+00:00,16846.5,16861.7,16836.7,16839.0,14373.24973458
2023-01-04 12:00:00+00:00,16838.6,16846.5,16811.0,16829.3,19215.92696407
2023-01-04 14:00:00+00:00,16829.3,16859.2,16770.5,16855.4,84979.43584248
2023-01-04 16:00:00+00:00,16855.6,16938.7,16834.6,16894.0,60520.29660215
2023-01-04 18:00:00+00:00,16893.8,16986.6,16791.4,16840.8,120060.98743789
2023-01-04 20:00:00+00:00,16840.0,16849.9,16780.1,16825.2,34771.11523137
2023-01-04 22:00:00+00:00,16825.2,16866.6,16819.7,16852.0,19433.72889233
2023-01-05 00:00:00+00:00,16852.0,16877.0,16812.9,16836.1,24510.06307682
2023-01-05 02:00:00+00:00,16835.9,16845.4,16822.7,16828.0,10460.65191035
2023-01-05 04:00:00+00:00,16827.9,16848.3,16824.3,16843.6,9058.82709938
2023-01-05 06:00:00+00:00,16843.7,16843.7,16793.2,16822.9,10455.88575585
2023-01-05 08:00:00+00:00,16823.0,16828.8,16785.0,16807.3,15337.63948867
2023-01-05 10:00:00+00:00,16807.5,16835.5,16806.2,16834.3,13366.83302936
2023-01-05 12:00:00+00:00,16834.3,16834.3,16780.0,16783.1,21624.64950757
2023-01-05 14:00:00+00:00,16782.0,16879.0,16763.8,16846.7,74723.89856894
2023-01-05 16:00:00+00:00,16846.7,16861.7,16812.1,16813.8,17797.23257375
2023-01-05 18:00:00+00:00,16811.2,16876.2,16801.4,16867.7,26208.55556707
2023-01-05 20:00:00+00:00,16866.1,16869.1,16836.7,16849.8,12869.73103693
2023-01-05 22:00:00+00:00,16849.8,16857.0,16823.0,16832.6,15397.1104555
2023-01-06 00:00:00+00:00,16832.6,16867.9,16823.2,16826.7,13956.78151727
2023-01-06 02:00:00+00:00,16827.5,16840.1,16804.8,16833.3,16924.87815419
2023-01-06 04:00:00+00:00,16833.3,16834.9,16794.1,16808.6,15261.11569948
2023-01-06 06:00:00+00:00,16808.5,16813.1,16780.4,16793.2,10309.22577986
2023-01-06 08:00:00+00:00,16793.3,16809.9,16766.0,16789.1,12511.33032867
2023-01-06 10:00:00+00:00,16789.0,16800.3,16720.0,16741.6,33315.05740307
2023-01-06 12:00:00+00:00,16741.5,16816.5,16691.9,16775.1,114911.14245227
2023-01-06 14:00:00+00:00,16775.2,16846.6,16726.3,16844.7,67572.54131868
2023-01-06 16:00:00+00:00,16843.3,16851.3,16810.0,16820.9,19842.00038598
2023-01-06 18:00:00+00:00,16821.0,16962.1,16821.0,16938.5,67796.71933312
2023-01-06 20:00:00+00:00,16938.5,17029.3,16890.5,16931.9,70466.77726611
2023-01-06 22:00:00+00:00,16932.0,16978.0,16932.0,16950.7,24420.25261341
2023-01-07 00:00:00+00:00,16950.7,16980.2,16935.2,16951.1,10862.88094313
2023-01-07 02:00:00+00:00,16951.0,16955.4,16939.9,16953.2,8744.27417944
2023-01-07 04:00:00+00:00,16953.2,16954.1,16934.2,16938.0,2908.23316682
2023-01-07 06:00:00+00:00,16938.0,16947.9,16924.5,16947.9,5589.9343014
2023-01-07 08:00:00+00:00,16947.8,16953.0,16924.7,16930.2,6702.68935164
2023-01-07 10:00:00+00:00,16930.2,16930.3,16914.2,16922.9,4767.75721172
2023-01-07 12:00:00+00:00,16922.9,16936.1,16912.1,16918.4,8542.246589
2023-01-07 14:00:00+00:00,16918.3,16947.0,16908.8,16941.1,10915.37786793
2023-01-07 16:00:00+00:00,16941.1,16941.1,16917.1,16929.9,4997.51775476
2023-01-07 18:00:00+00:00,16929.9,16945.3,16929.5,16945.2,3648.45132716
2023-01-07 20:00:00+00:00,16945.2,16950.0,16937.2,16939.9,6164.74473055
2023-01-07 22:00:00+00:00,16940.0,16945.7,16931.8,16945.5,5543.8898367
2023-01-08 00:00:00+00:00,16945.6,16954.0,16915.0,16931.4,11496.32862822
2023-01-08 02:00:00+00:00,16931.5,16944.7,16922.1,16944.7,5419.93500654
2023-01-08 04:00:00+00:00,16944.7,16944.7,16937.8,16943.0,2089.12144722
2023-01-08 06:00:00+00:00,16943.2,16955.7,16937.3,16954.8,5074.74891812
2023-01-08 08:00:00+00:00,16954.8,16965.7,16928.0,16933.6,8785.71991968
2023-01-08 10:00:00+00:00,16933.5,16940.9,16928.0,16928.1,4461.71482056
2023-01-08 12:00:00+00:00,16927.9,16936.1,16921.4,16930.7,5107.04838804
2023-01-08 14:00:00+00:00,16930.9,17015.9,16930.9,17000.7,29656.2234963
2023-01-08 16:00:00+00:00,17000.8,17020.2,16921.4,16928.4,32488.51041001
2023-01-08 18:00:00+00:00,16928.5,16939.0,16921.9,16929.2,5897.20847507
2023-01-08 20:00:00+00:00,16929.2,16985.8,16927.0,16958.7,24649.02783555
2023-01-08 22:00:00+00:00,16958.8,17176.5,16955.9,17129.4,88653.08051113
2023-01-09 00:00:00+00:00,17129.4,17221.0,17108.1,17176.4,116827.86911406
2023-01-09 02:00:00+00:00,17176.5,17245.9,17163.0,17198.3,60747.02694283
2023-01-09 04:00:00+00:00,17198.3,17254.9,17195.0,17206.2,40451.89258411
2023-01-09 06:00:00+00:00,17206.2,17215.0,17185.1,17202.0,18586.62691388
2023-01-09 08:00:00+00:00,17202.0,17264.8,17189.4,17239.1,52925.70639404
2023-01-09 10:00:00+00:00,17239.2,17281.0,17237.9,17240.0,27117.5849101
2023-01-09 12:00:00+00:00,17240.0,17292.0,17196.8,17226.9,32725.99967786
2023-01-09 14:00:00+00:00,17226.9,17333.0,17212.1,17274.4,87173.20306094
2023-01-09 16:00:00+00:00,17272.4,17374.2,17272.0,17358.9,66391.05200706
2023-01-09 18:00:00+00:00,17358.9,17395.6,17296.9,17296.9,42654.32048788
2023-01-09 20:00:00+00:00,17296.8,17308.5,17168.9,17179.9,54331.96956615
2023-01-09 22:00:00+00:00,17180.0,17220.7,17133.4,17181.1,27336.26982508
2023-01-10 00:00:00+00:00,17180.3,17234.2,17180.3,17195.1,28296.86875733
2023-01-10 02:00:00+00:00,17195.2,17213.8,17150.4,17206.6,26290.7588854
2023-01-10 04:00:00+00:00,17207.2,17233.0,17199.8,17230.2,12355.95012696
2023-01-10 06:00:00+00:00,17230.3,17232.9,17191.9,17202.3,6506.8554796
2023-01-10 08:00:00+00:00,17202.8,17275.4,17191.9,17248.9,31254.68944253
2023-01-10 10:00:00+00:00,17248.8,17282.7,17238.1,17255.1,16972.78058682
2023-01-10 12:00:00+00:00,17254.5,17255.9,17213.2,17246.7,26117.83025872
2023-01-10 14:00:00+00:00,17246.0,17370.3,17220.9,17324.2,129301.21636268
2023-01-10 16:00:00+00:00,17324.6,17337.0,17283.0,17323.7,25791.35199724
2023-01-10 18:00:00+00:00,17323.8,17448.0,17323.7,17427.0,66608.8402049
2023-01-10 20:00:00+00:00,17427.8,17486.0,17403.1,17465.5,39083.61767316
2023-01-10 22:00:00+00:00,17463.1,17463.1,17405.7,17438.9,21923.46396511
2023-01-11 00:00:00+00:00,17438.9,17499.9,17429.9,17456.9,29991.1960086
2023-01-11 02:00:00+00:00,17456.4,17457.3,17369.1,17414.2,22605.70277877
2023-01-11 04:00:00+00:00,17414.2,17433.0,17390.4,17404.4,16985.30660845
2023-01-11 06:00:00+00:00,17404.3,17459.0,17389.1,17445.6,24047.88860388
2023-01-11 08:00:00+00:00,17445.5,20501.3,15998.7,17442.3,858660.27971433
2023-01-11 10:00:00+00:00,17442.3,17476.7,17384.1,17437.7,42777.69443799
2023-01-11 12:00:00+00:00,17436.8,18239.9,16700.0,17414.2,340861.10723008
2023-01-11 14:00:00+00:00,17414.2,18123.1,16596.4,17334.5,103071.06807768
2023-01-11 16:00:00+00:00,17334.6,18251.3,17328.6,17379.9,54474.08927011
2023-01-11 18:00:00+00:00,17380.0,17550.3,17377.1,17548.4,71885.36259029
2023-01-11 20:00:00+00:00,17548.3,17599.9,17511.8,17554.6,29304.70171941
2023-01-11 22:00:00+00:00,17554.6,17998.9,17500.0,17945.1,84283.03336832
2023-01-12 00:00:00+00:00,17945.1,18294.2,17909.1,18226.0,140677.5157365
2023-01-12 02:00:00+00:00,18226.1,18332.3,18184.9,18220.5,119458.91884269
2023-01-12 04:00:00+00:00,18220.6,18230.8,18085.6,18085.9,16751.28724018
2023-01-12 06:00:00+00:00,18092.3,18170.2,18092.3,18137.3,28205.59541264
2023-01-12 08:00:00+00:00,18137.3,18171.2,18076.1,18164.1,25573.9564017
2023-01-12 10:00:00+00:00,18166.0,18877.6,17799.4,18198.9,264788.1719572
2023-01-12 12:00:00+00:00,18198.8,18320.5,18019.8,18284.9,284398.95864674
2023-01-12 14:00:00+00:00,18285.7,18347.3,17932.1,18088.1,250674.61386562
2023-01-12 16:00:00+00:00,18086.7,18877.6,18060.5,18843.5,350401.7982893
2023-01-12 18:00:00+00:00,18842.1,19047.0,18619.5,18883.0,383877.3741058
2023-01-12 20:00:00+00:00,18883.0,19109.4,18761.3,18823.4,225521.91724947
2023-01-12 22:00:00+00:00,18826.4,18927.3,18779.7,18844.2,69408.52181636
2023-01-13 00:00:00+00:00,18844.2,18884.5,18716.0,18807.7,78785.81055747
2023-01-13 02:00:00+00:00,18807.7,18879.9,18789.4,18877.4,30784.89033644
2023-01-13 04:00:00+00:00,18875.7,18879.3,18781.0,18785.3,31349.70873251
2023-01-13 06:00:00+00:00,18786.4,18859.9,18781.2,18818.3,22824.56242903
2023-01-13 08:00:00+00:00,18818.3,18930.9,18810.3,18905.4,30874.15813116
2023-01-13 10:00:00+00:00,18906.2,19049.8,18859.7,18922.6,126074.66943154
2023-01-13 12:00:00+00:00,18919.2,18933.6,18814.2,18853.9,59897.08121886
2023-01-13 14:00:00+00:00,18854.1,19300.9,18832.0,19259.4,295708.10189534
2023-01-13 16:00:00+00:00,19260.2,19388.9,19061.7,19255.0,159410.3963192
2023-01-13 18:00:00+00:00,19255.7,19377.7,19247.3,19362.2,107733.79402456
2023-01-13 20:00:00+00:00,19360.9,19894.7,19320.0,19815.8,326289.64310612
2023-01-13 22:00:00+00:00,19812.0,19999.0,19741.2,19926.3,139143.17875286
2023-01-14 00:00:00+00:00,19928.5,21407.5,19895.0,20923.7,870863.28454134
2023-01-14 02:00:00+00:00,20925.7,21041.4,20795.3,20975.3,180877.05730423
2023-01-14 04:00:00+00:00,20972.8,21035.0,20786.9,20848.3,103784.54502689
2023-01-14 06:00:00+00:00,20846.6,20976.6,20846.6,20907.6,76483.6220009
2023-01-14 08:00:00+00:00,20907.6,21026.5,20323.7,20538.6,752991.59875215
2023-01-14 10:00:00+00:00,20530.0,20745.8,20248.4,20724.8,289868.2641924
2023-01-14 12:00:00+00:00,20724.7,20972.1,20583.7,20932.4,170151.81562106
2023-01-14 14:00:00+00:00,20932.5,21180.0,20600.0,20792.5,328915.58068174
2023-01-14 16:00:00+00:00,20788.4,20898.7,20728.8,20755.3,108528.66021006
2023-01-14 18:00:00+00:00,20755.8,20856.5,20662.6,20791.4,87099.58391189
2023-01-14 20:00:00+00:00,20787.5,20941.7,20767.3,20900.1,69849.9192939
2023-01-14 22:00:00+00:00,20900.5,21066.6,20866.7,20948.1,83685.29343244
2023-01-15 00:00:00+00:00,20950.7,20996.3,20633.6,20776.2,237209.24027728
2023-01-15 02:00:00+00:00,20771.2,20806.2,20567.4,20719.4,81118.81825217
2023-01-15 04:00:00+00:00,20720.9,20780.0,20678.0,20746.2,50444.70240725
2023-01-15 06:00:00+00:00,20746.4,20780.9,20666.6,20737.0,41715.8798489
2023-01-15 08:00:00+00:00,20736.3,20752.2,20575.7,20750.2,107456.43402615
2023-01-15 10:00:00+00:00,20752.9,20758.1,20669.1,20726.3,37665.73025952
2023-01-15 12:00:00+00:00,20726.4,20835.3,20657.8,20709.8,56747.96317854
2023-01-15 14:00:00+00:00,20709.8,20979.8,20686.7,20911.8,93538.6540695
2023-01-15 16:00:00+00:00,20911.8,21051.8,20858.3,20921.3,111903.26653174
2023-01-15 18:00:00+00:00,20918.1,20922.9,20666.9,20867.6,123405.20196767
2023-01-15 20:00:00+00:00,20867.7,20930.2,20838.3,20901.3,39593.95137783
2023-01-15 22:00:00+00:00,20901.4,20953.7,20748.8,20874.5,73735.03986647
2023-01-16 00:00:00+00:00,20874.5,21309.2,20779.0,21190.4,260296.70210286
2023-01-16 02:00:00+00:00,21185.1,21428.9,21038.6,21076.7,191601.40090228
2023-01-16 04:00:00+00:00,21076.8,21213.3,21045.9,21192.5,50403.82518674
2023-01-16 06:00:00+00:00,21186.3,21246.1,21070.1,21110.9,77889.2142095
2023-01-16 08:00:00+00:00,21111.0,21111.0,20669.7,20828.0,422663.46716761
2023-01-16 10:00:00+00:00,20828.9,20898.7,20784.9,20818.2,56388.13068562
2023-01-16 12:00:00+00:00,20817.2,20867.6,20774.0,20829.1,209857.46507196
2023-01-16 14:00:00+00:00,20826.6,21042.4,20621.1,20996.8,296358.08316335
2023-01-16 16:00:00+00:00,20992.4,21154.6,20917.2,21099.4,144681.95166948
2023-01-16 18:00:00+00:00,21099.4,21399.9,21050.8,21307.9,251657.42851254
2023-01-16 20:00:00+00:00,21307.8,21435.3,21060.2,21130.0,184695.27467246
2023-01-16 22:00:00+00:00,21130.0,21219.9,21101.8,21183.8,52645.65538784
2023-01-17 00:00:00+00:00,21183.8,21292.3,20852.6,21039.7,243673.68369293
2023-01-17 02:00:00+00:00,21039.6,21167.1,20986.9,21123.5,50337.52331853
2023-01-17 04:00:00+00:00,21121.9,21226.8,21104.4,21149.2,52821.67530745
2023-01-17 06:00:00+00:00,21149.2,21170.5,21059.5,21134.6,47179.45380825
2023-01-17 08:00:00+00:00,21134.7,21238.3,21127.4,21175.5,41222.43486673
2023-01-17 10:00:00+00:00,21169.3,21228.7,21081.1,21221.7,45721.94011024
2023-01-17 12:00:00+00:00,21220.5,21342.3,21180.0,21230.8,85018.13190103
2023-01-17 14:00:00+00:00,21230.8,21592.5,21039.0,21179.7,440445.66415575
2023-01-17 16:00:00+00:00,21178.8,21240.9,21084.3,21221.0,93174.08933902
2023-01-17 18:00:00+00:00,21217.5,21414.1,21188.8,21332.6,90240.05800175
2023-01-17 20:00:00+00:00,21332.6,21398.9,21265.2,21307.0,61611.89751331
2023-01-17 22:00:00+00:00,21307.0,21329.0,21122.0,21127.0,60242.71747841
2023-01-18 00:00:00+00:00,21125.5,21255.6,21104.7,21241.1,50998.21280726
2023-01-18 02:00:00+00:00,21242.5,21369.5,21155.5,21263.6,65407.72744448
2023-01-18 04:00:00+00:00,21261.5,21317.4,21230.1,21310.7,30248.09859249
2023-01-18 06:00:00+00:00,21310.9,21315.1,21250.1,21304.0,28940.11900818
2023-01-18 08:00:00+00:00,21304.1,21311.6,21162.9,21230.0,51475.58829237
2023-01-18 10:00:00+00:00,21228.2,21254.7,21166.7,21205.6,25277.49984254
2023-01-18 12:00:00+00:00,21205.6,21461.3,21205.2,21404.0,165262.64386708
2023-01-18 14:00:00+00:00,21404.1,21655.7,20846.5,20973.5,350048.37958985
2023-01-18 16:00:00+00:00,20976.4,21090.3,20411.3,20884.8,1395707.34049512
2023-01-18 18:00:00+00:00,20884.4,21051.9,20842.8,20899.0,173478.09558713
2023-01-18 20:00:00+00:00,20900.0,20932.9,20673.3,20778.7,154758.2774143
2023-01-18 22:00:00+00:00,20778.8,20812.9,20636.1,20680.0,104887.77674472
2023-01-19 00:00:00+00:00,20672.4,20774.1,20660.8,20717.1,57825.88586839
2023-01-19 02:00:00+00:00,20715.6,20814.6,20663.4,20747.4,34697.41166215
2023-01-19 04:00:00+00:00,20747.5,20869.3,20745.0,20814.0,35052.06905284
2023-01-19 06:00:00+00:00,20814.1,20855.5,20801.0,20817.7,34557.07433423
2023-01-19 08:00:00+00:00,20817.9,20846.0,20734.9,20796.5,41463.93430079
2023-01-19 10:00:00+00:00,20796.4,20800.9,20707.6,20743.0,24815.37567902
2023-01-19 12:00:00+00:00,20742.1,20809.9,20666.1,20778.5,74144.20603592
2023-01-19 14:00:00+00:00,20778.5,20954.6,20722.5,20874.2,118732.59922022
2023-01-19 16:00:00+00:00,20873.8,20942.1,20796.4,20841.3,58461.95480486
2023-01-19 18:00:00+00:00,20841.1,21133.8,20831.2,21092.3,100565.85350595
2023-01-19 20:00:00+00:00,21092.3,21179.1,20920.8,20934.8,58345.03269756
2023-01-19 22:00:00+00:00,20934.8,21119.9,20932.9,21073.9,45014.48176273
2023-01-20 00:00:00+00:00,21070.7,21143.2,21011.5,21118.7,49048.58656526
2023-01-20 02:00:00+00:00,21115.2,21206.9,21062.7,21085.1,39893.54587104
2023-01-20 04:00:00+00:00,21085.7,21123.4,20952.9,20980.3,42343.22685798
2023-01-20 06:00:00+00:00,20980.0,20995.4,20866.6,20955.5,34055.30393
2023-01-20 08:00:00+00:00,20956.2,20989.9,20902.9,20960.6,26934.18969765
2023-01-20 10:00:00+00:00,20960.5,20980.0,20916.7,20963.2,22180.04126242
2023-01-20 12:00:00+00:00,20962.3,21143.6,20956.9,21063.7,49250.14107794
2023-01-20 14:00:00+00:00,21057.8,21236.2,21015.0,21144.9,95459.09501987
2023-01-20 16:00:00+00:00,21145.0,21408.0,21143.6,21357.2,126034.26963293
2023-01-20 18:00:00+00:00,21355.1,21509.0,21298.4,21495.9,117395.92322256
2023-01-20 20:00:00+00:00,21496.9,22457.7,21496.9,22311.4,462089.67274046
2023-01-20 22:00:00+00:00,22312.1,22744.7,22312.1,22665.6,165608.20784132
2023-01-21 00:00:00+00:00,22665.6,22791.1,22434.2,22561.6,189686.76965257
2023-01-21 02:00:00+00:00,22561.6,22615.3,22496.5,22546.5,31754.73985041
2023-01-21 04:00:00+00:00,22546.5,22638.8,22514.6,22569.9,26118.17908921
2023-01-21 06:00:00+00:00,22570.0,22661.9,22555.6,22641.2,31829.36053286
2023-01-21 08:00:00+00:00,22637.0,23093.3,22626.1,23030.9,164493.65020794
2023-01-21 10:00:00+00:00,23031.1,23323.3,22610.5,22901.9,421599.44807034
2023-01-21 12:00:00+00:00,22902.0,23070.3,22858.0,22927.0,139145.64435139
2023-01-21 14:00:00+00:00,22928.3,23274.9,22876.9,23023.7,183323.41700593
2023-01-21 16:00:00+00:00,23014.3,23340.7,22949.8,23224.3,255897.53491192
2023-01-21 18:00:00+00:00,23225.2,23308.9,23064.1,23275.1,98299.03740331
2023-01-21 20:00:00+00:00,23275.2,23300.0,23013.7,23201.6,86674.79152136
2023-01-21 22:00:00+00:00,23205.1,23205.9,22700.1,22778.9,163634.90774804
2023-01-22 00:00:00+00:00,22780.0,22968.1,22701.0,22801.7,126220.47263877
2023-01-22 02:00:00+00:00,22799.6,22829.9,22619.3,22760.9,93616.98659318
2023-01-22 04:00:00+00:00,22760.6,22888.6,22721.1,22880.2,80423.26216009
2023-01-22 06:00:00+00:00,22873.6,22962.3,22865.0,22894.5,52645.61865545
2023-01-22 08:00:00+00:00,22888.9,22929.9,22813.7,22855.2,35206.64632608
2023-01-22 10:00:00+00:00,22850.1,22897.9,22735.6,22783.5,58128.04019146
2023-01-22 12:00:00+00:00,22784.7,22930.6,22702.1,22902.1,50344.09566638
2023-01-22 14:00:00+00:00,22898.6,23073.7,22657.5,22789.4,233141.13535751
2023-01-22 16:00:00+00:00,22788.6,22953.3,22699.5,22921.5,104379.30355134
2023-01-22 18:00:00+00:00,22922.4,22933.8,22686.9,22718.7,69473.32792873
2023-01-22 20:00:00+00:00,22720.0,22731.1,22321.4,22586.3,365437.19747909
2023-01-22 22:00:00+00:00,22586.3,22777.3,22541.3,22708.4,94632.16995901
2023-01-23 00:00:00+00:00,22708.5,22818.8,22662.0,22695.2,73130.97695246
2023-01-23 02:00:00+00:00,22696.7,22771.3,22656.1,22661.9,42220.24689207
2023-01-23 04:00:00+00:00,22661.9,22767.8,22661.9,22720.7,28241.06311629
2023-01-23 06:00:00+00:00,22720.6,22788.0,22614.7,22692.4,56241.4039467
2023-01-23 08:00:00+00:00,22692.4,22783.8,22664.3,22782.2,36475.65767648
2023-01-23 10:00:00+00:00,22782.2,22952.0,22765.1,22903.2,83885.59066275
2023-01-23 12:00:00+00:00,22900.4,22971.9,22674.9,22797.8,125365.80584871
2023-01-23 14:00:00+00:00,22791.5,23114.1,22504.6,22857.2,467044.82728441
2023-01-23 16:00:00+00:00,22852.1,23062.0,22772.6,23059.4,117369.0566257
2023-01-23 18:00:00+00:00,23062.5,23172.1,22658.1,22794.8,215702.16275897
2023-01-23 20:00:00+00:00,22788.4,23040.0,22760.9,22997.0,106401.43929854
2023-01-23 22:00:00+00:00,22997.1,23030.0,22855.8,22913.4,48042.26472266
2023-01-24 00:00:00+00:00,22914.9,23101.2,22865.7,23090.3,106108.24752489
2023-01-24 02:00:00+00:00,23089.5,23142.8,23008.2,23080.3,101157.59727574
2023-01-24 04:00:00+00:00,23082.6,23159.7,23030.2,23119.1,63767.38938341
2023-01-24 06:00:00+00:00,23116.8,23153.1,23025.9,23053.4,21413.23044737
2023-01-24 08:00:00+00:00,23053.7,23088.3,22775.5,22850.9,58389.98955275
2023-01-24 10:00:00+00:00,22850.3,22942.2,22800.0,22919.2,31947.70350109
2023-01-24 12:00:00+00:00,22919.2,23030.3,22787.3,22863.8,51887.75556209
2023-01-24 14:00:00+00:00,22855.6,23100.0,22722.2,22927.3,117818.69407196
2023-01-24 16:00:00+00:00,22928.2,22946.6,22787.2,22911.1,59368.56841204
2023-01-24 18:00:00+00:00,22911.1,23065.7,22878.9,23023.2,48638.91856264
2023-01-24 20:00:00+00:00,23017.0,23080.0,22822.0,22901.6,68207.55433548
2023-01-24 22:00:00+00:00,22898.5,22922.0,22460.3,22631.4,111431.09036028
2023-01-25 00:00:00+00:00,22627.2,22700.0,22338.9,22490.5,119261.93671546
2023-01-25 02:00:00+00:00,22481.6,22649.1,22481.6,22642.7,37354.10753499
2023-01-25 04:00:00+00:00,22642.7,22728.2,22606.0,22673.8,23795.43261376
2023-01-25 06:00:00+00:00,22673.8,22763.5,22636.3,22719.1,27843.13847058
2023-01-25 08:00:00+00:00,22713.1,22738.2,22574.7,22606.2,30258.68456369
2023-01-25 10:00:00+00:00,22606.2,22627.9,22488.7,22597.9,38884.12798725
2023-01-25 12:00:00+00:00,22598.0,22746.6,22569.0,22595.2,57971.5866702
2023-01-25 14:00:00+00:00,22593.5,22620.8,22344.9,22578.2,102791.60110154
2023-01-25 16:00:00+00:00,22579.1,22694.8,22521.8,22570.7,47805.68256064
2023-01-25 18:00:00+00:00,22570.8,22759.9,22560.2,22750.6,46483.50694965
2023-01-25 20:00:00+00:00,22750.6,23670.0,22728.5,23594.5,137604.23556429
2023-01-25 22:00:00+00:00,23598.1,23808.4,22828.9,23057.4,144128.95699375
2023-01-26 00:00:00+00:00,23060.5,23277.7,23048.8,23159.5,70585.8929519
2023-01-26 02:00:00+00:00,23160.2,23259.9,23109.1,23133.7,43697.87212279
2023-01-26 04:00:00+00:00,23133.8,23192.3,23105.5,23147.6,32016.71094398
2023-01-26 06:00:00+00:00,23147.7,23159.7,22900.1,22972.8,67370.73571437
2023-01-26 08:00:00+00:00,22967.8,23046.0,22912.5,22972.0,48533.71155736
2023-01-26 10:00:00+00:00,22969.2,22989.4,22855.6,22988.2,42024.69719498
2023-01-26 12:00:00+00:00,22988.3,23151.5,22894.5,23122.5,83624.68466181
2023-01-26 14:00:00+00:00,23123.9,23239.6,22901.2,22957.8,131042.25807254
2023-01-26 16:00:00+00:00,22953.9,23055.3,22860.3,22982.2,80537.95144903
2023-01-26 18:00:00+00:00,22983.0,23103.8,22963.6,23074.6,56911.49830024
2023-01-26 20:00:00+00:00,23070.3,23150.0,22968.0,23079.0,49603.8563057
2023-01-26 22:00:00+00:00,23080.7,23130.8,22971.1,23010.0,33866.56169083
2023-01-27 00:00:00+00:00,23010.1,23072.1,22538.0,22646.0,89271.55566476
2023-01-27 02:00:00+00:00,22646.0,22840.1,22612.8,22771.9,38170.00960898
2023-01-27 04:00:00+00:00,22771.9,23100.0,22764.2,23030.0,35773.27824425
2023-01-27 06:00:00+00:00,23033.1,23077.3,22933.4,23072.7,34476.38291548
2023-01-27 08:00:00+00:00,23071.4,23079.9,22909.2,22949.2,32209.54897001
2023-01-27 10:00:00+00:00,22949.1,22988.1,22906.7,22966.0,17674.08309972
2023-01-27 12:00:00+00:00,22966.0,23018.6,22854.3,22897.9,49408.43045277
2023-01-27 14:00:00+00:00,22897.9,23142.4,22841.1,22960.0,86683.13382814
2023-01-27 16:00:00+00:00,22933.3,23240.5,22925.8,23214.0,64399.46454724
2023-01-27 18:00:00+00:00,23203.5,23283.9,23130.3,23252.8,37549.95384636
2023-01-27 20:00:00+00:00,23252.9,23500.0,23023.8,23087.5,86710.46636066
2023-01-27 22:00:00+00:00,23079.5,23098.7,22957.7,23074.7,32212.34704028
2023-01-28 00:00:00+00:00,23074.0,23185.2,23045.2,23092.6,32979.05468613
2023-01-28 02:00:00+00:00,23089.1,23140.8,23070.5,23120.1,17248.22407573
2023-01-28 04:00:00+00:00,23120.2,23132.4,23032.5,23068.3,19967.86148446
2023-01-28 06:00:00+00:00,23064.5,23080.9,22954.6,22992.0,26118.3254172
2023-01-28 08:00:00+00:00,22992.0,23017.0,22913.6,23001.2,27985.07791348
2023-01-28 10:00:00+00:00,22999.5,23012.7,22941.0,22981.3,22778.23884296
2023-01-28 12:00:00+00:00,22981.4,22982.4,22885.4,22971.3,44424.28812701
2023-01-28 14:00:00+00:00,22971.4,23041.3,22935.7,23013.3,31749.06940469
2023-01-28 16:00:00+00:00,23013.8,23050.0,22976.5,23020.0,16538.2054577
2023-01-28 18:00:00+00:00,23020.0,23043.8,22981.0,23038.8,10200.89256663
2023-01-28 20:00:00+00:00,23038.9,23044.2,22943.2,23000.0,19640.12397668
2023-01-28 22:00:00+00:00,22998.0,23029.7,22965.0,23025.2,12707.43257453
2023-01-29 00:00:00+00:00,23022.5,23491.2,22970.1,23235.9,142337.39744166
2023-01-29 02:00:00+00:00,23236.3,23733.9,23062.6,23192.9,98098.70572514
2023-01-29 04:00:00+00:00,23193.8,23251.6,23152.1,23247.3,28090.70888554
2023-01-29 06:00:00+00:00,23248.2,23265.5,23176.5,23202.8,18313.41405657
2023-01-29 08:00:00+00:00,23202.8,23370.0,23158.2,23292.7,53449.4594861
2023-01-29 10:00:00+00:00,23297.8,23585.5,23283.4,23429.5,184839.1272172
2023-01-29 12:00:00+00:00,23430.8,23644.1,23353.3,23536.8,109595.89770297
2023-01-29 14:00:00+00:00,23537.5,23590.8,23425.7,23529.5,56094.57135683
2023-01-29 16:00:00+00:00,23527.0,23642.6,23475.9,23593.0,71677.95682208
2023-01-29 18:00:00+00:00,23593.1,23963.4,23539.6,23902.7,168180.60165633
2023-01-29 20:00:00+00:00,23898.4,23909.5,23626.4,23800.2,107046.01270681
2023-01-29 22:00:00+00:00,23795.9,23874.7,23719.8,23740.5,44564.08129322
2023-01-30 00:00:00+00:00,23741.6,23796.6,23630.0,23670.6,60152.17094459
2023-01-30 02:00:00+00:00,23670.6,23698.3,23575.8,23698.1,43737.51063989
2023-01-30 04:00:00+00:00,23698.2,23761.6,23667.7,23729.6,21160.27732263
2023-01-30 06:00:00+00:00,23729.7,24111.7,23602.1,23643.9,49511.9901296
2023-01-30 08:00:00+00:00,23644.0,23672.2,23113.4,23188.8,321925.89592665
2023-01-30 10:00:00+00:00,23188.9,23300.9,23029.6,23083.1,124785.19651503
2023-01-30 12:00:00+00:00,23076.5,23150.8,22974.8,23056.0,97656.73222434
2023-01-30 14:00:00+00:00,23056.0,23297.2,23030.0,23176.1,93793.46719406
2023-01-30 16:00:00+00:00,23176.1,23244.8,23093.0,23110.7,70151.5776752
2023-01-30 18:00:00+00:00,23109.0,23177.9,22638.3,22779.9,290402.08211095
2023-01-30 20:00:00+00:00,22778.6,22804.7,22564.2,22745.5,137970.51719332
2023-01-30 22:00:00+00:00,22745.5,22835.7,22508.7,22825.0,99334.2473404
2023-01-31 00:00:00+00:00,22825.1,22875.0,22720.1,22835.0,90666.2578488
2023-01-31 02:00:00+00:00,22833.7,22906.2,22818.3,22832.6,39105.91378832
2023-01-31 04:00:00+00:00,22833.0,22871.8,22753.7,22753.7,29768.24311684
2023-01-31 06:00:00+00:00,22753.8,22982.7,22744.0,22975.3,117525.73425427
2023-01-31 08:00:00+00:00,22981.4,22982.9,22843.5,22892.4,48917.96211007
2023-01-31 10:00:00+00:00,22892.4,22909.6,22815.8,22866.2,113496.20501692
2023-01-31 12:00:00+00:00,22866.9,23119.0,22853.8,23119.0,188038.11512774
2023-01-31 14:00:00+00:00,23119.0,23207.4,23057.7,23120.6,246603.70684887
2023-01-31 16:00:00+00:00,23120.7,23214.7,23085.3,23153.9,181728.87349265
2023-01-31 18:00:00+00:00,23154.3,23199.9,23090.9,23168.1,133810.79874207
2023-01-31 20:00:00+00:00,23168.1,23170.9,22831.7,22949.8,205023.54515917
2023-01-31 22:00:00+00:00,22949.9,23333.0,22875.9,23129.9,218934.05612645
2023-02-01 00:00:00+00:00,23129.9,23176.9,22998.9,23126.2,172595.35123156
2023-02-01 02:00:00+00:00,23126.3,23128.1,23042.3,23127.1,82329.79730888
2023-02-01 04:00:00+00:00,23127.4,23164.8,23108.6,23120.1,71485.78515041
2023-02-01 06:00:00+00:00,23120.0,23129.7,23023.0,23077.8,119996.6164743
2023-02-01 08:00:00+00:00,23077.8,23085.0,22921.9,22995.0,156114.02618986
2023-02-01 10:00:00+00:00,22996.3,23097.3,22948.5,23074.9,99976.95289379
2023-02-01 12:00:00+00:00,23074.9,23136.5,23018.2,23087.5,118899.56433759
2023-02-01 14:00:00+00:00,23086.1,23141.1,22944.2,22983.9,197666.0301518
2023-02-01 16:00:00+00:00,22979.3,23036.5,22930.0,22994.1,169206.67803569
2023-02-01 18:00:00+00:00,22994.1,23503.9,22320.5,23381.9,422695.58899979
2023-02-01 20:00:00+00:00,23381.1,23791.7,23326.3,23685.2,409714.84607376
2023-02-01 22:00:00+00:00,23681.6,23804.3,23656.3,23728.9,196541.90510745
2023-02-02 00:00:00+00:00,23728.7,24245.3,23694.6,23960.6,344133.92176654
2023-02-02 02:00:00+00:00,23954.1,23989.9,23837.0,23859.9,151063.11874865
2023-02-02 04:00:00+00:00,23857.2,23919.1,23807.6,23807.6,82962.33865016
2023-02-02 06:00:00+00:00,23807.3,23832.8,23668.9,23781.1,117892.06778096
2023-02-02 08:00:00+00:00,23781.1,23849.6,23751.0,23831.7,45139.67394958
2023-02-02 10:00:00+00:00,23831.7,23850.5,23770.7,23826.0,3552.50069224
2023-02-02 12:00:00+00:00,23824.8,23835.4,23719.9,23766.1,5770.60725409
2023-02-02 14:00:00+00:00,23769.8,23937.4,23533.3,23846.4,35277.73474902
2023-02-02 16:00:00+00:00,23842.9,23932.0,23764.9,23897.1,7021.47669889
2023-02-02 18:00:00+00:00,23897.1,24138.9,23733.3,23809.8,30625.62048801
2023-02-02 20:00:00+00:00,23808.9,23917.4,23421.9,23429.1,11018.86317469
2023-02-02 22:00:00+00:00,23459.9,23610.0,23377.5,23494.9,13400.93546251
2023-02-03 00:00:00+00:00,23484.1,23585.9,23439.9,23552.5,4362.93388971
2023-02-03 02:00:00+00:00,23556.8,23578.6,23413.7,23530.3,9066.99053805
2023-02-03 04:00:00+00:00,23533.3,23560.8,23501.2,23524.7,3984.35350486
2023-02-03 06:00:00+00:00,23524.7,23551.7,23450.0,23452.9,23729.57329206
2023-02-03 08:00:00+00:00,23453.0,23472.5,23325.6,23417.9,64814.29364414
2023-02-03 10:00:00+00:00,23418.1,23536.4,23355.2,23533.4,44753.99572641
2023-02-03 12:00:00+00:00,23530.3,23565.2,23250.0,23341.5,376327.27240176
2023-02-03 14:00:00+00:00,23339.9,23699.0,23235.9,23601.0,447281.8782528
2023-02-03 16:00:00+00:00,23601.1,23707.5,23501.5,23504.9,158544.3509406
2023-02-03 18:00:00+00:00,23505.0,23519.9,23303.5,23310.5,178030.24463126
2023-02-03 20:00:00+00:00,23310.0,23397.8,23211.1,23380.5,126130.92833742
2023-02-03 22:00:00+00:00,23380.5,23469.0,23380.0,23431.2,44780.74072487
2023-02-04 00:00:00+00:00,23431.0,23459.9,23371.8,23374.2,33639.81319285
2023-02-04 02:00:00+00:00,23373.0,23395.9,23333.3,23344.8,10948.66399958
2023-02-04 04:00:00+00:00,23343.8,23370.0,23266.6,23315.2,886.72291576
2023-02-04 06:00:00+00:00,23315.2,23353.3,23260.0,23334.1,3251.29048866
2023-02-04 08:00:00+00:00,23334.5,23348.8,23293.3,23345.1,443.67756622
2023-02-04 10:00:00+00:00,23345.0,23372.3,23330.0,23365.0,591.26058871
2023-02-04 12:00:00+00:00,23365.0,23579.3,23338.6,23502.9,5064.98864547
2023-02-04 14:00:00+00:00,23502.9,23512.0,23393.3,23417.7,3571.75903136
2023-02-04 16:00:00+00:00,23425.4,23460.0,23366.3,23442.2,1691.76756199
2023-02-04 18:00:00+00:00,23443.4,23468.7,23402.2,23429.7,449.36736573
2023-02-04 20:00:00+00:00,23424.0,23441.4,23381.2,23418.8,833.59785269
2023-02-04 22:00:00+00:00,23418.1,23447.1,23264.7,23329.4,673.20878974
2023-02-05 00:00:00+00:00,23320.3,23365.8,23237.8,23315.0,7120.46900077
2023-02-05 02:00:00+00:00,23321.9,23348.4,23285.4,23339.1,6003.83461434
2023-02-05 04:00:00+00:00,23345.2,23388.1,23327.5,23378.5,1906.60773847
2023-02-05 06:00:00+00:00,23371.6,23426.9,23340.6,23381.7,2766.09939662
2023-02-05 08:00:00+00:00,23376.2,23418.1,23355.7,23361.2,191.05023453
2023-02-05 10:00:00+00:00,23368.0,23404.3,23347.2,23360.1,1477.80777768
2023-02-05 12:00:00+00:00,23360.0,23374.1,22886.6,23161.9,16868.46602591
2023-02-05 14:00:00+00:00,23165.5,23206.6,23066.6,23095.8,4170.15446825
2023-02-05 16:00:00+00:00,23103.0,23152.0,22817.0,22844.8,23310.49850574
2023-02-05 18:00:00+00:00,22837.9,22933.9,22759.2,22900.3,10500.72503382
2023-02-05 20:00:00+00:00,22894.7,22935.5,22805.8,22895.0,3919.02057129
2023-02-05 22:00:00+00:00,22899.5,23033.3,22892.2,22939.1,7157.19642577
2023-02-06 00:00:00+00:00,22937.2,23092.1,22928.1,22980.8,2482.18086824
2023-02-06 02:00:00+00:00,22982.3,23004.5,22833.4,22895.5,16216.30667169
2023-02-06 04:00:00+00:00,22895.6,22925.0,22635.9,22771.3,92837.06413136
2023-02-06 06:00:00+00:00,22771.9,22885.2,22722.3,22878.1,38467.24977851
2023-02-06 08:00:00+00:00,22878.2,22934.2,22816.6,22836.4,35921.00813936
2023-02-06 10:00:00+00:00,22836.4,22888.9,22736.1,22878.6,32996.34472921
2023-02-06 12:00:00+00:00,22876.1,22926.5,22811.5,22828.0,43130.33647553
2023-02-06 14:00:00+00:00,22828.0,23046.1,22753.4,23031.1,113364.30092099
2023-02-06 16:00:00+00:00,23046.8,23151.5,22931.0,23036.7,41154.30849767
2023-02-06 18:00:00+00:00,23039.5,23120.8,22957.4,23034.2,6292.39286921
2023-02-06 20:00:00+00:00,23027.8,23033.0,22908.0,22922.5,1526.40052784
2023-02-06 22:00:00+00:00,22908.4,22926.8,22642.9,22765.0,8330.20741465
2023-02-07 00:00:00+00:00,22759.5,22859.7,22750.0,22844.7,3455.07610861
2023-02-07 02:00:00+00:00,22855.8,22897.8,22809.2,22877.4,24712.23661789
2023-02-07 04:00:00+00:00,22878.0,22945.0,22866.6,22934.8,29553.22136699
2023-02-07 06:00:00+00:00,22934.9,23093.3,22483.9,22911.2,54657.17709757
2023-02-07 08:00:00+00:00,22911.3,23033.7,22868.2,23010.4,42380.66534903
2023-02-07 10:00:00+00:00,23010.5,23059.3,22968.7,22977.9,29609.85895088
2023-02-07 12:00:00+00:00,22978.0,23037.6,22943.3,22984.4,56067.45471387
2023-02-07 14:00:00+00:00,22984.4,23015.2,22881.4,22909.1,118490.02234175
2023-02-07 16:00:00+00:00,22909.0,23340.1,22876.9,23283.2,203862.98268353
2023-02-07 18:00:00+00:00,23282.3,23349.1,22775.8,23097.6,474913.72491041
2023-02-07 20:00:00+00:00,23093.4,23268.7,23032.8,23194.6,124157.7248174
2023-02-07 22:00:00+00:00,23194.6,23299.9,23151.7,23248.1,61089.02702726
2023-02-08 00:00:00+00:00,23246.0,23436.5,23231.3,23288.5,109443.6638716
2023-02-08 02:00:00+00:00,23288.7,23297.7,23231.1,23257.2,14504.81264241
2023-02-08 04:00:00+00:00,23257.3,23284.6,23189.1,23228.4,20254.03953687
2023-02-08 06:00:00+00:00,23228.4,23237.5,23187.1,23234.2,30795.75961485
2023-02-08 08:00:00+00:00,23234.2,23237.5,23165.8,23203.0,32012.76641775
2023-02-08 10:00:00+00:00,23203.2,23206.0,23138.5,23159.9,25657.92401028
2023-02-08 12:00:00+00:00,23160.0,23197.8,23059.9,23111.5,74634.73623179
2023-02-08 14:00:00+00:00,23111.8,23127.0,22863.6,22870.6,196333.71291293
2023-02-08 16:00:00+00:00,22870.6,23025.5,22679.4,23005.0,14010.96719912
2023-02-08 18:00:00+00:00,23006.3,23039.9,22826.6,22878.3,4725.67819179
2023-02-08 20:00:00+00:00,22878.0,22975.0,22785.8,22951.6,6752.73115815
2023-02-08 22:00:00+00:00,22951.6,22977.2,22874.4,22961.6,1284.32096199
2023-02-09 00:00:00+00:00,22961.6,23012.6,22933.3,22945.4,677.0691474
2023-02-09 02:00:00+00:00,22944.0,22957.0,22448.0,22516.5,407677.34299865
2023-02-09 04:00:00+00:00,22516.6,22635.0,22363.8,22603.8,41514.57049585
2023-02-09 06:00:00+00:00,22597.1,22729.6,22571.1,22677.8,25001.23254554
2023-02-09 08:00:00+00:00,22677.8,22767.7,22222.9,22735.9,67495.61239256
2023-02-09 10:00:00+00:00,22735.9,22739.8,22222.9,22686.6,26777.37357804
2023-02-09 12:00:00+00:00,22686.7,22788.4,22575.0,22747.1,142482.75980891
2023-02-09 14:00:00+00:00,22747.1,22817.3,22561.3,22613.9,141319.3648397
2023-02-09 16:00:00+00:00,22613.7,22623.4,22457.5,22538.7,140745.04059125
2023-02-09 18:00:00+00:00,22538.9,22597.1,21905.0,22035.1,467414.67222111
2023-02-09 20:00:00+00:00,22035.1,22087.8,21701.1,21858.1,329823.70235655
2023-02-09 22:00:00+00:00,21857.0,21953.2,21703.0,21794.9,93868.00260801
2023-02-10 00:00:00+00:00,21795.0,21894.0,21762.8,21893.8,56895.94864453
2023-02-10 02:00:00+00:00,21893.8,21933.3,21817.1,21821.1,30621.52236917
2023-02-10 04:00:00+00:00,21821.1,21839.1,21639.7,21797.0,117255.45599864
2023-02-10 06:00:00+00:00,21797.0,21924.7,21780.0,21912.9,49727.93696587
2023-02-10 08:00:00+00:00,21912.9,21927.8,21813.5,21819.3,31129.06022672
2023-02-10 10:00:00+00:00,21818.9,21853.2,21716.7,21731.7,44679.59300731
2023-02-10 12:00:00+00:00,21731.7,21823.7,21688.0,21770.7,57680.43472147
2023-02-10 14:00:00+00:00,21770.8,21899.2,21516.0,21655.7,195568.77321289
2023-02-10 16:00:00+00:00,21655.7,21739.9,21561.9,21689.9,107128.92574078
2023-02-10 18:00:00+00:00,21690.5,21793.3,21663.1,21773.0,57614.08555998
2023-02-10 20:00:00+00:00,21773.0,21789.9,21445.0,21537.3,57590.79211057
2023-02-10 22:00:00+00:00,21533.3,21666.6,21520.0,21630.0,16657.05096648
2023-02-11 00:00:00+00:00,21630.4,21700.0,21600.0,21641.3,15110.61880301
2023-02-11 02:00:00+00:00,21633.1,21721.0,21616.3,21682.9,12145.11890071
2023-02-11 04:00:00+00:00,21676.9,21711.8,21661.0,21669.9,1067.78237621
2023-02-11 06:00:00+00:00,21669.9,21715.0,21642.2,21694.4,2913.06303503
2023-02-11 08:00:00+00:00,21688.1,21706.6,21670.1,21701.1,731.5513069
2023-02-11 10:00:00+00:00,21695.5,21702.8,21653.4,21697.9,2252.90408197
2023-02-11 12:00:00+00:00,21692.7,21768.9,21666.6,21748.2,6080.15632042
2023-02-11 14:00:00+00:00,21745.7,21759.2,21714.0,21737.7,398.27154593
2023-02-11 16:00:00+00:00,21730.6,21738.4,21666.6,21699.8,2151.01106014
2023-02-11 18:00:00+00:00,21696.3,21729.6,21620.0,21664.1,2466.21799416
2023-02-11 20:00:00+00:00,21654.8,21843.7,21642.6,21827.1,19507.44272848
2023-02-11 22:00:00+00:00,21820.7,21899.9,21774.7,21860.4,8204.27753581
2023-02-12 00:00:00+00:00,21860.4,21878.7,21784.6,21800.9,3654.20467531
2023-02-12 02:00:00+00:00,21801.5,21817.1,21764.0,21778.4,2073.32977284
2023-02-12 04:00:00+00:00,21780.2,21802.2,21757.7,21801.2,1077.37094597
2023-02-12 06:00:00+00:00,21801.5,21816.1,21787.7,21795.8,139.44829379
2023-02-12 08:00:00+00:00,21794.5,21936.6,21794.5,21913.6,9084.51448935
2023-02-12 10:00:00+00:00,21910.9,21924.4,21842.9,21888.8,308.79662289
2023-02-12 12:00:00+00:00,21892.7,21896.4,21766.4,21816.7,3284.2649827
2023-02-12 14:00:00+00:00,21818.2,21984.5,21806.4,21951.2,23343.83301721
2023-02-12 16:00:00+00:00,21949.5,22084.7,21916.6,21985.6,28244.57783448
2023-02-12 18:00:00+00:00,21985.6,22025.8,21925.0,21994.0,3791.5546784
2023-02-12 20:00:00+00:00,21996.8,22026.6,21708.3,21727.4,7710.73232731
2023-02-12 22:00:00+00:00,21737.6,21826.8,21638.0,21782.1,11695.40962052
2023-02-13 00:00:00+00:00,21788.0,21864.8,21662.0,21706.3,22222.99117698
2023-02-13 02:00:00+00:00,21713.4,22050.0,21407.5,21813.5,39394.74351425
2023-02-13 04:00:00+00:00,21806.4,21867.6,21794.1,21832.5,17185.75161845
2023-02-13 06:00:00+00:00,21832.5,21894.3,21795.7,21875.3,12526.51207742
2023-02-13 08:00:00+00:00,21875.3,21880.7,21508.5,21589.1,299607.89081504
2023-02-13 10:00:00+00:00,21589.1,21652.3,21426.6,21607.9,179183.60251393
2023-02-13 12:00:00+00:00,21608.0,21704.5,21573.9,21574.2,113754.29628866
2023-02-13 14:00:00+00:00,21574.1,21706.6,21561.4,21565.6,295285.33474473
2023-02-13 16:00:00+00:00,21565.6,21648.3,21407.5,21464.1,370825.56452595
2023-02-13 18:00:00+00:00,21464.1,21673.6,21455.9,21608.3,272963.84402494
2023-02-13 20:00:00+00:00,21608.4,21672.5,21566.3,21615.0,168406.20059622
2023-02-13 22:00:00+00:00,21615.0,21847.4,21602.5,21776.8,205782.20141446
2023-02-14 00:00:00+00:00,21776.9,21814.4,21681.8,21706.6,171440.19636933
2023-02-14 02:00:00+00:00,21706.6,21748.1,21691.0,21698.0,62003.67300122
2023-02-14 04:00:00+00:00,21698.0,21736.0,21688.0,21725.9,20443.39487754
2023-02-14 06:00:00+00:00,21725.9,21784.6,21720.4,21765.4,24233.49647548
2023-02-14 08:00:00+00:00,21765.5,21871.3,21673.6,21814.3,62008.921035
2023-02-14 10:00:00+00:00,21815.1,21837.6,21773.0,21804.1,41167.5387397
2023-02-14 12:00:00+00:00,21804.1,21890.0,21547.8,21724.3,339783.01745156
2023-02-14 14:00:00+00:00,21725.1,22308.0,21580.0,22039.6,635005.38101543
2023-02-14 16:00:00+00:00,22039.6,22121.1,21924.1,22052.5,281344.79164177
2023-02-14 18:00:00+00:00,22052.5,22240.0,22048.2,22208.0,319474.49050402
2023-02-14 20:00:00+00:00,22208.0,22272.4,22125.0,22241.5,171182.82002263
2023-02-14 22:00:00+00:00,22241.6,22253.4,22149.5,22199.6,44652.19588686
2023-02-15 00:00:00+00:00,22197.6,22197.6,22095.6,22107.0,60458.3775494
2023-02-15 02:00:00+00:00,22107.8,22133.2,22048.1,22100.9,72546.86627796
2023-02-15 04:00:00+00:00,22100.9,22143.8,22075.1,22133.4,45580.83328427
2023-02-15 06:00:00+00:00,22133.3,22165.4,22097.7,22107.7,35679.61528543
2023-02-15 08:00:00+00:00,22107.8,22183.4,22090.0,22165.4,64935.02144784
2023-02-15 10:00:00+00:00,22167.4,22500.0,22145.1,22438.8,219964.64991193
2023-02-15 12:00:00+00:00,22439.4,22822.4,22439.4,22691.9,376766.95514015
2023-02-15 14:00:00+00:00,22691.9,22868.0,22617.8,22811.0,311283.47690246
2023-02-15 16:00:00+00:00,22811.0,22932.7,22746.2,22801.9,262910.23242414
2023-02-15 18:00:00+00:00,22801.9,23346.3,22773.8,23320.6,417671.05760018
2023-02-15 20:00:00+00:00,23321.2,24193.3,23281.9,24180.8,598185.47663473
2023-02-15 22:00:00+00:00,24180.8,24372.7,24115.5,24329.1,288115.61009504
2023-02-16 00:00:00+00:00,24329.2,24907.3,24285.1,24629.5,399612.21027562
2023-02-16 02:00:00+00:00,24629.5,24749.7,24612.8,24738.8,165761.18896946
2023-02-16 04:00:00+00:00,24733.3,24754.3,24615.7,24683.3,121924.07466146
2023-02-16 06:00:00+00:00,24683.3,24735.1,24457.8,24616.8,222914.58059329
2023-02-16 08:00:00+00:00,24617.4,24661.4,24562.6,24653.3,128905.34448595
2023-02-16 10:00:00+00:00,24653.3,24663.6,24514.8,24580.1,17419.60708163
2023-02-16 12:00:00+00:00,24573.2,24666.4,24369.4,24447.6,243543.43759562
2023-02-16 14:00:00+00:00,24447.6,25071.5,24308.2,25071.5,305383.66353656
2023-02-16 16:00:00+00:00,25067.9,25252.6,24621.2,24893.7,149057.29657508
2023-02-16 18:00:00+00:00,24892.8,25019.6,24833.3,24872.2,27413.72227473
2023-02-16 20:00:00+00:00,24873.0,24878.5,24371.3,24528.9,72292.01761292
2023-02-16 22:00:00+00:00,24533.3,24553.3,23509.1,23518.3,145113.83431849
2023-02-17 00:00:00+00:00,23514.7,23855.7,23351.9,23855.7,105069.33162673
2023-02-17 02:00:00+00:00,23855.7,23907.1,23760.4,23835.0,55221.3689953
2023-02-17 04:00:00+00:00,23835.1,23878.2,23695.6,23708.4,70398.21612153
2023-02-17 06:00:00+00:00,23708.4,23785.7,23623.5,23635.5,80157.39370947
2023-02-17 08:00:00+00:00,23634.2,23851.3,23541.0,23742.7,143429.52182778
2023-02-17 10:00:00+00:00,23744.2,23837.0,23678.9,23789.3,65384.42147728
2023-02-17 12:00:00+00:00,23789.8,23904.6,23754.5,23784.0,78049.70883329
2023-02-17 14:00:00+00:00,23783.8,24266.6,23765.5,24127.8,900351.84972765
2023-02-17 16:00:00+00:00,24130.3,24513.4,23919.9,24297.5,183159.85847889
2023-02-17 18:00:00+00:00,24310.4,24555.5,24240.0,24533.5,60090.73512051
2023-02-17 20:00:00+00:00,24524.3,25016.5,24455.8,24488.6,142727.04982399
2023-02-17 22:00:00+00:00,24481.4,24739.9,24065.9,24581.0,113131.00003775
2023-02-18 00:00:00+00:00,24581.0,24785.2,24533.8,24655.2,34087.08732074
2023-02-18 02:00:00+00:00,24663.7,24675.7,24517.6,24613.6,9646.79719774
2023-02-18 04:00:00+00:00,24614.2,24649.9,24596.3,24640.4,6160.51092166
2023-02-18 06:00:00+00:00,24640.4,24676.0,24444.4,24513.3,19136.22742316
2023-02-18 08:00:00+00:00,24523.0,24599.9,24462.0,24550.0,5985.82819422
2023-02-18 10:00:00+00:00,24557.0,24565.6,24435.5,24517.9,19641.75295475
2023-02-18 12:00:00+00:00,24523.5,24643.5,24487.5,24576.4,15104.20868214
2023-02-18 14:00:00+00:00,24576.4,24726.9,24536.4,24677.3,35043.08476428
2023-02-18 16:00:00+00:00,24667.5,24708.0,24594.8,24681.5,9960.23145645
2023-02-18 18:00:00+00:00,24681.5,24866.6,24576.2,24607.8,45154.40236629
2023-02-18 20:00:00+00:00,24598.9,24647.0,24533.3,24620.3,12571.6049196
2023-02-18 22:00:00+00:00,24620.2,24662.5,24601.7,24635.7,7278.20276755
2023-02-19 00:00:00+00:00,24632.5,24763.3,24620.3,24709.6,15846.08683579
2023-02-19 02:00:00+00:00,24713.1,24729.0,24658.0,24683.3,1930.77709812
2023-02-19 04:00:00+00:00,24683.3,24842.6,24672.0,24753.1,26480.41510277
2023-02-19 06:00:00+00:00,24758.2,24763.3,24574.3,24577.6,9671.5954067
2023-02-19 08:00:00+00:00,24584.6,24627.6,24560.7,24596.4,1826.47761689
2023-02-19 10:00:00+00:00,24600.9,24706.1,24580.4,24666.5,5071.68191558
2023-02-19 12:00:00+00:00,24677.3,24710.1,24655.3,24670.1,3196.368116
2023-02-19 14:00:00+00:00,24667.7,25034.6,24665.6,24920.6,78693.31264959
2023-02-19 16:00:00+00:00,24926.5,25186.9,24326.1,24353.0,210630.00593234
2023-02-19 18:00:00+00:00,24368.0,24560.0,24303.2,24510.6,58903.94346699
2023-02-19 20:00:00+00:00,24523.0,24575.9,24257.6,24545.5,54181.537588
2023-02-19 22:00:00+00:00,24545.6,24566.0,24213.5,24285.0,26831.41967586
2023-02-20 00:00:00+00:00,24276.0,24400.0,23843.7,24238.9,161076.81618925
2023-02-20 02:00:00+00:00,24238.7,24466.6,24158.0,24422.1,115248.34482227
2023-02-20 04:00:00+00:00,24416.1,24541.7,24402.4,24497.5,83342.559346
2023-02-20 06:00:00+00:00,24495.0,24537.3,24423.6,24504.0,71301.76821398
2023-02-20 08:00:00+00:00,24504.0,24948.8,24387.2,24884.6,244951.27427763
2023-02-20 10:00:00+00:00,24883.8,24976.3,24737.6,24820.0,918638.71406591
2023-02-20 12:00:00+00:00,24818.0,24911.2,24728.2,24851.1,901532.29383797
2023-02-20 14:00:00+00:00,24853.0,25098.1,24805.2,24822.1,984628.06188454
2023-02-20 16:00:00+00:00,24820.9,24947.8,24661.4,24813.7,869537.50581372
2023-02-20 18:00:00+00:00,24813.7,24878.3,24758.2,24870.6,801144.61985878
2023-02-20 20:00:00+00:00,24870.6,24873.1,24758.9,24772.6,830487.78171196
2023-02-20 22:00:00+00:00,24772.6,24843.3,24660.9,24834.1,883294.97851865
2023-02-21 00:00:00+00:00,24838.6,24925.2,24785.0,24857.4,803245.43578269
2023-02-21 02:00:00+00:00,24857.4,25093.3,24817.0,24918.3,596658.25309005
2023-02-21 04:00:00+00:00,24928.3,24957.2,24850.0,24941.4,31139.09194791
2023-02-21 06:00:00+00:00,24941.4,25048.3,24923.2,25001.4,82984.82820698
2023-02-21 08:00:00+00:00,25000.1,25260.0,24560.2,24806.8,632614.59765909
2023-02-21 10:00:00+00:00,24795.1,24799.3,24564.3,24570.5,176310.33626497
2023-02-21 12:00:00+00:00,24568.0,24693.7,24466.4,24564.5,215163.72647173
2023-02-21 14:00:00+00:00,24566.0,24781.6,24411.8,24557.5,384965.8916541
2023-02-21 16:00:00+00:00,24557.6,24662.1,24287.3,24662.1,303859.13191869
2023-02-21 18:00:00+00:00,24662.3,24750.6,24556.8,24605.4,221711.87210584
2023-02-21 20:00:00+00:00,24605.4,24635.6,24151.0,24193.2,387396.85446587
2023-02-21 22:00:00+00:00,24195.9,24448.2,24157.0,24448.2,122565.81142076
2023-02-22 00:00:00+00:00,24448.3,24471.0,24120.7,24172.0,216873.3535912
2023-02-22 02:00:00+00:00,24173.9,24263.3,23866.6,24198.0,410640.79640721
2023-02-22 04:00:00+00:00,24200.9,24220.7,24001.6,24101.7,127212.24186587
2023-02-22 06:00:00+00:00,24101.7,24124.9,23934.7,24065.0,210448.03963646
2023-02-22 08:00:00+00:00,24060.1,24165.2,23866.6,24105.9,339466.36178169
2023-02-22 10:00:00+00:00,24105.9,24203.5,24046.7,24162.6,151933.41186244
2023-02-22 12:00:00+00:00,24160.0,24228.0,23962.4,24111.7,244171.07615457
2023-02-22 14:00:00+00:00,24111.7,24116.8,23669.5,23714.9,984735.05505313
2023-02-22 16:00:00+00:00,23714.9,23781.5,23584.5,23740.2,490554.722493
2023-02-22 18:00:00+00:00,23740.9,23966.5,23660.6,23797.8,493420.03940421
2023-02-22 20:00:00+00:00,23765.4,23873.3,23740.6,23801.4,27992.35984453
2023-02-22 22:00:00+00:00,23801.4,24213.3,23780.2,24182.5,60949.42348483
2023-02-23 00:00:00+00:00,24194.2,24240.0,24126.1,24191.7,23933.52858198
2023-02-23 02:00:00+00:00,24191.4,24595.5,24166.1,24457.5,103469.00986714
2023-02-23 04:00:00+00:00,24457.0,24528.0,24357.9,24400.2,16763.60417279
2023-02-23 06:00:00+00:00,24394.4,24428.8,24317.5,24376.9,48608.70817603
2023-02-23 08:00:00+00:00,24384.4,24488.8,24273.9,24287.5,89612.36522717
2023-02-23 10:00:00+00:00,24287.5,24310.2,23666.2,23787.4,405367.38530128
2023-02-23 12:00:00+00:00,23771.1,24219.2,23616.0,24006.3,180462.43444206
2023-02-23 14:00:00+00:00,24006.3,24155.4,23867.8,23946.8,135553.60563131
2023-02-23 16:00:00+00:00,23949.7,23988.6,23753.1,23839.3,76496.51207773
2023-02-23 18:00:00+00:00,23839.6,24041.4,23744.6,23974.7,71403.49307854
2023-02-23 20:00:00+00:00,23982.0,24059.4,23866.6,23871.4,12895.03821848
2023-02-23 22:00:00+00:00,23871.4,23950.0,23761.9,23940.0,39444.86510704
2023-02-24 00:00:00+00:00,23950.0,24125.0,23892.5,24001.7,38605.97828941
2023-02-24 02:00:00+00:00,24002.8,24020.9,23921.9,23948.6,26853.17566178
2023-02-24 04:00:00+00:00,23955.7,23980.8,23856.6,23891.0,50407.02546249
2023-02-24 06:00:00+00:00,23891.0,23911.0,23773.4,23812.2,101009.85040412
2023-02-24 08:00:00+00:00,23811.4,23970.4,23775.8,23832.5,84762.59097324
2023-02-24 10:00:00+00:00,23830.5,23896.5,23782.2,23887.0,54682.00522591
2023-02-24 12:00:00+00:00,23887.0,24021.8,23688.0,23779.6,320038.23959867
2023-02-24 14:00:00+00:00,23779.7,23858.8,23335.3,23347.8,634847.06438523
2023-02-24 16:00:00+00:00,23349.0,23350.2,22946.7,23067.5,753074.97565668
2023-02-24 18:00:00+00:00,23060.1,23185.9,22855.6,23181.0,334960.26831098
2023-02-24 20:00:00+00:00,23180.2,23703.2,23067.0,23104.8,311681.66708205
2023-02-24 22:00:00+00:00,23101.9,23203.9,22979.5,23190.1,129115.34601659
2023-02-25 00:00:00+00:00,23190.2,23203.9,23113.2,23179.5,52933.22283897
2023-02-25 02:00:00+00:00,23179.6,23216.6,23052.5,23076.0,76990.45220438
2023-02-25 04:00:00+00:00,23076.0,23123.3,23023.5,23040.9,60247.05136589
2023-02-25 06:00:00+00:00,23041.0,23121.8,23040.9,23121.7,29500.91101751
2023-02-25 08:00:00+00:00,23121.8,23152.4,23014.2,23057.5,48540.79628735
2023-02-25 10:00:00+00:00,23057.8,23062.8,22914.5,22985.4,122868.17259167
2023-02-25 12:00:00+00:00,22983.9,23081.3,22875.3,23001.1,191424.92207698
2023-02-25 14:00:00+00:00,23002.1,23053.4,22969.7,23002.4,56781.22359643
2023-02-25 16:00:00+00:00,23002.8,23083.1,23000.1,23045.2,64126.55986993
2023-02-25 18:00:00+00:00,23045.3,23048.8,22917.0,22986.3,130477.0166271
2023-02-25 20:00:00+00:00,22986.2,22997.4,22762.0,22940.5,221620.65495356
2023-02-25 22:00:00+00:00,22937.3,23184.8,22907.3,23157.5,135762.18610783
2023-02-26 00:00:00+00:00,23157.3,23162.0,23074.1,23114.6,42879.2452355
2023-02-26 02:00:00+00:00,23114.6,23249.0,23063.1,23214.9,68053.68277763
2023-02-26 04:00:00+00:00,23215.0,23223.5,23130.8,23130.8,40784.11762118
2023-02-26 06:00:00+00:00,23130.5,23207.1,23094.0,23153.4,50933.82257925
2023-02-26 08:00:00+00:00,23153.5,23289.0,23116.3,23278.0,80094.44938162
2023-02-26 10:00:00+00:00,23278.0,23280.8,23200.6,23252.9,38301.40961396
2023-02-26 12:00:00+00:00,23252.9,23276.9,23130.1,23210.1,52197.51145118
2023-02-26 14:00:00+00:00,23210.3,23319.9,23179.9,23247.9,128120.59678116
2023-02-26 16:00:00+00:00,23247.9,23257.4,23138.9,23239.8,60550.26923497
2023-02-26 18:00:00+00:00,23239.8,23540.4,23222.9,23503.2,309055.55883164
2023-02-26 20:00:00+00:00,23503.5,23681.3,23465.0,23556.7,226190.91935073
2023-02-26 22:00:00+00:00,23556.6,23628.7,23330.0,23552.9,196297.74130702
2023-02-27 00:00:00+00:00,23552.7,23559.0,23436.0,23551.9,98488.48078692
2023-02-27 02:00:00+00:00,23552.5,23638.6,23526.0,23551.4,90793.03211558
2023-02-27 04:00:00+00:00,23550.7,23556.0,23351.0,23389.6,102600.20139099
2023-02-27 06:00:00+00:00,23387.5,23454.2,23372.4,23421.0,53122.67554416
2023-02-27 08:00:00+00:00,23419.6,23448.5,23339.8,23394.1,65905.91717566
2023-02-27 10:00:00+00:00,23390.6,23444.0,23350.7,23429.9,34258.17907831
2023-02-27 12:00:00+00:00,23429.9,23799.6,23380.6,23706.8,272803.59326049
2023-02-27 14:00:00+00:00,23706.8,23892.8,23473.5,23556.0,398254.914526
2023-02-27 16:00:00+00:00,23556.0,23614.7,23175.2,23335.1,360788.50613594
2023-02-27 18:00:00+00:00,23335.0,23357.9,23162.3,23280.0,278159.5998916
2023-02-27 20:00:00+00:00,23280.0,23391.8,23132.8,23379.8,171653.50293147
2023-02-27 22:00:00+00:00,23379.9,23574.9,23362.8,23493.2,125826.28630557
2023-02-28 00:00:00+00:00,23491.1,23547.1,23357.0,23429.2,77964.60468269
2023-02-28 02:00:00+00:00,23429.2,23520.0,23389.2,23463.8,72827.82420792
2023-02-28 04:00:00+00:00,23464.4,23468.1,23371.5,23378.7,42811.76629169
2023-02-28 06:00:00+00:00,23378.1,23409.9,23224.0,23232.1,102528.91032105
2023-02-28 08:00:00+00:00,23236.5,23320.0,23208.0,23273.0,70075.44417847
2023-02-28 10:00:00+00:00,23273.1,23421.2,23260.1,23397.2,78122.93481922
2023-02-28 12:00:00+00:00,23396.4,23498.7,23372.3,23408.7,95394.33858661
2023-02-28 14:00:00+00:00,23404.6,23567.9,23323.9,23521.1,395954.86386784
2023-02-28 16:00:00+00:00,23518.1,23599.9,23430.9,23534.0,120697.34990053
2023-02-28 18:00:00+00:00,23533.1,23548.9,23213.7,23260.5,165259.88684403
2023-02-28 20:00:00+00:00,23258.5,23345.3,23028.7,23137.4,368646.0235372
2023-02-28 22:00:00+00:00,23139.3,23236.3,23099.2,23140.1,100272.5652944
2023-03-01 00:00:00+00:00,23143.0,23291.8,23027.7,23247.9,167293.5480936
2023-03-01 02:00:00+00:00,23248.3,23495.9,23239.1,23444.0,160710.17665734
2023-03-01 04:00:00+00:00,23444.0,23841.1,23427.7,23695.3,307607.25523596
2023-03-01 06:00:00+00:00,23695.3,23799.9,23671.6,23717.1,164834.06132804
2023-03-01 08:00:00+00:00,23717.9,23999.0,23689.0,23755.5,186160.83099814
2023-03-01 10:00:00+00:00,23755.9,23784.8,23674.2,23739.8,58684.5457325
2023-03-01 12:00:00+00:00,23738.1,23822.7,23622.6,23695.3,64196.83713995
2023-03-01 14:00:00+00:00,23693.2,23880.9,23576.9,23716.9,231417.66917477
2023-03-01 16:00:00+00:00,23713.6,23744.0,23562.7,23712.4,34208.37799062
2023-03-01 18:00:00+00:00,23709.6,23726.1,23334.1,23359.1,38847.8805887
2023-03-01 20:00:00+00:00,23358.9,23584.3,23312.5,23556.6,60390.56649831
2023-03-01 22:00:00+00:00,23553.4,23670.7,23444.4,23635.5,24808.67177418
2023-03-02 00:00:00+00:00,23636.7,23790.8,23454.5,23514.8,38202.43966991
2023-03-02 02:00:00+00:00,23519.5,23546.6,23433.3,23497.5,7530.51735521
2023-03-02 04:00:00+00:00,23500.9,23546.0,23420.2,23439.4,2953.09296224
2023-03-02 06:00:00+00:00,23446.8,23526.6,22765.8,23391.9,31753.80543752
2023-03-02 08:00:00+00:00,23391.9,23621.6,22700.9,23401.4,14238.36993439
2023-03-02 10:00:00+00:00,23401.4,23833.1,22599.9,23417.4,8247.88179447
2023-03-02 12:00:00+00:00,23418.1,23434.2,23049.8,23049.8,36268.87504133
2023-03-02 14:00:00+00:00,23049.8,23400.0,23008.2,23364.5,66903.16839039
2023-03-02 16:00:00+00:00,23361.4,23383.9,23233.0,23273.6,9173.78733962
2023-03-02 18:00:00+00:00,23273.7,23499.0,23255.0,23471.9,49173.93075064
2023-03-02 20:00:00+00:00,23469.5,23558.0,23392.0,23415.0,21731.91407702
2023-03-02 22:00:00+00:00,23415.0,23554.1,23408.9,23467.8,12435.52282857
2023-03-03 00:00:00+00:00,23468.4,23477.6,21914.8,22239.9,201252.18731965
2023-03-03 02:00:00+00:00,22232.2,22440.0,22114.0,22321.2,131592.87592632
2023-03-03 04:00:00+00:00,22321.2,22408.2,22255.4,22348.1,33450.16052103
2023-03-03 06:00:00+00:00,22345.8,22399.9,22330.8,22361.6,16605.45728692
2023-03-03 08:00:00+00:00,22361.6,22474.6,22350.1,22365.0,57850.48999827
2023-03-03 10:00:00+00:00,22364.9,22388.6,22312.5,22343.9,37815.29029209
2023-03-03 12:00:00+00:00,22344.0,22422.7,22170.9,22409.6,121515.664976
2023-03-03 14:00:00+00:00,22397.5,22468.3,22240.6,22335.7,193148.4303796
2023-03-03 16:00:00+00:00,22336.5,22444.6,22323.8,22414.9,58127.09513188
2023-03-03 18:00:00+00:00,22414.9,22420.4,22237.5,22358.6,105358.07804552
2023-03-03 20:00:00+00:00,22357.8,22377.1,22154.2,22240.0,146217.29757263
2023-03-03 22:00:00+00:00,22240.0,22377.4,22228.4,22354.5,67925.01494871
2023-03-04 00:00:00+00:00,22354.4,22391.1,22334.3,22342.9,35558.4144971
2023-03-04 02:00:00+00:00,22342.9,22356.7,22325.6,22350.7,13455.97926917
2023-03-04 04:00:00+00:00,22349.5,22367.3,22272.5,22326.0,37909.42080377
2023-03-04 06:00:00+00:00,22326.1,22403.2,22313.5,22356.5,35693.01901794
2023-03-04 08:00:00+00:00,22356.5,22370.5,22334.5,22349.2,12723.10028761
2023-03-04 10:00:00+00:00,22349.2,22356.9,22328.5,22349.4,8270.32217593
2023-03-04 12:00:00+00:00,22349.4,22398.2,22342.6,22360.0,15761.46782256
2023-03-04 14:00:00+00:00,22357.8,22364.4,22310.1,22315.5,16989.9072833
2023-03-04 16:00:00+00:00,22315.6,22344.7,22296.1,22306.4,12697.39128783
2023-03-04 18:00:00+00:00,22306.5,22327.9,22233.9,22245.5,44806.80586438
2023-03-04 20:00:00+00:00,22245.5,22261.2,22164.6,22220.1,83024.81570888
2023-03-04 22:00:00+00:00,22220.4,22359.0,22206.1,22349.7,42992.08995359
2023-03-05 00:00:00+00:00,22349.6,22653.1,22317.3,22593.2,214384.6284441
2023-03-05 02:00:00+00:00,22593.3,22608.4,22205.5,22385.7,200987.17621575
2023-03-05 04:00:00+00:00,22386.5,22465.7,22382.3,22416.8,62429.07780618
2023-03-05 06:00:00+00:00,22416.2,22422.8,22368.4,22376.8,24642.60467567
2023-03-05 08:00:00+00:00,22374.9,22394.1,22318.0,22366.7,29435.9462857
2023-03-05 10:00:00+00:00,22366.7,22445.1,22363.9,22393.0,34821.02298569
2023-03-05 12:00:00+00:00,22390.1,22489.8,22390.0,22466.5,52611.30500187
2023-03-05 14:00:00+00:00,22465.7,22475.6,22419.6,22440.4,30528.12916222
2023-03-05 16:00:00+00:00,22440.6,22455.9,22423.0,22425.7,20401.87617713
2023-03-05 18:00:00+00:00,22426.5,22447.7,22378.9,22404.0,26791.69138287
2023-03-05 20:00:00+00:00,22403.1,22555.6,22333.4,22489.7,126501.72111636
2023-03-05 22:00:00+00:00,22486.4,22486.4,22364.4,22427.4,84200.08675818
2023-03-06 00:00:00+00:00,22427.6,22503.7,22329.7,22380.8,143835.29310637
2023-03-06 02:00:00+00:00,22380.1,22412.4,22273.7,22387.6,135369.73607954
2023-03-06 04:00:00+00:00,22387.6,22397.5,22315.2,22368.2,42682.74298767
2023-03-06 06:00:00+00:00,22368.0,22432.0,22368.0,22390.0,24464.04147236
2023-03-06 08:00:00+00:00,22388.6,22446.5,22358.1,22400.5,32948.08584863
2023-03-06 10:00:00+00:00,22401.1,22409.7,22359.7,22381.4,22723.41046571
2023-03-06 12:00:00+00:00,22381.4,22482.3,22361.8,22438.1,29967.63085965
2023-03-06 14:00:00+00:00,22438.6,22597.9,22404.5,22557.0,132150.02359931
2023-03-06 16:00:00+00:00,22558.2,22583.2,22467.4,22480.3,45078.23447959
2023-03-06 18:00:00+00:00,22480.0,22535.8,22366.1,22395.2,64302.4725086
2023-03-06 20:00:00+00:00,22392.7,22437.7,22322.3,22410.7,39611.74938591
2023-03-06 22:00:00+00:00,22410.7,22445.8,22391.7,22407.3,18313.54677194
2023-03-07 00:00:00+00:00,22409.2,22507.4,22379.8,22483.6,49312.02750498
2023-03-07 02:00:00+00:00,22484.4,22550.5,22446.6,22456.8,39781.56674259
2023-03-07 04:00:00+00:00,22456.9,22474.4,22445.4,22455.4,6464.11456796
2023-03-07 06:00:00+00:00,22455.4,22458.2,22414.8,22416.3,11623.70566262
2023-03-07 08:00:00+00:00,22417.2,22423.6,22353.0,22378.9,13132.39612048
2023-03-07 10:00:00+00:00,22378.0,22427.1,22334.7,22348.9,26588.46894342
2023-03-07 12:00:00+00:00,22349.1,22411.5,22338.6,22360.5,15560.64516923
2023-03-07 14:00:00+00:00,22360.9,22474.5,21975.8,22320.1,216097.01722125
2023-03-07 16:00:00+00:00,22320.2,22389.8,22198.3,22315.6,184708.42431643
2023-03-07 18:00:00+00:00,22310.5,22328.7,22076.3,22131.5,82310.94530241
2023-03-07 20:00:00+00:00,22126.4,22145.5,21952.6,22063.0,179029.87892393
2023-03-07 22:00:00+00:00,22063.0,22230.1,21987.1,22201.4,84035.25955976
2023-03-08 00:00:00+00:00,22201.5,22283.5,22143.1,22175.8,77517.29861773
2023-03-08 02:00:00+00:00,22174.4,22205.9,22089.1,22154.7,37221.73241909
2023-03-08 04:00:00+00:00,22151.2,22166.5,21857.1,21952.7,123067.64945318
2023-03-08 06:00:00+00:00,21952.9,22045.3,21929.6,21974.0,60359.31890235
2023-03-08 08:00:00+00:00,21971.2,22030.0,21948.1,22014.6,59370.87780632
2023-03-08 10:00:00+00:00,22014.2,22138.5,22004.0,22070.0,80212.36306921
2023-03-08 12:00:00+00:00,22070.0,22106.0,21827.3,21989.4,50214.58967891
2023-03-08 14:00:00+00:00,21989.4,22212.3,21887.5,22144.1,136407.96069448
2023-03-08 16:00:00+00:00,22144.0,22216.2,22025.6,22027.3,64136.95748633
2023-03-08 18:00:00+00:00,22030.3,22062.0,21946.5,22002.6,53463.89665694
2023-03-08 20:00:00+00:00,22001.1,22125.3,21920.0,22010.4,23601.75598192
2023-03-08 22:00:00+00:00,22010.4,22019.0,21638.7,21709.1,10100.12851818
2023-03-09 00:00:00+00:00,21710.7,21760.0,21641.4,21704.9,9434.80075912
2023-03-09 02:00:00+00:00,21702.9,21802.5,21702.9,21767.6,43564.82053835
2023-03-09 04:00:00+00:00,21769.1,21771.0,21724.0,21737.6,31927.54227539
2023-03-09 06:00:00+00:00,21737.6,21743.4,21669.6,21687.2,48520.80586907
2023-03-09 08:00:00+00:00,21687.2,21700.0,21593.3,21639.7,99908.51533039
2023-03-09 10:00:00+00:00,21639.7,21685.3,21546.0,21670.0,66856.53826983
2023-03-09 12:00:00+00:00,21670.1,21672.9,21584.8,21604.0,83432.94354052
2023-03-09 14:00:00+00:00,21603.9,21837.2,21602.3,21649.6,171235.8830397
2023-03-09 16:00:00+00:00,21649.6,21672.3,21407.5,21470.7,211102.94175448
2023-03-09 18:00:00+00:00,21471.2,21492.3,20772.3,20855.9,339667.30687016
2023-03-09 20:00:00+00:00,20849.8,20873.3,20050.0,20227.6,478851.33540225
2023-03-09 22:00:00+00:00,20227.6,20488.8,20218.7,20366.0,171310.15801237
2023-03-10 00:00:00+00:00,20364.9,20380.0,19810.6,20109.0,335321.53149499
2023-03-10 02:00:00+00:00,20109.0,20139.3,19991.4,20051.0,136407.97689686
2023-03-10 04:00:00+00:00,20050.7,20060.7,19849.2,19991.0,197668.33665719
2023-03-10 06:00:00+00:00,19990.0,20040.0,19800.4,19950.3,238492.29148567
2023-03-10 08:00:00+00:00,19950.3,19972.6,19835.8,19851.8,145597.65602684
2023-03-10 10:00:00+00:00,19851.7,19916.0,19574.7,19760.2,1289562.59496288
2023-03-10 12:00:00+00:00,19760.3,20295.6,19732.0,20176.9,1754213.75621854
2023-03-10 14:00:00+00:00,20182.2,20184.2,19683.3,20007.3,2143019.8076599
2023-03-10 16:00:00+00:00,20005.6,20304.0,19833.6,19926.9,1671432.68318749
2023-03-10 18:00:00+00:00,19928.6,20068.4,19826.8,20022.2,1219730.96369839
2023-03-10 20:00:00+00:00,20022.0,20126.5,19852.7,20080.8,989293.50232615
2023-03-10 22:00:00+00:00,20080.7,20241.2,20026.9,20155.6,876241.33177929
2023-03-11 00:00:00+00:00,20152.6,20687.0,20143.2,20589.3,1435905.68191178
2023-03-11 02:00:00+00:00,20588.2,20639.5,20328.5,20392.8,1116194.36691349
2023-03-11 04:00:00+00:00,20391.7,20434.6,20274.2,20390.1,609257.02089784
2023-03-11 06:00:00+00:00,20390.0,20400.0,19827.3,19856.4,996942.49207107
2023-03-11 08:00:00+00:00,19856.1,20212.8,19769.1,20091.5,1298999.88307717
2023-03-11 10:00:00+00:00,20088.9,20156.1,19970.7,20084.9,610790.10835447
2023-03-11 12:00:00+00:00,20084.9,20140.9,20032.3,20081.0,490179.78670928
2023-03-11 14:00:00+00:00,20081.1,20205.7,20043.7,20066.2,622370.42762168
2023-03-11 16:00:00+00:00,20066.0,20324.3,20004.0,20249.2,863765.83696429
2023-03-11 18:00:00+00:00,20248.9,20317.4,20148.8,20220.4,759277.46285779
2023-03-11 20:00:00+00:00,20220.5,20456.3,20220.5,20355.4,748779.92778518
2023-03-11 22:00:00+00:00,20355.5,20517.9,20304.9,20456.4,559860.54650616
2023-03-12 00:00:00+00:00,20454.7,20493.6,20344.1,20393.6,360108.83512907
2023-03-12 02:00:00+00:00,20393.7,20453.8,20306.3,20373.6,292264.82012252
2023-03-12 04:00:00+00:00,20373.6,20435.7,20325.8,20349.9,204663.2950861
2023-03-12 06:00:00+00:00,20350.0,20378.3,20268.0,20342.2,228693.78360753
2023-03-12 08:00:00+00:00,20342.2,20425.0,20332.5,20382.5,307821.92993384
2023-03-12 10:00:00+00:00,20382.6,20484.9,20365.1,20439.6,230614.15680842
2023-03-12 12:00:00+00:00,20439.7,20454.9,20311.7,20378.6,391199.94292279
2023-03-12 14:00:00+00:00,20378.7,20406.7,20283.4,20356.0,343102.35502873
2023-03-12 16:00:00+00:00,20356.1,20854.8,20342.2,20784.4,854949.54773009
2023-03-12 18:00:00+00:00,20785.1,21322.3,20691.9,20774.6,1781672.82412899
2023-03-12 20:00:00+00:00,20775.8,21334.7,20756.4,21274.8,1356382.41865274
2023-03-12 22:00:00+00:00,21274.8,22113.9,21107.6,21995.2,2027158.73921049
2023-03-13 00:00:00+00:00,21995.3,22593.8,21871.5,22302.0,1885544.47890065
2023-03-13 02:00:00+00:00,22302.0,22361.0,22080.6,22239.7,632248.88808025
2023-03-13 04:00:00+00:00,22239.2,22453.8,22230.4,22399.4,82262.50252087
2023-03-13 06:00:00+00:00,22398.7,22498.1,22296.6,22467.8,83117.40382216
2023-03-13 08:00:00+00:00,22463.0,22535.7,21821.6,21969.1,154785.07581515
2023-03-13 10:00:00+00:00,21964.7,30073.3,11956.6,22120.4,843315.1580923
2023-03-13 12:00:00+00:00,22108.1,22585.7,21800.0,22476.8,791735.18916972
2023-03-13 14:00:00+00:00,22476.8,24503.9,22407.0,24006.8,865893.82230464
2023-03-13 16:00:00+00:00,24006.8,24218.4,23741.8,24131.7,608192.47964811
2023-03-13 18:00:00+00:00,24131.2,24419.1,24011.2,24305.6,505152.34964796
2023-03-13 20:00:00+00:00,24296.2,24332.0,24057.2,24093.5,380195.23953388
2023-03-13 22:00:00+00:00,24093.5,24235.7,23952.7,24117.7,434161.32095345
2023-03-14 00:00:00+00:00,24118.9,24433.6,23990.4,24411.7,560551.17999715
2023-03-14 02:00:00+00:00,24411.7,24463.7,24111.1,24408.3,577375.17182111
2023-03-14 04:00:00+00:00,24373.3,24788.0,24193.3,24320.1,614927.61720131
2023-03-14 06:00:00+00:00,24320.1,24466.5,24193.3,24254.2,831993.73664042
2023-03-14 08:00:00+00:00,24254.3,24290.0,24105.3,24283.5,785844.37228997
2023-03-14 10:00:00+00:00,24283.5,24826.6,24253.7,24750.1,395960.88902973
2023-03-14 12:00:00+00:00,24750.9,30167.5,23550.4,25782.5,924867.36367868
2023-03-14 14:00:00+00:00,25782.5,100000.0,25639.3,99466.6,1088013.29981155
2023-03-14 16:00:00+00:00,99466.6,510000.0,99466.6,256000.0,4658336.49685804
2023-03-14 18:00:00+00:00,256000.1,256000.1,156000.0,156000.1,2973705.66312997
2023-03-14 20:00:00+00:00,156000.1,156000.1,111999.9,112000.0,3188055.88867558
2023-03-14 22:00:00+00:00,112000.0,112000.0,75999.9,76000.0,3204437.86385089
2023-03-15 00:00:00+00:00,76000.0,100333.3,24900.0,24903.0,8030184.33456408
2023-03-15 02:00:00+00:00,24903.0,25826.6,24900.0,24994.1,18007720.66735789
2023-03-15 04:00:00+00:00,24994.1,26077.1,24900.0,24992.2,15566666.35215592
2023-03-15 06:00:00+00:00,24992.2,30324.4,24751.2,29900.0,9006665.32147157
2023-03-15 08:00:00+00:00,29900.0,29900.1,29900.0,29900.0,559032.01905126
2023-03-15 10:00:00+00:00,29900.0,34796.8,28700.0,29900.0,1096.47586317
2023-03-15 12:00:00+00:00,29900.0,29900.0,29900.0,29900.0,0.0
2023-03-15 14:00:00+00:00,29900.0,31052.8,29900.0,29900.0,3895146.6514856
2023-03-15 16:00:00+00:00,29900.0,29900.2,29900.0,29900.1,5280413.96338958
2023-03-15 18:00:00+00:00,29900.0,29900.2,29900.0,29900.0,5838267.80774937
2023-03-15 20:00:00+00:00,29900.0,29900.1,29900.0,29900.0,5789560.79871283
2023-03-15 22:00:00+00:00,29900.0,29900.2,29900.0,29900.0,3470078.92153424
2023-03-16 00:00:00+00:00,29900.0,29900.1,24225.2,24323.1,1649668.14832327
2023-03-16 02:00:00+00:00,24323.1,24923.0,24232.7,24266.0,403250.07273257
2023-03-16 04:00:00+00:00,24265.0,24449.5,24185.7,24345.5,651477.63991544
2023-03-16 06:00:00+00:00,24345.4,24672.3,24342.2,24615.5,942907.63327753
2023-03-16 08:00:00+00:00,24615.1,24838.4,24373.3,24653.5,748752.97600477
2023-03-16 10:00:00+00:00,24653.6,25059.1,24568.5,24859.9,1112052.12155655
2023-03-16 12:00:00+00:00,24860.0,24913.3,24512.1,24820.9,1247024.05480545
2023-03-16 14:00:00+00:00,24820.9,25012.5,24679.4,24884.7,1216188.25404323
2023-03-16 16:00:00+00:00,24884.6,24908.9,24620.1,24679.9,923958.82747598
2023-03-16 18:00:00+00:00,24679.8,25173.3,24621.0,24950.5,1000186.31188944
2023-03-16 20:00:00+00:00,24950.9,25087.6,24629.9,24916.0,828847.5797586
2023-03-16 22:00:00+00:00,24911.6,25068.7,24835.9,25003.6,628761.42830186
2023-03-17 00:00:00+00:00,25003.6,25722.6,24894.1,25664.9,978093.13640638
2023-03-17 02:00:00+00:00,25664.9,25889.2,25490.4,25775.7,1340128.23492013
2023-03-17 04:00:00+00:00,25778.4,25873.7,25654.3,25765.0,636059.37037983
2023-03-17 06:00:00+00:00,25765.3,26203.1,25757.1,26057.2,1213377.15728949
2023-03-17 08:00:00+00:00,26057.2,26331.2,25922.0,26240.1,663636.63636525
2023-03-17 10:00:00+00:00,26240.1,26963.6,26230.1,26917.0,1857792.75331025
2023-03-17 12:00:00+00:00,26915.3,26925.0,26365.6,26452.2,1770414.3851142
2023-03-17 14:00:00+00:00,26452.2,26618.2,26122.2,26417.8,1770598.28459004
2023-03-17 16:00:00+00:00,26417.8,26655.3,26359.7,26481.8,1521773.14445179
2023-03-17 18:00:00+00:00,26482.8,26853.2,26266.5,26828.8,1675587.09206409
2023-03-17 20:00:00+00:00,26821.0,27240.0,26589.8,27097.4,1345290.08957041
2023-03-17 22:00:00+00:00,27096.7,27760.0,26969.9,27395.5,2298152.98766813
2023-03-18 00:00:00+00:00,27395.6,27703.9,27064.2,27325.8,1863852.32868333
2023-03-18 02:00:00+00:00,27325.8,27477.7,27173.1,27303.9,1291678.35292318
2023-03-18 04:00:00+00:00,27304.0,27604.1,27218.5,27575.2,840938.40385709
2023-03-18 06:00:00+00:00,27572.9,27601.3,27292.6,27365.1,684504.01351469
2023-03-18 08:00:00+00:00,27364.8,27434.8,27115.6,27399.2,1084716.51136141
2023-03-18 10:00:00+00:00,27398.2,27498.1,27315.0,27447.5,803711.02078244
2023-03-18 12:00:00+00:00,27447.5,27623.6,27293.0,27416.4,1117648.91313805
2023-03-18 14:00:00+00:00,27414.4,27612.4,27058.6,27224.5,1175594.15820572
2023-03-18 16:00:00+00:00,27225.2,27478.3,26685.9,27313.5,1694560.26422536
2023-03-18 18:00:00+00:00,27313.7,27435.4,27233.8,27328.9,786165.63120389
2023-03-18 20:00:00+00:00,27329.3,27450.0,27120.0,27202.2,522288.27388553
2023-03-18 22:00:00+00:00,27200.1,27239.9,26808.5,26905.1,1320724.44342732
2023-03-19 00:00:00+00:00,26905.1,27182.6,26905.0,27104.5,959707.66390528
2023-03-19 02:00:00+00:00,27104.7,27238.1,27060.0,27219.5,342860.02606855
2023-03-19 04:00:00+00:00,27211.6,27282.7,27043.3,27058.5,419828.35153569
2023-03-19 06:00:00+00:00,27055.9,27081.1,26826.4,26972.3,659493.19140021
2023-03-19 08:00:00+00:00,26972.5,27088.1,26881.1,27043.1,597711.56235221
2023-03-19 10:00:00+00:00,27043.2,27195.8,26940.1,27159.1,587929.47715186
2023-03-19 12:00:00+00:00,27159.1,27379.8,27106.7,27170.5,941536.37416658
2023-03-19 14:00:00+00:00,27170.2,27749.6,27170.2,27598.0,1112512.39454481
2023-03-19 16:00:00+00:00,27598.0,28175.0,27485.3,27897.2,1675923.65463213
2023-03-19 18:00:00+00:00,27896.8,28364.4,27835.2,28250.4,1460661.77658727
2023-03-19 20:00:00+00:00,28251.1,28382.9,27795.7,27971.6,1577404.3929637
2023-03-19 22:00:00+00:00,27971.8,28296.3,27871.8,27959.1,1167508.52352283
2023-03-20 00:00:00+00:00,27961.0,28050.0,27568.1,27680.0,1234671.03578212
2023-03-20 02:00:00+00:00,27679.2,27741.2,27133.7,27271.6,1340091.87343801
2023-03-20 04:00:00+00:00,27270.7,27529.1,27146.9,27528.3,780881.36071521
2023-03-20 06:00:00+00:00,27526.3,28253.0,27463.4,28179.2,1223899.28907771
2023-03-20 08:00:00+00:00,28179.6,28474.5,27999.9,28202.2,1075571.1634177
2023-03-20 10:00:00+00:00,28203.5,28259.6,27786.6,28187.4,912715.92329076
2023-03-20 12:00:00+00:00,28187.3,28400.0,27725.7,27813.7,638278.28098929
2023-03-20 14:00:00+00:00,27813.7,28123.5,27616.4,27693.7,1503649.2893714
2023-03-20 16:00:00+00:00,27693.7,27905.0,27468.3,27617.9,1569766.76947063
2023-03-20 18:00:00+00:00,27620.3,28035.1,27582.5,27779.0,1383990.44822882
2023-03-20 20:00:00+00:00,27779.1,28182.9,27756.7,27991.9,620781.54186662
2023-03-20 22:00:00+00:00,27992.2,28050.8,27560.0,27718.5,750395.07363354
2023-03-21 00:00:00+00:00,27718.5,27942.7,27667.2,27868.8,678347.14592651
2023-03-21 02:00:00+00:00,27869.6,27899.5,27724.9,27782.4,492333.43297459
2023-03-21 04:00:00+00:00,27782.5,27959.1,27726.6,27792.0,549868.07136291
2023-03-21 06:00:00+00:00,27797.0,27798.5,27301.8,27500.8,834844.41973561
2023-03-21 08:00:00+00:00,27500.9,28106.0,27398.7,27932.5,871444.74497688
2023-03-21 10:00:00+00:00,27930.1,28173.3,27870.0,28040.9,918756.15930669
2023-03-21 12:00:00+00:00,28041.4,28266.6,27912.7,28029.6,1482679.09367165
2023-03-21 14:00:00+00:00,28029.7,28200.0,27733.0,28040.4,1311930.99261018
2023-03-21 16:00:00+00:00,28039.9,28446.8,27966.2,27989.4,1588683.76428538
2023-03-21 18:00:00+00:00,27989.4,28218.5,27931.0,28116.8,985801.25485758
2023-03-21 20:00:00+00:00,28120.6,28206.5,27920.0,27998.8,725095.98417451
2023-03-21 22:00:00+00:00,27996.6,28147.8,27921.9,28105.1,737099.39156026
2023-03-22 00:00:00+00:00,28104.6,28114.4,27942.6,28087.0,609132.71363133
2023-03-22 02:00:00+00:00,28087.0,28252.3,28015.8,28155.7,500388.28961063
2023-03-22 04:00:00+00:00,28155.0,28283.7,28127.1,28200.0,403679.17082826
2023-03-22 06:00:00+00:00,28196.9,28237.9,28030.1,28098.0,451724.0435803
2023-03-22 08:00:00+00:00,28097.9,28208.0,28024.1,28099.0,578446.83082561
2023-03-22 10:00:00+00:00,28098.9,28199.9,28061.8,28123.7,146693.52946261
2023-03-22 12:00:00+00:00,28123.3,28399.9,28100.7,28283.6,688710.9712575
2023-03-22 14:00:00+00:00,28283.6,28731.7,28275.7,28592.3,1251835.61486512
2023-03-22 16:00:00+00:00,28592.3,28697.7,28305.9,28485.7,1141435.34201682
2023-03-22 18:00:00+00:00,28485.7,28751.9,26687.5,27186.3,1314189.17744123
2023-03-22 20:00:00+00:00,27214.2,27440.0,26645.9,27123.0,419129.34030563
2023-03-22 22:00:00+00:00,27123.0,27786.6,26981.8,27249.2,268505.94539678
2023-03-23 00:00:00+00:00,27250.3,27478.3,27141.5,27160.3,208484.55470046
2023-03-23 02:00:00+00:00,27156.7,27420.2,27142.1,27360.4,323891.24303605
2023-03-23 04:00:00+00:00,27358.2,27695.2,27254.7,27629.3,570399.2658341
2023-03-23 06:00:00+00:00,27629.2,27685.0,27540.8,27628.5,418934.52237033
2023-03-23 08:00:00+00:00,27628.6,27740.4,27560.7,27626.5,402078.63819216
2023-03-23 10:00:00+00:00,27626.5,27670.4,27442.3,27580.4,331757.71923356
2023-03-23 12:00:00+00:00,27581.0,27646.1,27281.7,27366.4,837465.06057429
2023-03-23 14:00:00+00:00,27365.5,28756.2,27296.7,28581.7,1462671.88896661
2023-03-23 16:00:00+00:00,28581.8,28643.4,28144.3,28290.5,1328299.02948244
2023-03-23 18:00:00+00:00,28292.5,28438.6,27770.6,28377.9,1378468.51067848
2023-03-23 20:00:00+00:00,28362.5,28362.5,27967.4,28164.9,505858.82780487
2023-03-23 22:00:00+00:00,28164.9,28441.6,28086.6,28294.1,577769.14592839
2023-03-24 00:00:00+00:00,28294.1,28373.6,28136.1,28250.3,449292.22192534
2023-03-24 02:00:00+00:00,28250.3,28313.8,28142.8,28220.2,210424.93736147
2023-03-24 04:00:00+00:00,28220.5,28303.9,28101.6,28286.9,297172.02425601
2023-03-24 06:00:00+00:00,28284.6,28339.2,28161.0,28274.1,210851.09264899
2023-03-24 08:00:00+00:00,28274.0,28297.9,27938.9,28038.1,753217.81836475
2023-03-24 10:00:00+00:00,28037.0,28090.2,27315.7,27597.3,659513.17272735
2023-03-24 12:00:00+00:00,27582.6,28073.4,27552.2,27973.9,1051692.70290497
2023-03-24 14:00:00+00:00,27973.9,28259.3,27817.7,28014.1,1310042.53603629
2023-03-24 16:00:00+00:00,28015.4,28053.9,27523.7,27611.6,1025670.84777765
2023-03-24 18:00:00+00:00,27612.0,27874.1,27565.0,27815.0,793904.45741735
2023-03-24 20:00:00+00:00,27819.5,27857.1,26980.2,27342.8,994802.35946525
2023-03-24 22:00:00+00:00,27342.2,27515.1,27280.0,27451.3,618045.89147084
2023-03-25 00:00:00+00:00,27452.4,27582.8,27424.1,27499.8,401515.48816166
2023-03-25 02:00:00+00:00,27498.4,27659.9,27458.8,27577.3,371729.92872876
2023-03-25 04:00:00+00:00,27577.3,27605.9,27378.4,27458.5,328659.926768
2023-03-25 06:00:00+00:00,27459.7,27577.7,27408.1,27487.0,313543.16485678
2023-03-25 08:00:00+00:00,27485.8,27514.9,27318.5,27476.5,415900.02822425
2023-03-25 10:00:00+00:00,27478.5,27533.3,27400.0,27456.6,322775.44723974
2023-03-25 12:00:00+00:00,27457.3,27620.0,27354.9,27564.8,508440.05137791
2023-03-25 14:00:00+00:00,27564.5,27788.3,27481.9,27646.3,570410.48916742
2023-03-25 16:00:00+00:00,27648.3,27728.8,27380.1,27481.2,542846.98738567
2023-03-25 18:00:00+00:00,27481.4,27531.8,27161.9,27186.6,731506.09712805
2023-03-25 20:00:00+00:00,27187.0,27450.4,27159.1,27408.2,490221.43675241
2023-03-25 22:00:00+00:00,27405.3,27524.3,27390.3,27463.4,343652.46226993
2023-03-26 00:00:00+00:00,27461.9,27647.9,27414.9,27593.8,353269.66755974
2023-03-26 02:00:00+00:00,27593.7,27619.8,27505.3,27532.8,213979.94727632
2023-03-26 04:00:00+00:00,27532.9,27559.4,27460.7,27549.9,175600.22303617
2023-03-26 06:00:00+00:00,27548.8,27575.0,27480.9,27504.0,207264.52164236
2023-03-26 08:00:00+00:00,27504.0,27765.5,27485.8,27688.5,495965.26133938
2023-03-26 10:00:00+00:00,27688.9,27913.5,27640.1,27866.9,237875.07113288
2023-03-26 12:00:00+00:00,27863.3,28207.1,27832.6,28149.1,622317.09672968
2023-03-26 14:00:00+00:00,28154.3,28158.5,27697.7,27805.4,885600.28986016
2023-03-26 16:00:00+00:00,27803.3,27876.0,27630.8,27837.1,461145.69339146
2023-03-26 18:00:00+00:00,27837.2,27933.8,27774.6,27826.3,337646.30425402
2023-03-26 20:00:00+00:00,27827.1,27899.8,27686.2,27835.3,330536.03472766
2023-03-26 22:00:00+00:00,27834.5,28140.4,27798.4,27969.7,617655.45735683
2023-03-27 00:00:00+00:00,27969.8,28021.1,27804.0,27827.4,452279.89780464
2023-03-27 02:00:00+00:00,27827.3,27899.9,27777.8,27895.4,206258.19853283
2023-03-27 04:00:00+00:00,27895.4,27936.3,27677.1,27716.0,289152.41192621
2023-03-27 06:00:00+00:00,27719.0,27840.1,27668.2,27808.0,354117.63201222
2023-03-27 08:00:00+00:00,27808.4,27968.2,27771.8,27931.2,310792.21830601
2023-03-27 10:00:00+00:00,27928.7,27989.8,27834.7,27889.0,260539.08920476
2023-03-27 12:00:00+00:00,27889.0,27921.3,27632.2,27694.4,712333.07510157
2023-03-27 14:00:00+00:00,27694.5,27786.6,26572.2,26898.2,1480588.44051033
2023-03-27 16:00:00+00:00,26899.1,27310.1,26863.9,26958.2,1181022.43429344
2023-03-27 18:00:00+00:00,26959.3,27175.8,26944.1,26963.8,571162.67730135
2023-03-27 20:00:00+00:00,26963.8,27188.3,26892.0,27164.3,569203.94232398
2023-03-27 22:00:00+00:00,27166.3,27244.3,27064.6,27126.8,437289.87053656
2023-03-28 00:00:00+00:00,27127.1,27173.7,26823.7,27072.1,678087.43855929
2023-03-28 02:00:00+00:00,27071.9,27086.5,26912.0,26970.4,349421.82099634
2023-03-28 04:00:00+00:00,26970.3,26998.0,26876.5,26971.0,367393.25770726
2023-03-28 06:00:00+00:00,26972.4,27141.4,26933.7,26965.4,419825.21459054
2023-03-28 08:00:00+00:00,27014.2,27908.4,26935.0,27621.2,977.49846534
2023-03-28 10:00:00+00:00,27621.2,28200.0,26895.5,28000.0,2589.06064791
2023-03-28 12:00:00+00:00,27941.1,28439.9,26851.3,27200.0,2782.23232818
2023-03-28 14:00:00+00:00,27200.0,28456.4,26931.2,27599.9,2873.15221451
2023-03-28 16:00:00+00:00,27536.0,28600.0,26784.5,27803.0,2729.18932403
2023-03-28 18:00:00+00:00,27733.3,28529.4,26874.6,27779.9,2629.26554427
2023-03-28 20:00:00+00:00,27779.9,28600.0,27167.3,27266.6,2334.18590519
2023-03-28 22:00:00+00:00,27266.6,30140.1,27165.7,29999.0,3075.3695295
2023-03-29 00:00:00+00:00,29999.0,31187.4,28113.3,28766.6,2986.73110369
2023-03-29 02:00:00+00:00,28766.6,30399.9,27839.6,27931.0,2392.16753831
2023-03-29 04:00:00+00:00,27931.0,31379.9,27600.0,28772.7,3401.00284276
2023-03-29 06:00:00+00:00,28848.4,29211.5,28000.0,28260.0,2429.70929606
2023-03-29 08:00:00+00:00,28200.0,30362.4,28100.0,28766.6,2620.55605402
2023-03-29 10:00:00+00:00,28766.6,30700.0,28291.8,28399.9,2740.95401589
2023-03-29 12:00:00+00:00,28399.9,29800.0,28330.0,28402.5,2438.2920917
2023-03-29 14:00:00+00:00,28404.9,30641.2,27840.0,28199.9,4350.16288081
2023-03-29 16:00:00+00:00,28214.2,28833.3,26999.9,27600.0,2152.67065074
2023-03-29 18:00:00+00:00,27574.0,28833.3,27180.0,28113.3,2502.03217284
2023-03-29 20:00:00+00:00,28113.3,28669.9,26999.9,27732.6,2012.27765864
2023-03-29 22:00:00+00:00,27716.9,28500.0,26806.6,28375.0,2115.82623998
2023-03-30 00:00:00+00:00,28333.3,28800.0,25994.7,28227.2,2507.72349544
2023-03-30 02:00:00+00:00,28158.3,29111.2,27000.0,28485.1,781843.81579946
2023-03-30 04:00:00+00:00,28485.1,28697.8,28444.6,28612.7,507594.56647102
2023-03-30 06:00:00+00:00,28612.7,28776.4,28566.8,28722.2,503639.08868388
2023-03-30 08:00:00+00:00,28722.2,28754.8,28501.1,28583.9,419130.416599
2023-03-30 10:00:00+00:00,28581.5,28700.0,28517.3,28650.3,294864.62797903
2023-03-30 12:00:00+00:00,28650.0,28690.6,28421.2,28516.9,358276.56859301
2023-03-30 14:00:00+00:00,28516.9,28540.1,28171.4,28300.5,456095.99950382
2023-03-30 16:00:00+00:00,28297.7,28300.0,27735.8,27837.0,504200.18549204
2023-03-30 18:00:00+00:00,27811.0,28113.3,27693.7,27980.0,361144.30571075
2023-03-30 20:00:00+00:00,27986.6,28196.7,27900.2,28068.3,258750.03898693
2023-03-30 22:00:00+00:00,28068.4,28139.4,27807.6,28028.5,282760.42465155
2023-03-31 00:00:00+00:00,28027.2,28374.4,27920.0,28153.9,373626.52526028
2023-03-31 02:00:00+00:00,28152.3,28220.0,28083.0,28170.1,198927.66638152
2023-03-31 04:00:00+00:00,28170.1,28217.4,27941.1,28032.7,280337.56170921
2023-03-31 06:00:00+00:00,28032.7,28098.1,27507.9,27737.7,646283.92263338
2023-03-31 08:00:00+00:00,27740.9,27810.6,27713.9,27776.7,49670.84439015
2023-03-31 10:00:00+00:00,27778.0,27779.9,27776.7,27779.9,234.16712924
2023-03-31 12:00:00+00:00,27779.9,27780.0,27775.3,27780.0,667.45526474
2023-03-31 14:00:00+00:00,27780.0,28049.1,27775.3,27785.7,368.80444291
2023-03-31 16:00:00+00:00,27775.3,28113.3,27775.3,27790.0,229.34042897
2023-03-31 18:00:00+00:00,27790.0,28113.3,27775.3,27800.0,127.63856194
2023-03-31 20:00:00+00:00,27800.0,28110.0,27775.0,27999.9,123.73879477
2023-03-31 22:00:00+00:00,27999.9,28400.0,27775.0,27960.0,240.703484
2023-04-01 00:00:00+00:00,27960.0,28266.5,27775.0,28017.9,231.57421932
2023-04-01 02:00:00+00:00,28017.9,28439.9,27775.0,27912.0,305.29591549
2023-04-01 04:00:00+00:00,27978.6,28467.1,27774.5,28113.3,491.64939509
2023-04-01 06:00:00+00:00,28113.3,28500.0,27774.5,27924.2,1621.52734108
2023-04-01 08:00:00+00:00,27924.2,28469.1,27774.3,28000.0,1249.37967035
2023-04-01 10:00:00+00:00,27941.1,28289.0,27774.3,28080.2,1097.26887281
2023-04-01 12:00:00+00:00,28080.2,28429.7,27774.2,28079.2,1096.43564963
2023-04-01 14:00:00+00:00,28017.9,28400.0,27774.2,28253.9,1084.43149058
2023-04-01 16:00:00+00:00,28253.9,28420.0,27433.9,27580.0,1214.2438614
2023-04-01 18:00:00+00:00,27580.0,28606.3,27279.4,28409.0,1040.74080783
2023-04-01 20:00:00+00:00,28409.0,28780.0,27786.6,28195.6,1357.60014618
2023-04-01 22:00:00+00:00,28134.5,28669.9,27103.8,27492.3,1855.35414489
2023-04-02 00:00:00+00:00,27492.3,28300.0,26916.6,27547.1,2122.72791621
2023-04-02 02:00:00+00:00,27547.1,28350.0,26899.6,28106.0,2078.46059311
2023-04-02 04:00:00+00:00,28106.0,28439.9,26678.0,28113.3,1985.75491113
2023-04-02 06:00:00+00:00,28051.9,29100.0,27459.9,28413.8,4172.88671595
2023-04-02 08:00:00+00:00,28413.8,28445.1,28365.1,28412.5,12326.85537529
2023-04-02 10:00:00+00:00,28413.2,28417.1,28306.3,28355.7,17131.80460816
2023-04-02 12:00:00+00:00,28354.1,28358.2,28160.0,28281.2,45220.92152389
2023-04-02 14:00:00+00:00,28281.4,28346.3,28039.2,28123.7,59088.87024439
2023-04-02 16:00:00+00:00,28123.4,28231.6,27934.9,28198.5,55892.41579303
2023-04-02 18:00:00+00:00,28195.6,28219.4,27882.8,27938.1,32233.82850348
2023-04-02 20:00:00+00:00,27930.7,28148.0,27900.1,28024.9,35959.97942453
2023-04-02 22:00:00+00:00,28010.3,28199.9,27860.7,28168.6,52527.75845207
2023-04-03 00:00:00+00:00,28168.6,28182.0,27563.6,27711.9,50316.58100134
2023-04-03 02:00:00+00:00,27686.1,27811.9,27502.1,27750.7,39725.15347978
2023-04-03 04:00:00+00:00,27750.4,27754.1,27300.0,27676.1,24285.30947686
2023-04-03 06:00:00+00:00,27676.4,27960.8,27650.1,27960.8,46542.07341338
2023-04-03 08:00:00+00:00,27962.2,28451.7,27962.2,28331.7,94175.6113583
2023-04-03 10:00:00+00:00,28331.7,28502.5,28207.1,28252.4,47115.82131874
2023-04-03 12:00:00+00:00,28252.4,28374.1,28061.2,28260.0,55670.55712052
2023-04-03 14:00:00+00:00,28260.2,28320.0,27949.6,28048.4,74270.42326899
2023-04-03 16:00:00+00:00,28046.5,28268.2,27881.8,27983.3,50471.29081473
2023-04-03 18:00:00+00:00,27983.3,28260.0,27940.0,28080.3,80515.90904112
2023-04-03 20:00:00+00:00,28078.8,28094.2,27209.7,27711.0,109465.79520553
2023-04-03 22:00:00+00:00,27713.8,27975.2,27459.9,27801.8,76904.74511585
2023-04-04 00:00:00+00:00,27798.2,27900.0,27666.7,27812.6,50711.87674777
2023-04-04 02:00:00+00:00,27815.0,27964.1,27780.1,27853.6,23743.60259729
2023-04-04 04:00:00+00:00,27855.9,27933.3,27774.1,27892.2,25700.80837451
2023-04-04 06:00:00+00:00,27890.1,28146.8,27862.0,28023.3,51258.38567825
2023-04-04 08:00:00+00:00,28027.5,28210.0,27700.0,28201.7,37391.05111705
2023-04-04 10:00:00+00:00,28199.1,28445.7,28166.6,28285.9,76948.87351228
2023-04-04 12:00:00+00:00,28285.9,28392.8,28073.2,28108.9,60995.05579826
2023-04-04 14:00:00+00:00,28109.3,28259.3,27954.6,28029.5,79234.1851827
2023-04-04 16:00:00+00:00,28027.6,28232.1,27970.9,28222.0,43675.1687771
2023-04-04 18:00:00+00:00,28227.0,28256.0,28069.5,28188.4,37203.55420436
2023-04-04 20:00:00+00:00,28186.8,28302.0,28161.7,28220.0,29887.21426117
2023-04-04 22:00:00+00:00,28223.2,28260.0,28080.1,28167.3,21469.54920921
2023-04-05 00:00:00+00:00,28167.4,28743.0,28101.1,28580.7,74591.46801819
2023-04-05 02:00:00+00:00,28573.2,28756.0,28431.1,28549.7,40328.38271608
2023-04-05 04:00:00+00:00,28543.8,28621.2,28481.3,28585.8,24603.9669454
2023-04-05 06:00:00+00:00,28584.2,28601.0,28461.2,28530.0,24789.61198566
2023-04-05 08:00:00+00:00,28529.9,28600.8,28434.1,28516.3,26900.11311361
2023-04-05 10:00:00+00:00,28516.4,28591.8,28469.6,28556.0,17910.0035565
2023-04-05 12:00:00+00:00,28556.9,28744.6,28319.5,28406.8,83492.50447231
2023-04-05 14:00:00+00:00,28406.6,28468.2,27870.8,28033.7,106030.92059514
2023-04-05 16:00:00+00:00,28032.3,28106.6,27808.3,28027.6,75418.09583504
2023-04-05 18:00:00+00:00,28022.9,28310.0,27940.3,28244.5,59908.02555629
2023-04-05 20:00:00+00:00,28235.2,28299.8,28129.8,28184.1,29118.63185029
2023-04-05 22:00:00+00:00,28184.2,28233.3,28128.9,28167.9,23896.29570915
2023-04-06 00:00:00+00:00,28165.2,28180.0,27884.6,28059.7,61901.90330288
2023-04-06 02:00:00+00:00,28059.8,28150.3,27978.4,28131.6,236771.07426269
2023-04-06 04:00:00+00:00,28131.6,28132.7,27968.7,28039.2,184267.54757428
2023-04-06 06:00:00+00:00,28039.1,28090.2,27909.0,27909.0,231638.97838335
2023-04-06 08:00:00+00:00,27908.6,28023.9,27851.8,27902.4,313470.68034829
2023-04-06 10:00:00+00:00,27904.9,27953.2,27700.2,27949.6,462959.94362233
2023-04-06 12:00:00+00:00,27949.8,28074.3,27750.0,27890.9,555198.05874457
2023-04-06 14:00:00+00:00,27890.9,28183.3,27884.9,28097.2,609786.0508242
2023-04-06 16:00:00+00:00,28098.4,28165.0,28019.5,28040.9,310827.43006381
2023-04-06 18:00:00+00:00,28041.0,28099.8,27952.6,28020.3,253937.29716947
2023-04-06 20:00:00+00:00,28016.9,28124.3,27960.0,27987.0,247181.28522438
2023-04-06 22:00:00+00:00,27986.6,28062.2,27897.3,28034.8,191821.07043832
2023-04-07 00:00:00+00:00,28034.7,28103.3,27998.0,28058.4,132512.46563568
2023-04-07 02:00:00+00:00,28058.4,28074.4,27931.0,28039.1,171211.82717204
2023-04-07 04:00:00+00:00,28039.1,28068.2,27888.3,27978.2,175344.20959059
2023-04-07 06:00:00+00:00,27983.1,27989.8,27774.2,27837.7,268392.11821224
2023-04-07 08:00:00+00:00,27836.3,27930.8,27793.0,27870.0,254782.03174666
2023-04-07 10:00:00+00:00,27869.9,27963.4,27805.1,27836.9,199419.20492553
2023-04-07 12:00:00+00:00,27836.9,27986.6,27796.6,27899.9,404594.9034992
2023-04-07 14:00:00+00:00,27899.9,27983.5,27894.6,27946.4,176934.491553
2023-04-07 16:00:00+00:00,27944.5,27952.2,27859.0,27914.8,101746.23108013
2023-04-07 18:00:00+00:00,27914.8,27933.1,27871.7,27903.0,100014.0360619
2023-04-07 20:00:00+00:00,27903.1,27929.5,27843.1,27890.0,66148.06503832
2023-04-07 22:00:00+00:00,27890.1,27981.0,27869.6,27906.6,128822.9652111
2023-04-08 00:00:00+00:00,27906.6,27929.3,27862.5,27905.9,86037.30160572
2023-04-08 02:00:00+00:00,27905.8,28053.5,27904.3,28021.5,117978.12867602
2023-04-08 04:00:00+00:00,28021.4,28153.4,27976.8,28143.5,157789.12168392
2023-04-08 06:00:00+00:00,28145.2,28151.7,28057.0,28085.3,142201.14756787
2023-04-08 08:00:00+00:00,28085.3,28116.4,28000.5,28028.0,108940.75671056
2023-04-08 10:00:00+00:00,28028.2,28033.4,27991.9,28012.0,73180.19000006
2023-04-08 12:00:00+00:00,28011.9,28100.0,27948.2,28019.9,175153.09428782
2023-04-08 14:00:00+00:00,28019.9,28100.0,27986.5,28014.0,90415.76969623
2023-04-08 16:00:00+00:00,28014.0,28023.9,27900.7,27939.2,77047.12156988
2023-04-08 18:00:00+00:00,27939.2,27955.6,27869.0,27920.7,165423.76972405
2023-04-08 20:00:00+00:00,27920.6,27962.8,27894.6,27929.1,74539.04707878
2023-04-08 22:00:00+00:00,27929.1,27984.5,27883.8,27940.0,124094.1846381
2023-04-09 00:00:00+00:00,27940.0,28088.0,27926.3,28079.4,168674.84144876
2023-04-09 02:00:00+00:00,28079.4,28085.3,28020.4,28028.9,79400.18606311
2023-04-09 04:00:00+00:00,28028.6,28073.9,27990.6,27998.1,74329.89524155
2023-04-09 06:00:00+00:00,27999.0,28002.4,27840.7,27904.5,279097.7135593
2023-04-09 08:00:00+00:00,27904.5,27940.4,27795.0,27898.8,155475.1940315
2023-04-09 10:00:00+00:00,27898.8,27935.6,27857.7,27932.3,118913.51424616
2023-04-09 12:00:00+00:00,27932.3,27973.4,27881.1,27905.3,115656.69403285
2023-04-09 14:00:00+00:00,27905.3,27926.6,27800.1,27888.4,200137.85619824
2023-04-09 16:00:00+00:00,27888.4,27941.2,27874.5,27903.8,118218.61469352
2023-04-09 18:00:00+00:00,27903.3,28276.9,27903.0,28141.4,416516.69347934
2023-04-09 20:00:00+00:00,28141.5,28478.8,28087.3,28439.5,367224.9639225
2023-04-09 22:00:00+00:00,28439.6,28529.9,28290.8,28318.8,421295.05694293
2023-04-10 00:00:00+00:00,28318.8,28426.5,28247.7,28302.1,300052.30475193
2023-04-10 02:00:00+00:00,28302.1,28344.5,28264.4,28276.5,132916.07483119
2023-04-10 04:00:00+00:00,28276.5,28314.2,28200.0,28279.6,172613.32161841
2023-04-10 06:00:00+00:00,28279.9,28302.7,28237.7,28286.4,93290.6007063
2023-04-10 08:00:00+00:00,28286.8,28375.3,28277.2,28309.8,160556.09567958
2023-04-10 10:00:00+00:00,28310.0,28363.5,28290.1,28304.7,123842.78061299
2023-04-10 12:00:00+00:00,28304.7,28317.5,28170.4,28213.7,253329.44376306
2023-04-10 14:00:00+00:00,28214.1,28570.2,28194.6,28439.7,441840.84208493
2023-04-10 16:00:00+00:00,28439.7,29286.7,28376.2,29156.0,1089863.90791235
2023-04-10 18:00:00+00:00,29156.0,29289.9,29056.8,29167.7,582250.83515865
2023-04-10 20:00:00+00:00,29168.5,29280.5,29069.8,29218.8,338160.70969084
2023-04-10 22:00:00+00:00,29218.9,29763.0,29218.9,29635.9,603088.05812959
2023-04-11 00:00:00+00:00,29635.8,30253.3,29419.9,30200.0,660139.94514971
2023-04-11 02:00:00+00:00,30193.9,30427.1,29936.6,30110.8,765538.1346856
2023-04-11 04:00:00+00:00,30110.8,30170.2,29800.9,29835.6,295474.33934844
2023-04-11 06:00:00+00:00,29836.9,30154.9,29836.9,30100.2,326923.87070815
2023-04-11 08:00:00+00:00,30100.2,30145.6,29982.7,30049.9,180881.62460228
2023-04-11 10:00:00+00:00,30050.0,30134.9,30015.2,30056.3,182989.78738658
2023-04-11 12:00:00+00:00,30055.8,30253.0,30007.1,30240.7,408672.06000071
2023-04-11 14:00:00+00:00,30239.6,30275.9,29976.1,30195.5,564032.54540144
2023-04-11 16:00:00+00:00,30194.7,30261.6,30043.9,30207.1,394116.91395984
2023-04-11 18:00:00+00:00,30207.2,30562.0,30105.0,30127.4,551102.90843232
2023-04-11 20:00:00+00:00,30127.4,30241.9,29929.7,30189.0,426931.14930428
2023-04-11 22:00:00+00:00,30189.0,30271.6,30150.1,30199.1,178328.48812245
2023-04-12 00:00:00+00:00,30199.1,30348.7,30116.4,30166.6,303090.07934157
2023-04-12 02:00:00+00:00,30166.3,30168.0,29826.1,29919.6,527236.21627196
2023-04-12 04:00:00+00:00,29919.5,30000.3,29883.7,29923.3,177597.78110823
2023-04-12 06:00:00+00:00,29923.3,30067.0,29853.4,29985.6,205362.31271877
2023-04-12 08:00:00+00:00,29985.7,30046.1,29893.7,30004.7,165472.21373997
2023-04-12 10:00:00+00:00,30006.0,30024.0,29947.2,30014.2,145374.22849053
2023-04-12 12:00:00+00:00,30013.4,30476.8,29930.1,30049.5,842297.11713398
2023-04-12 14:00:00+00:00,30049.6,30260.2,29654.1,29964.3,929300.37190113
2023-04-12 16:00:00+00:00,29963.2,30090.1,29909.2,30021.9,365841.13275108
2023-04-12 18:00:00+00:00,30024.4,30059.6,29746.6,29793.8,512633.27177878
2023-04-12 20:00:00+00:00,29793.8,29980.0,29766.7,29948.7,251684.35480241
2023-04-12 22:00:00+00:00,29950.3,29977.4,29801.1,29891.0,380442.53079503
2023-04-13 00:00:00+00:00,29891.6,30080.0,29857.4,30067.1,275934.5415531
2023-04-13 02:00:00+00:00,30066.7,30200.8,30000.0,30073.3,253225.14245061
2023-04-13 04:00:00+00:00,30072.6,30131.2,30039.9,30107.5,141363.89230274
2023-04-13 06:00:00+00:00,30107.5,30121.0,29995.1,30070.3,205955.32277438
2023-04-13 08:00:00+00:00,30070.4,30378.1,30040.9,30210.1,606876.15387578
2023-04-13 10:00:00+00:00,30210.0,30243.6,30151.3,30163.0,233587.23541735
2023-04-13 12:00:00+00:00,30163.0,30325.5,30141.3,30174.0,466794.08198928
2023-04-13 14:00:00+00:00,30175.0,30580.8,30168.0,30436.7,404487.75788411
2023-04-13 16:00:00+00:00,30436.7,30465.5,30263.6,30427.5,268079.3844561
2023-04-13 18:00:00+00:00,30428.0,30529.7,30312.7,30313.2,176199.65686848
2023-04-13 20:00:00+00:00,30313.2,30330.6,30202.0,30293.2,90867.59763958
2023-04-13 22:00:00+00:00,30293.2,30385.5,30289.2,30370.4,95469.60417834
2023-04-14 00:00:00+00:00,30370.4,30846.8,30312.9,30778.8,170971.67448997
2023-04-14 02:00:00+00:00,30781.7,30825.0,30313.2,30700.4,170996.35289888
2023-04-14 04:00:00+00:00,30700.5,30837.9,30675.6,30800.3,291255.02370582
2023-04-14 06:00:00+00:00,30802.2,31031.9,30716.7,30735.8,543321.31268625
2023-04-14 08:00:00+00:00,30735.1,30800.0,30657.3,30795.3,294068.00335917
2023-04-14 10:00:00+00:00,30795.2,30827.3,30726.2,30805.9,189377.98612871
2023-04-14 12:00:00+00:00,30805.6,30856.6,30575.4,30722.3,590139.91491953
2023-04-14 14:00:00+00:00,30721.7,30762.6,30089.3,30239.0,900602.20225652
2023-04-14 16:00:00+00:00,30238.0,30279.6,29972.2,30270.5,649143.73301369
2023-04-14 18:00:00+00:00,30268.4,30351.3,30196.6,30328.0,304354.32883325
2023-04-14 20:00:00+00:00,30327.9,30514.7,30276.4,30455.3,284799.45226614
2023-04-14 22:00:00+00:00,30455.3,30483.1,30370.0,30467.7,228807.55054825
2023-04-15 00:00:00+00:00,30467.7,30597.7,30280.0,30371.0,305943.90374419
2023-04-15 02:00:00+00:00,30371.0,30443.2,30348.5,30380.3,123317.54487095
2023-04-15 04:00:00+00:00,30380.4,30425.0,30342.9,30425.0,111419.83581141
2023-04-15 06:00:00+00:00,30424.9,30469.0,30369.0,30432.0,96475.67475093
2023-04-15 08:00:00+00:00,30432.0,30461.5,30370.1,30458.3,95496.50545004
2023-04-15 10:00:00+00:00,30458.3,30469.0,30360.8,30384.4,80908.687503
2023-04-15 12:00:00+00:00,30384.4,30450.0,30289.0,30331.5,128926.80448914
2023-04-15 14:00:00+00:00,30331.5,30420.0,30300.2,30329.5,143455.85753432
2023-04-15 16:00:00+00:00,30327.8,30345.6,30206.3,30246.6,195988.12475085
2023-04-15 18:00:00+00:00,30246.7,30333.7,30229.8,30333.7,96473.91224169
2023-04-15 20:00:00+00:00,30333.7,30344.6,30242.7,30267.9,104476.7895592
2023-04-15 22:00:00+00:00,30268.0,30360.0,30239.2,30294.3,118308.31212652
2023-04-16 00:00:00+00:00,30294.0,30322.1,30118.9,30235.7,189266.59098453
2023-04-16 02:00:00+00:00,30235.7,30287.4,30223.9,30248.7,94963.77358453
2023-04-16 04:00:00+00:00,30248.8,30338.0,30245.2,30302.7,84059.43490743
2023-04-16 06:00:00+00:00,30302.8,30389.7,30295.2,30347.3,76245.44548248
2023-04-16 08:00:00+00:00,30347.2,30356.1,30255.4,30275.5,84536.22282893
2023-04-16 10:00:00+00:00,30275.5,30322.1,30216.9,30225.7,79654.82434066
2023-04-16 12:00:00+00:00,30225.4,30278.2,30157.1,30249.8,170596.24928246
2023-04-16 14:00:00+00:00,30249.8,30360.5,30242.8,30330.5,166034.0604092
2023-04-16 16:00:00+00:00,30330.6,30378.0,30260.0,30295.8,120819.31666305
2023-04-16 18:00:00+00:00,30295.9,30550.6,30282.4,30308.5,322550.3475405
2023-04-16 20:00:00+00:00,30310.5,30407.5,30186.6,30391.1,336371.65178771
2023-04-16 22:00:00+00:00,30391.1,30409.5,30242.6,30303.1,146675.67168635
2023-04-17 00:00:00+00:00,30301.6,30315.7,29739.0,29944.5,712855.47352966
2023-04-17 02:00:00+00:00,29944.5,30096.4,29888.0,29978.7,217028.75663963
2023-04-17 04:00:00+00:00,29978.8,30007.7,29906.9,29997.3,116584.80064506
2023-04-17 06:00:00+00:00,29998.2,30005.8,29839.9,29843.1,171210.21557551
2023-04-17 08:00:00+00:00,29843.9,29924.4,29810.5,29878.7,158794.3154343
2023-04-17 10:00:00+00:00,29878.7,29898.2,29328.6,29570.9,297618.84726654
2023-04-17 12:00:00+00:00,29570.9,29595.0,29259.9,29399.2,567225.4225044
2023-04-17 14:00:00+00:00,29399.2,29482.9,29240.5,29355.8,461117.70211785
2023-04-17 16:00:00+00:00,29354.9,29530.3,29330.0,29463.1,322781.64974355
2023-04-17 18:00:00+00:00,29460.3,29577.4,29454.4,29463.8,213068.36222395
2023-04-17 20:00:00+00:00,29463.8,29493.9,29383.0,29455.3,132382.50875485
2023-04-17 22:00:00+00:00,29455.4,29535.4,29393.2,29427.0,112602.51721743
2023-04-18 00:00:00+00:00,29427.8,29448.5,29105.7,29370.3,436952.95990359
2023-04-18 02:00:00+00:00,29369.6,29506.5,29369.6,29445.5,169248.61786685
2023-04-18 04:00:00+00:00,29445.5,29595.4,29437.8,29545.4,182768.87493985
2023-04-18 06:00:00+00:00,29545.5,29801.2,29545.5,29770.8,338269.01957274
2023-04-18 08:00:00+00:00,29770.9,29921.5,29691.2,29893.7,252675.04350515
2023-04-18 10:00:00+00:00,29893.9,30379.9,29864.6,30379.9,366525.88178707
2023-04-18 12:00:00+00:00,30380.0,30487.4,30285.0,30381.0,422452.97433097
2023-04-18 14:00:00+00:00,30379.2,30390.9,30105.9,30185.0,629297.27092122
2023-04-18 16:00:00+00:00,30185.1,30261.8,30019.0,30026.1,381866.1925231
2023-04-18 18:00:00+00:00,30026.7,30273.6,29949.4,30231.1,557398.62491418
2023-04-18 20:00:00+00:00,30227.7,30460.6,30156.7,30374.9,312330.30140838
2023-04-18 22:00:00+00:00,30374.9,30410.3,30293.4,30380.5,252845.96369585
2023-04-19 00:00:00+00:00,30380.8,30409.9,30228.6,30237.8,313925.68776566
2023-04-19 02:00:00+00:00,30239.4,30278.2,30127.3,30214.5,335826.46295293
2023-04-19 04:00:00+00:00,30214.6,30329.5,30152.3,30273.3,163932.64398097
2023-04-19 06:00:00+00:00,30272.4,30279.5,29987.2,30078.7,424860.44484892
2023-04-19 08:00:00+00:00,30077.6,30083.0,28955.4,29120.4,753539.43271881
2023-04-19 10:00:00+00:00,29120.4,29420.0,29102.5,29311.5,40005.00580839
2023-04-19 12:00:00+00:00,29311.6,29337.2,29178.4,29333.0,31135.98382117
2023-04-19 14:00:00+00:00,29333.0,29501.5,29105.4,29258.6,62884.88202941
2023-04-19 16:00:00+00:00,29258.2,29450.0,27500.0,28333.6,2856.96371596
2023-04-19 18:00:00+00:00,28333.8,30000.0,27551.0,27821.3,3616.71810461
2023-04-19 20:00:00+00:00,27821.3,29300.0,27208.0,28319.0,3412.57349185
2023-04-19 22:00:00+00:00,28319.0,28766.7,26810.0,26991.0,3401.36196485
2023-04-20 00:00:00+00:00,26991.1,29420.0,26678.0,29088.0,23954.71341518
2023-04-20 02:00:00+00:00,29088.0,29088.0,28439.9,28859.2,379815.81295467
2023-04-20 04:00:00+00:00,28859.7,28970.0,28818.1,28888.9,226682.59527768
2023-04-20 06:00:00+00:00,28890.3,29079.5,28846.4,28868.4,272066.8205001
2023-04-20 08:00:00+00:00,28868.4,28980.0,28746.1,28862.6,197273.285432
2023-04-20 10:00:00+00:00,28862.7,28904.8,28591.1,28610.8,247185.56257163
2023-04-20 12:00:00+00:00,28610.8,28945.2,28371.9,28819.9,630590.16561081
2023-04-20 14:00:00+00:00,28813.9,29332.8,28444.7,28510.2,470055.91454226
2023-04-20 16:00:00+00:00,28510.2,28653.8,28357.7,28456.8,695350.77073237
2023-04-20 18:00:00+00:00,28450.7,28526.1,28000.0,28101.3,748258.72028877
2023-04-20 20:00:00+00:00,28102.8,28322.0,28012.3,28231.6,409185.37041827
2023-04-20 22:00:00+00:00,28231.6,28363.6,28178.1,28245.8,295840.77866282
2023-04-21 00:00:00+00:00,28242.4,28371.9,28089.9,28204.7,400301.16836967
2023-04-21 02:00:00+00:00,28200.1,28334.1,28138.5,28317.5,171211.07516146
2023-04-21 04:00:00+00:00,28317.6,28344.8,28158.3,28159.9,154016.30129854
2023-04-21 06:00:00+00:00,28158.3,28212.5,27818.2,28156.5,638767.60936418
2023-04-21 08:00:00+00:00,28155.5,28234.1,27967.2,28058.5,358547.67810274
2023-04-21 10:00:00+00:00,28058.5,28155.8,27920.1,28065.9,334113.88387488
2023-04-21 12:00:00+00:00,28065.2,28302.9,27939.9,28112.4,428892.47198604
2023-04-21 14:00:00+00:00,28106.6,28220.0,27982.5,28042.5,532492.18679892
2023-04-21 16:00:00+00:00,28039.2,28091.7,27781.7,27901.0,450643.38124039
2023-04-21 18:00:00+00:00,27900.9,27987.7,27189.7,27277.4,522625.86024023
2023-04-21 20:00:00+00:00,27274.2,27406.8,27180.0,27280.1,397572.23620873
2023-04-21 22:00:00+00:00,27279.9,27346.1,27138.4,27260.6,236334.88994366
2023-04-22 00:00:00+00:00,27260.7,27331.2,27134.8,27288.8,169670.58611505
2023-04-22 02:00:00+00:00,27290.2,27800.0,27235.0,27316.8,124501.8426564
2023-04-22 04:00:00+00:00,27316.8,27394.4,27301.3,27394.4,98792.57414678
2023-04-22 06:00:00+00:00,27394.1,27394.1,27226.6,27277.5,99346.99998928
2023-04-22 08:00:00+00:00,27277.7,27307.6,27188.1,27238.1,118020.1617491
2023-04-22 10:00:00+00:00,27238.1,27319.0,27184.3,27287.2,115376.56161016
2023-04-22 12:00:00+00:00,27287.3,27356.8,27232.7,27255.5,102924.27472895
2023-04-22 14:00:00+00:00,27255.5,27558.6,27244.7,27488.2,309957.27676426
2023-04-22 16:00:00+00:00,27488.3,27760.0,27420.0,27666.6,358468.16124317
2023-04-22 18:00:00+00:00,27665.9,27674.2,27521.0,27616.6,137990.10189644
2023-04-22 20:00:00+00:00,27616.7,27696.6,27565.1,27668.1,112781.55560375
2023-04-22 22:00:00+00:00,27668.1,27875.9,27646.6,27810.7,253195.54840701
2023-04-23 00:00:00+00:00,27813.8,27813.8,27470.8,27552.6,237196.50391221
2023-04-23 02:00:00+00:00,27552.5,27643.1,27490.2,27563.9,105565.36131457
2023-04-23 04:00:00+00:00,27563.9,28185.3,27535.7,27589.7,81672.74356315
2023-04-23 06:00:00+00:00,27589.7,28204.2,27553.3,27728.6,125901.75327374
2023-04-23 08:00:00+00:00,27720.9,28237.0,27591.7,27633.2,129087.89319284
2023-04-23 10:00:00+00:00,27625.3,27648.6,27484.6,27645.2,128471.24110126
2023-04-23 12:00:00+00:00,27646.0,27730.6,27577.0,27630.0,120108.83267153
2023-04-23 14:00:00+00:00,27628.5,27681.8,27341.4,27473.6,337166.10538522
2023-04-23 16:00:00+00:00,27472.8,27687.7,27369.7,27512.0,294695.10422724
2023-04-23 18:00:00+00:00,27504.9,27536.7,27380.7,27459.9,297794.70016341
2023-04-23 20:00:00+00:00,27455.0,27550.0,27404.4,27514.0,136203.38286782
2023-04-23 22:00:00+00:00,27514.0,27653.8,27424.1,27588.6,160957.53487518
2023-04-24 00:00:00+00:00,27587.2,27990.7,27430.2,27757.1,485741.92669615
2023-04-24 02:00:00+00:00,27753.3,27826.6,27675.2,27787.8,189204.54309239
2023-04-24 04:00:00+00:00,27788.7,27794.4,27640.0,27657.5,126278.70096769
2023-04-24 06:00:00+00:00,27654.9,27705.9,27351.8,27454.9,270255.85198938
2023-04-24 08:00:00+00:00,27454.9,27528.6,27140.1,27320.6,472431.12610967
2023-04-24 10:00:00+00:00,27305.3,27550.7,27305.3,27549.9,266001.70041951
2023-04-24 12:00:00+00:00,27549.9,27712.8,27389.0,27626.7,344139.30726399
2023-04-24 14:00:00+00:00,27626.7,27697.9,27220.0,27260.7,532871.63605504
2023-04-24 16:00:00+00:00,27257.8,27413.4,26957.1,27378.3,517661.38120234
2023-04-24 18:00:00+00:00,27378.3,27576.7,27292.3,27383.8,331533.59977097
2023-04-24 20:00:00+00:00,27384.9,27480.5,27326.6,27411.5,179549.39024047
2023-04-24 22:00:00+00:00,27409.4,27559.5,27375.8,27506.6,150794.82013118
2023-04-25 00:00:00+00:00,27508.2,27589.6,27370.0,27402.3,223290.62484119
2023-04-25 02:00:00+00:00,27401.1,27470.9,27324.6,27350.0,169241.88698922
2023-04-25 04:00:00+00:00,27349.9,27458.8,27317.1,27413.1,139709.57528347
2023-04-25 06:00:00+00:00,27413.1,27448.0,27000.0,27265.5,162652.946443
2023-04-25 08:00:00+00:00,27265.5,27435.6,27180.0,27320.7,302010.58518969
2023-04-25 10:00:00+00:00,27319.5,27428.5,27286.0,27389.9,243002.1641197
2023-04-25 12:00:00+00:00,27389.9,27469.7,27300.0,27345.3,253034.07821057
2023-04-25 14:00:00+00:00,27344.3,27430.6,27213.0,27339.2,390968.66362893
2023-04-25 16:00:00+00:00,27339.3,27650.0,27315.2,27634.9,372098.55334852
2023-04-25 18:00:00+00:00,27625.3,27766.4,27482.8,27611.0,479206.30768943
2023-04-25 20:00:00+00:00,27610.9,28304.2,27221.3,28263.2,589296.60662562
2023-04-25 22:00:00+00:00,28263.3,28385.5,28162.7,28297.6,360302.72261248
2023-04-26 00:00:00+00:00,28298.6,28473.0,28252.8,28385.7,397248.71731725
2023-04-26 02:00:00+00:00,28387.3,28455.3,28305.6,28309.7,161905.91086344
2023-04-26 04:00:00+00:00,28307.5,28419.0,28300.4,28392.5,142572.08155078
2023-04-26 06:00:00+00:00,28392.5,28590.0,28311.8,28375.6,194444.42490939
2023-04-26 08:00:00+00:00,28374.9,28924.3,28367.7,28868.3,568483.61403837
2023-04-26 10:00:00+00:00,28868.3,29137.8,28780.1,28952.6,566410.7514698
2023-04-26 12:00:00+00:00,28954.4,30146.5,28954.4,29848.7,864733.62594872
2023-04-26 14:00:00+00:00,29848.7,30000.0,29514.6,29822.6,589906.51041506
2023-04-26 16:00:00+00:00,29819.5,29895.7,29660.1,29722.8,375385.10743973
2023-04-26 18:00:00+00:00,29720.3,29804.4,27697.5,27887.0,686672.29610962
2023-04-26 20:00:00+00:00,27884.2,28698.6,27226.3,28678.9,1092566.57754668
2023-04-26 22:00:00+00:00,28679.5,28744.8,28170.4,28412.9,662922.95380422
2023-04-27 00:00:00+00:00,28412.9,29538.4,28379.0,28743.4,923117.15658618
2023-04-27 02:00:00+00:00,28743.4,29120.8,28743.4,28886.2,428941.20561581
2023-04-27 04:00:00+00:00,28888.4,29277.0,28870.9,29082.4,329774.45692928
2023-04-27 06:00:00+00:00,29083.9,29093.9,28635.9,28888.0,381448.64562877
2023-04-27 08:00:00+00:00,28888.1,29097.5,28780.4,28936.9,404361.20137146
2023-04-27 10:00:00+00:00,28931.2,29136.3,28880.7,28934.0,388594.01535128
2023-04-27 12:00:00+00:00,28934.1,29056.5,28670.4,28934.1,656364.75265592
2023-04-27 14:00:00+00:00,28933.9,29556.5,28838.9,29146.4,543032.09919134
2023-04-27 16:00:00+00:00,29148.1,29420.4,29015.1,29304.6,405647.06275695
2023-04-27 18:00:00+00:00,29302.6,29857.8,29239.7,29677.4,450301.83027599
2023-04-27 20:00:00+00:00,29667.3,29766.5,29476.1,29642.6,225231.09979655
2023-04-27 22:00:00+00:00,29632.9,29669.6,29240.0,29473.9,243269.09839315
2023-04-28 00:00:00+00:00,29474.5,29590.0,29355.9,29525.8,232918.524174
2023-04-28 02:00:00+00:00,29525.8,29547.6,29331.1,29420.4,159977.53423142
2023-04-28 04:00:00+00:00,29420.4,29566.7,29408.4,29480.0,140573.86195469
2023-04-28 06:00:00+00:00,29476.3,29512.8,29405.1,29488.3,103777.89796243
2023-04-28 08:00:00+00:00,29490.0,29493.1,29131.2,29201.3,178583.27890604
2023-04-28 10:00:00+00:00,29200.3,29345.3,29175.9,29240.3,133775.52897427
2023-04-28 12:00:00+00:00,29236.1,29463.2,28895.4,29027.7,528018.77311914
2023-04-28 14:00:00+00:00,29021.9,29307.2,28952.1,29148.3,672638.76312906
2023-04-28 16:00:00+00:00,29146.9,29298.8,29105.9,29238.4,369243.10467259
2023-04-28 18:00:00+00:00,29238.4,29445.6,29123.0,29331.9,418337.26767847
2023-04-28 20:00:00+00:00,29336.0,29408.0,29300.1,29325.7,155073.76800496
2023-04-28 22:00:00+00:00,29325.6,29432.8,29267.9,29310.1,151917.96564361
2023-04-29 00:00:00+00:00,29310.1,29352.1,29195.6,29281.0,162298.04310631
2023-04-29 02:00:00+00:00,29272.0,29399.9,29272.0,29341.8,130444.71767115
2023-04-29 04:00:00+00:00,29341.8,29444.6,29339.4,29353.5,86065.1791299
2023-04-29 06:00:00+00:00,29353.5,29437.5,29288.7,29347.5,122226.99115809
2023-04-29 08:00:00+00:00,29344.9,29372.4,29247.4,29298.8,106475.8685427
2023-04-29 10:00:00+00:00,29300.0,29333.2,29240.0,29327.0,82609.88817423
2023-04-29 12:00:00+00:00,29330.3,29392.9,29280.1,29386.9,126796.41233022
2023-04-29 14:00:00+00:00,29386.6,29395.3,29225.2,29273.9,124190.1658476
2023-04-29 16:00:00+00:00,29270.0,29299.6,29036.3,29152.5,160728.3558652
2023-04-29 18:00:00+00:00,29152.6,29319.9,29130.2,29240.2,125917.65707761
2023-04-29 20:00:00+00:00,29238.2,29272.5,29180.2,29229.4,61624.38336882
2023-04-29 22:00:00+00:00,29231.9,29243.4,29141.2,29228.4,104930.52166671
2023-04-30 00:00:00+00:00,29229.0,29250.0,29091.1,29102.0,111800.60190999
2023-04-30 02:00:00+00:00,29102.0,29191.2,29091.2,29179.7,77118.84494709
2023-04-30 04:00:00+00:00,29180.0,29267.3,29171.6,29262.3,96691.33573014
2023-04-30 06:00:00+00:00,29260.0,29297.8,29238.0,29268.1,103850.85858572
2023-04-30 08:00:00+00:00,29266.8,29346.3,29224.0,29259.7,126568.03390055
2023-04-30 10:00:00+00:00,29257.1,29317.2,29166.7,29201.1,174379.34189057
2023-04-30 12:00:00+00:00,29201.2,29328.6,29188.1,29295.0,164624.48380242
2023-04-30 14:00:00+00:00,29296.0,29963.1,29258.4,29671.0,923015.80809255
2023-04-30 16:00:00+00:00,29661.9,29867.0,29626.6,29641.9,634296.58069114
2023-04-30 18:00:00+00:00,29641.9,29667.3,29214.2,29361.5,798363.3258596
2023-04-30 20:00:00+00:00,29362.9,29490.0,29159.3,29412.4,678709.7580002
2023-04-30 22:00:00+00:00,29412.4,29437.3,29180.1,29236.8,302798.05777303
2023-05-01 00:00:00+00:00,29240.1,29337.2,28388.7,28510.1,750480.78612489
2023-05-01 02:00:00+00:00,28510.0,28679.5,28423.1,28561.9,576745.47386371
2023-05-01 04:00:00+00:00,28562.4,28634.1,28283.0,28484.9,409017.95086357
2023-05-01 06:00:00+00:00,28485.1,28710.5,28450.9,28628.1,373253.42207545
2023-05-01 08:00:00+00:00,28627.6,28664.9,28493.3,28522.1,239984.25200585
2023-05-01 10:00:00+00:00,28522.5,28584.2,28485.7,28527.8,214645.70512186
2023-05-01 12:00:00+00:00,28527.8,28629.8,28448.1,28460.5,410957.69469698
2023-05-01 14:00:00+00:00,28460.5,28573.2,28072.9,28170.1,1068923.57737073
2023-05-01 16:00:00+00:00,28170.2,28404.3,28017.9,28277.6,720240.20711472
2023-05-01 18:00:00+00:00,28278.9,28293.0,27805.2,27839.2,880961.51861168
2023-05-01 20:00:00+00:00,27837.2,28070.9,27663.0,27991.3,652600.71486806
2023-05-01 22:00:00+00:00,27991.8,28142.8,27941.6,28070.4,420691.64185403
2023-05-02 00:00:00+00:00,28073.0,28142.8,27924.0,27934.8,460155.96050611
2023-05-02 02:00:00+00:00,27938.9,28049.3,27926.9,28043.6,344200.93442319
2023-05-02 04:00:00+00:00,28043.9,28051.0,27880.9,28000.3,206345.25561437
2023-05-02 06:00:00+00:00,28000.3,28156.8,27966.1,28060.1,266084.93570886
2023-05-02 08:00:00+00:00,28060.1,28134.1,27950.1,27987.8,297323.08060737
2023-05-02 10:00:00+00:00,27984.6,28101.7,27972.2,28086.2,265376.43270352
2023-05-02 12:00:00+00:00,28086.3,28232.2,27938.7,28005.9,577264.44273438
2023-05-02 14:00:00+00:00,28006.1,28756.8,27913.3,28538.4,1769670.58251968
2023-05-02 16:00:00+00:00,28535.3,28609.0,28434.6,28584.4,587430.41002567
2023-05-02 18:00:00+00:00,28584.5,28880.8,28533.7,28682.2,900921.16459706
2023-05-02 20:00:00+00:00,28682.6,28786.9,28619.1,28662.9,339798.99684115
2023-05-02 22:00:00+00:00,28662.9,28810.9,28623.7,28666.0,405365.19466128
2023-05-03 00:00:00+00:00,28666.4,28685.9,28485.6,28543.5,543279.95354716
2023-05-03 02:00:00+00:00,28537.6,28544.6,28338.6,28516.5,428702.47663523
2023-05-03 04:00:00+00:00,28516.5,28529.4,28431.8,28477.5,208929.03650302
2023-05-03 06:00:00+00:00,28476.9,28678.3,28434.8,28652.3,403511.37183112
2023-05-03 08:00:00+00:00,28653.3,28769.0,28590.1,28664.9,331294.56156498
2023-05-03 10:00:00+00:00,28665.0,28680.5,28531.0,28545.2,354633.45710984
2023-05-03 12:00:00+00:00,28545.2,28579.0,28133.3,28376.7,1223003.56969384
2023-05-03 14:00:00+00:00,28377.7,28384.2,28122.0,28306.4,770237.27704449
2023-05-03 16:00:00+00:00,28306.4,28777.2,28247.1,28568.7,985285.41553073
2023-05-03 18:00:00+00:00,28568.8,28785.7,28216.3,28319.6,1943189.21827381
2023-05-03 20:00:00+00:00,28319.6,29060.5,28285.7,28925.2,717592.42037252
2023-05-03 22:00:00+00:00,28925.2,29269.6,28925.2,29028.8,802770.326516
2023-05-04 00:00:00+00:00,29029.7,29111.0,28955.1,29071.4,445520.76056151
2023-05-04 02:00:00+00:00,29071.5,29189.1,28990.9,29096.0,398240.23749074
2023-05-04 04:00:00+00:00,29096.1,29215.1,29055.5,29201.5,356688.16903077
2023-05-04 06:00:00+00:00,29202.2,29238.8,29038.1,29057.0,387320.77993421
2023-05-04 08:00:00+00:00,29057.0,29110.0,28981.7,29086.8,288486.64068328
2023-05-04 10:00:00+00:00,29087.7,29375.0,29065.0,29156.4,472402.99772841
2023-05-04 12:00:00+00:00,29156.8,29234.0,28675.4,28760.3,736415.87127942
2023-05-04 14:00:00+00:00,28760.4,28941.9,28736.9,28866.3,595151.8053698
2023-05-04 16:00:00+00:00,28866.1,28973.2,28790.0,28842.3,533914.86098911
2023-05-04 18:00:00+00:00,28842.0,28896.4,28673.6,28890.4,692987.92470319
2023-05-04 20:00:00+00:00,28891.2,28917.9,28790.6,28844.4,293016.55061801
2023-05-04 22:00:00+00:00,28844.7,28860.2,28751.0,28842.0,323857.83440707
2023-05-05 00:00:00+00:00,28841.7,29345.3,28821.0,29328.2,626847.88639305
2023-05-05 02:00:00+00:00,29328.5,29522.4,29146.1,29197.6,655310.64573517
2023-05-05 04:00:00+00:00,29198.0,29272.3,29160.1,29196.4,287323.50688761
2023-05-05 06:00:00+00:00,29195.9,30000.1,29041.7,29063.8,482770.66503926
2023-05-05 08:00:00+00:00,29063.9,29139.9,29022.8,29104.1,350150.22111946
2023-05-05 10:00:00+00:00,29104.2,29193.5,29069.1,29148.8,339580.220461
2023-05-05 12:00:00+00:00,29149.9,29269.5,28771.9,29173.5,997183.64763362
2023-05-05 14:00:00+00:00,29174.7,29435.6,29112.1,29358.6,828467.5083095
2023-05-05 16:00:00+00:00,29357.0,29679.4,29357.0,29466.4,897567.82216213
2023-05-05 18:00:00+00:00,29465.4,29563.0,29316.9,29563.0,600907.41173513
2023-05-05 20:00:00+00:00,29563.0,29583.6,29453.7,29489.4,278445.77084289
2023-05-05 22:00:00+00:00,29488.1,29649.9,29476.1,29507.8,327267.75911276
2023-05-06 00:00:00+00:00,29507.8,29825.0,29482.4,29545.1,623708.0650201
2023-05-06 02:00:00+00:00,29543.6,29543.6,29340.2,29360.3,338584.0818725
2023-05-06 04:00:00+00:00,29360.9,29413.1,29326.7,29350.8,209642.53612609
2023-05-06 06:00:00+00:00,29350.9,29433.3,29267.1,29361.6,299024.41916833
2023-05-06 08:00:00+00:00,29361.0,29365.9,29138.7,29289.5,380292.47090246
2023-05-06 10:00:00+00:00,29283.8,29320.8,29202.7,29267.6,298940.44551032
2023-05-06 12:00:00+00:00,29266.6,29269.4,28870.5,28938.0,620697.2434203
2023-05-06 14:00:00+00:00,28937.3,28937.3,28349.7,28577.0,884517.01769532
2023-05-06 16:00:00+00:00,28575.5,28843.1,28541.2,28769.1,467877.73488762
2023-05-06 18:00:00+00:00,28769.2,28961.8,28769.1,28840.9,442546.23873882
2023-05-06 20:00:00+00:00,28838.6,28869.8,28640.1,28807.7,347427.24602984
2023-05-06 22:00:00+00:00,28807.9,28878.7,28759.8,28849.2,267689.77812452
2023-05-07 00:00:00+00:00,28850.8,29141.3,28793.5,28887.0,468584.16880303
2023-05-07 02:00:00+00:00,28888.0,28947.7,28745.5,28802.3,351361.04990053
2023-05-07 04:00:00+00:00,28802.8,28913.7,28787.1,28888.3,251333.02061254
2023-05-07 06:00:00+00:00,28888.4,28952.5,28871.7,28908.8,217989.84149442
2023-05-07 08:00:00+00:00,28906.6,28960.1,28757.8,28813.8,220479.3684481
2023-05-07 10:00:00+00:00,28813.3,28908.0,28716.7,28836.9,278407.20722321
2023-05-07 12:00:00+00:00,28837.0,28985.5,28837.0,28919.7,306310.54753363
2023-05-07 14:00:00+00:00,28919.8,29092.2,28882.7,28947.2,500092.98823468
2023-05-07 16:00:00+00:00,28946.8,29031.0,28816.7,28903.9,383365.36819122
2023-05-07 18:00:00+00:00,28904.9,28958.0,28774.9,28909.6,281037.61555008
2023-05-07 20:00:00+00:00,28906.4,28951.7,28753.9,28771.5,226757.44825563
2023-05-07 22:00:00+00:00,28772.9,28844.7,28391.1,28428.6,637238.52306316
2023-05-08 00:00:00+00:00,28430.6,28627.8,28064.6,28216.6,784317.38277163
2023-05-08 02:00:00+00:00,28215.2,28299.9,28021.4,28193.6,567542.8730484
2023-05-08 04:00:00+00:00,28195.2,28265.7,28078.3,28259.9,404430.64401873
2023-05-08 06:00:00+00:00,28259.9,28259.9,27828.4,27972.5,462922.15510387
2023-05-08 08:00:00+00:00,27971.0,27989.9,27588.3,27918.1,768051.75104915
2023-05-08 10:00:00+00:00,27919.1,27969.9,27869.5,27926.8,372614.56001225
2023-05-08 12:00:00+00:00,27926.8,27968.4,27732.4,27854.5,650404.5596839
2023-05-08 14:00:00+00:00,27854.9,28080.5,27682.7,27888.3,787675.7361454
2023-05-08 16:00:00+00:00,27888.3,27927.6,27583.9,27585.8,611272.56687326
2023-05-08 18:00:00+00:00,27585.6,27600.4,27288.1,27337.2,1094248.81647677
2023-05-08 20:00:00+00:00,27338.6,27653.7,27263.5,27543.0,643848.48241274
2023-05-08 22:00:00+00:00,27543.1,27696.0,27524.1,27666.1,350084.41780629
2023-05-09 00:00:00+00:00,27666.2,27746.1,27542.4,27700.0,406820.73565665
2023-05-09 02:00:00+00:00,27700.8,27703.0,27552.0,27628.2,293463.97515131
2023-05-09 04:00:00+00:00,27628.2,27645.9,27521.1,27548.1,343511.51311778
2023-05-09 06:00:00+00:00,27549.2,27665.6,27442.7,27662.7,435626.55742766
2023-05-09 08:00:00+00:00,27662.7,27665.2,27536.9,27583.5,366158.95673008
2023-05-09 10:00:00+00:00,27583.9,27724.9,27520.0,27678.8,350986.88389185
2023-05-09 12:00:00+00:00,27678.1,28000.0,27560.1,27619.8,586967.02295311
2023-05-09 14:00:00+00:00,27619.9,27628.1,27374.1,27396.0,756291.45969427
2023-05-09 16:00:00+00:00,27396.0,27750.0,27350.1,27612.3,685851.14731324
2023-05-09 18:00:00+00:00,27612.1,27718.3,27490.5,27715.7,458760.06087739
2023-05-09 20:00:00+00:00,27716.1,27771.4,27583.8,27601.4,313398.64224304
2023-05-09 22:00:00+00:00,27601.4,27658.7,27524.1,27628.5,223609.96952034
2023-05-10 00:00:00+00:00,27628.3,27841.8,27621.9,27700.4,361878.55989844
2023-05-10 02:00:00+00:00,27695.5,27744.5,27645.2,27682.7,196320.89821706
2023-05-10 04:00:00+00:00,27682.8,27722.2,27645.0,27654.8,171994.9852847
2023-05-10 06:00:00+00:00,27655.5,27655.5,27529.4,27542.4,357567.96855243
2023-05-10 08:00:00+00:00,27541.7,27609.0,27478.8,27581.5,311742.37305207
2023-05-10 10:00:00+00:00,27580.2,27680.0,27536.2,27677.6,254171.07544647
2023-05-10 12:00:00+00:00,27675.3,28311.5,27638.0,28169.0,1132769.62183286
2023-05-10 14:00:00+00:00,28168.7,28249.9,28057.2,28153.5,631292.03241709
2023-05-10 16:00:00+00:00,28153.8,28298.0,26767.9,27493.3,1182194.16194043
2023-05-10 18:00:00+00:00,27493.9,27789.4,27359.0,27686.3,854120.67623635
2023-05-10 20:00:00+00:00,27686.7,27977.9,27322.4,27507.7,663022.33162232
2023-05-10 22:00:00+00:00,27507.7,27722.7,27489.5,27598.7,405989.64574095
2023-05-11 00:00:00+00:00,27598.8,27617.9,27432.3,27551.3,455509.81673384
2023-05-11 02:00:00+00:00,27552.5,27573.5,27366.5,27447.9,320518.66184368
2023-05-11 04:00:00+00:00,27447.2,27541.2,27390.2,27534.0,315602.48363025
2023-05-11 06:00:00+00:00,27532.9,27552.7,27420.0,27451.8,277330.30220818
2023-05-11 08:00:00+00:00,27451.7,27451.7,27281.6,27417.3,419892.92371346
2023-05-11 10:00:00+00:00,27417.3,27485.1,27372.7,27404.5,247833.12885523
2023-05-11 12:00:00+00:00,27404.9,27624.5,27115.7,27208.9,1068486.83118089
2023-05-11 14:00:00+00:00,27208.4,27333.2,26954.7,27178.4,1015740.79585963
2023-05-11 16:00:00+00:00,27178.3,27214.6,26751.2,26908.4,963867.76746605
2023-05-11 18:00:00+00:00,26906.3,27056.4,26723.7,26841.3,961338.91925396
2023-05-11 20:00:00+00:00,26841.9,27058.2,26806.4,26976.4,464843.26862533
2023-05-11 22:00:00+00:00,26976.5,27054.3,26818.6,26969.9,491819.99048041
2023-05-12 00:00:00+00:00,26969.9,27081.5,26847.5,26876.1,504809.51810029
2023-05-12 02:00:00+00:00,26876.7,26890.0,26532.3,26584.2,732381.01542719
2023-05-12 04:00:00+00:00,26584.2,26708.3,26175.9,26277.7,645602.22605168
2023-05-12 06:00:00+00:00,26274.8,26388.7,26121.2,26312.1,913874.92465734
2023-05-12 08:00:00+00:00,26312.9,26437.9,26234.3,26381.7,502581.44562245
2023-05-12 10:00:00+00:00,26381.7,26428.4,26324.4,26350.1,392765.81547647
2023-05-12 12:00:00+00:00,26348.7,26528.2,26325.0,26456.1,743360.61172974
2023-05-12 14:00:00+00:00,26455.6,26604.4,26268.4,26319.3,838122.13981868
2023-05-12 16:00:00+00:00,26317.7,26403.9,26250.3,26300.1,575700.25543938
2023-05-12 18:00:00+00:00,26300.1,26484.8,25733.3,26459.9,960265.64479451
2023-05-12 20:00:00+00:00,26459.9,26816.7,26361.9,26752.0,817278.02702551
2023-05-12 22:00:00+00:00,26748.8,26893.9,26638.3,26793.9,503426.18972477
2023-05-13 00:00:00+00:00,26793.9,26985.3,26689.7,26830.4,477752.05145175
2023-05-13 02:00:00+00:00,26830.4,26856.3,26768.0,26807.9,259212.81915922
2023-05-13 04:00:00+00:00,26807.9,26870.0,26739.7,26742.1,272272.11231634
2023-05-13 06:00:00+00:00,26742.1,26799.8,26695.6,26772.7,221756.49427081
2023-05-13 08:00:00+00:00,26773.0,26850.0,26747.5,26844.9,214642.85167568
2023-05-13 10:00:00+00:00,26844.8,26879.5,26775.0,26825.3,210433.77280701
2023-05-13 12:00:00+00:00,26825.3,26902.0,26770.5,26824.7,365505.17135544
2023-05-13 14:00:00+00:00,26824.7,26847.4,26741.2,26815.0,327195.06001157
2023-05-13 16:00:00+00:00,26815.1,26846.0,26785.9,26811.3,237462.90761995
2023-05-13 18:00:00+00:00,26811.3,27048.3,26771.2,26839.6,520116.7230201
2023-05-13 20:00:00+00:00,26839.6,26940.0,26839.3,26861.9,263311.17762974
2023-05-13 22:00:00+00:00,26860.8,26924.6,26747.0,26771.6,269386.00812163
2023-05-14 00:00:00+00:00,26772.5,26807.1,26587.6,26728.7,450280.62378023
2023-05-14 02:00:00+00:00,26727.2,26873.9,26722.2,26865.8,240838.36361803
2023-05-14 04:00:00+00:00,26865.8,26879.4,26793.4,26828.6,186370.54259073
2023-05-14 06:00:00+00:00,26830.0,26899.8,26821.5,26854.7,210104.16566802
2023-05-14 08:00:00+00:00,26854.9,26886.7,26807.4,26843.6,128096.12476083
2023-05-14 10:00:00+00:00,26843.5,26850.0,26794.5,26808.7,132702.94877892
2023-05-14 12:00:00+00:00,26808.7,26925.5,26743.8,26913.5,309563.74968105
2023-05-14 14:00:00+00:00,26913.2,27190.8,26850.0,27081.9,592498.01375695
2023-05-14 16:00:00+00:00,27081.9,27131.0,26867.2,26938.1,450711.52206586
2023-05-14 18:00:00+00:00,26937.2,26951.2,26825.4,26881.5,351341.90995281
2023-05-14 20:00:00+00:00,26880.1,26955.5,26841.2,26902.7,243036.1919625
2023-05-14 22:00:00+00:00,26902.8,26939.8,26855.3,26915.2,183226.74552006
2023-05-15 00:00:00+00:00,26914.8,27301.5,26724.1,27213.8,803844.23416133
2023-05-15 02:00:00+00:00,27213.8,27259.9,27125.3,27230.5,493970.43143551
2023-05-15 04:00:00+00:00,27230.5,27378.0,27182.0,27338.2,479178.65968482
2023-05-15 06:00:00+00:00,27338.7,27541.5,27312.6,27409.3,612227.11560384
2023-05-15 08:00:00+00:00,27409.4,27482.5,27336.8,27390.5,304483.18351065
2023-05-15 10:00:00+00:00,27390.6,27454.4,27318.0,27333.3,258821.69876382
2023-05-15 12:00:00+00:00,27333.5,27450.4,27330.1,27377.4,370321.50748739
2023-05-15 14:00:00+00:00,27377.6,27535.6,27226.8,27396.7,663608.85882593
2023-05-15 16:00:00+00:00,27396.8,27665.1,27370.1,27509.7,794103.05874443
2023-05-15 18:00:00+00:00,27509.8,27522.8,27318.9,27413.0,419709.19111603
2023-05-15 20:00:00+00:00,27420.6,27422.0,27315.4,27363.0,208676.14537522
2023-05-15 22:00:00+00:00,27363.0,27368.3,27140.3,27163.7,316657.66454846
2023-05-16 00:00:00+00:00,27164.6,27302.7,26856.5,27027.5,793940.06829712
2023-05-16 02:00:00+00:00,27026.4,27144.1,26976.2,27134.8,345861.38798761
2023-05-16 04:00:00+00:00,27135.0,27160.6,27034.0,27062.3,220185.80290904
2023-05-16 06:00:00+00:00,27062.3,27250.0,26993.0,27249.9,392036.30736762
2023-05-16 08:00:00+00:00,27250.0,27285.4,27075.2,27089.7,484257.87117362
2023-05-16 10:00:00+00:00,27089.3,27125.3,26996.2,27058.2,396449.12827864
2023-05-16 12:00:00+00:00,27058.2,27134.0,26975.9,26982.5,595491.74886928
2023-05-16 14:00:00+00:00,26982.5,27093.8,26900.1,27042.1,708374.96546634
2023-05-16 16:00:00+00:00,27041.1,27141.8,26958.4,27093.2,515501.09524945
2023-05-16 18:00:00+00:00,27090.6,27120.6,26881.5,26934.1,371699.46687742
2023-05-16 20:00:00+00:00,26931.6,27050.0,26895.7,27015.0,348352.7668509
2023-05-16 22:00:00+00:00,27015.0,27050.3,26963.6,27033.9,238608.65787722
2023-05-17 00:00:00+00:00,27033.4,27243.1,26980.2,27168.4,492494.53239902
2023-05-17 02:00:00+00:00,27168.5,27190.1,27041.5,27061.7,309431.3375012
2023-05-17 04:00:00+00:00,27062.9,27103.3,26981.6,26991.6,254269.79571274
2023-05-17 06:00:00+00:00,26991.6,27035.6,26762.1,26845.3,402810.11076382
2023-05-17 08:00:00+00:00,26845.4,26873.0,26770.7,26868.3,266823.03898867
2023-05-17 10:00:00+00:00,26868.4,26910.2,26575.1,26637.1,548628.74981722
2023-05-17 12:00:00+00:00,26637.1,26764.6,26594.3,26626.5,615357.06178982
2023-05-17 14:00:00+00:00,26626.5,26837.3,26553.2,26797.4,798224.4691338
2023-05-17 16:00:00+00:00,26797.8,27166.9,26742.7,27085.5,679733.54804716
2023-05-17 18:00:00+00:00,27085.8,27439.1,27066.7,27380.0,797186.43729103
2023-05-17 20:00:00+00:00,27380.5,27515.7,27273.1,27364.9,557609.62610951
2023-05-17 22:00:00+00:00,27365.2,27426.2,27300.5,27404.4,289452.77770191
2023-05-18 00:00:00+00:00,27405.3,27482.8,27306.2,27320.8,308245.52958033
2023-05-18 02:00:00+00:00,27320.9,27387.0,27289.2,27363.8,233237.88383055
2023-05-18 04:00:00+00:00,27364.5,27365.0,27223.0,27223.0,201425.56193052
2023-05-18 06:00:00+00:00,27223.1,27449.8,27154.1,27389.0,445803.06954918
2023-05-18 08:00:00+00:00,27388.9,27435.5,27347.8,27404.8,336262.75278038
2023-05-18 10:00:00+00:00,27404.8,27426.7,27341.0,27399.9,212655.0140345
2023-05-18 12:00:00+00:00,27399.7,27468.2,27177.4,27262.0,683728.511373
2023-05-18 14:00:00+00:00,27260.0,27406.2,27021.0,27087.8,920127.00537702
2023-05-18 16:00:00+00:00,27086.6,27109.4,26368.0,26483.7,965472.04997614
2023-05-18 18:00:00+00:00,26491.3,26844.6,26420.0,26734.2,891517.41516579
2023-05-18 20:00:00+00:00,26733.9,27059.9,26690.0,26920.4,441009.46863094
2023-05-18 22:00:00+00:00,26919.9,26945.4,26815.9,26818.6,340621.04286726
2023-05-19 00:00:00+00:00,26818.6,26926.5,26748.4,26808.3,324675.59681785
2023-05-19 02:00:00+00:00,26808.3,26877.0,26764.8,26835.1,222382.43412573
2023-05-19 04:00:00+00:00,26835.2,26890.8,26813.6,26877.9,113091.38526978
2023-05-19 06:00:00+00:00,26877.9,26961.9,26850.4,26858.5,176362.22594728
2023-05-19 08:00:00+00:00,26858.1,26932.7,26824.0,26845.1,204716.20999131
2023-05-19 10:00:00+00:00,26845.1,26882.0,26796.3,26815.1,175232.97654796
2023-05-19 12:00:00+00:00,26815.2,26815.2,26814.5,26814.6,254.33604317
2023-05-19 14:00:00+00:00,26814.6,26814.6,26814.6,26814.6,0.0
2023-05-19 16:00:00+00:00,26814.5,26969.8,26814.5,26919.6,167333.80456672
2023-05-19 18:00:00+00:00,26919.4,26941.2,26781.3,26835.6,272601.54153452
2023-05-19 20:00:00+00:00,26836.4,26908.4,26809.6,26907.1,140659.54718912
2023-05-19 22:00:00+00:00,26902.8,26918.6,26861.0,26885.3,90356.91533563
2023-05-20 00:00:00+00:00,26885.3,26911.5,26829.6,26862.9,100206.4125426
2023-05-20 02:00:00+00:00,26863.0,26878.3,26837.5,26866.9,66953.47525482
2023-05-20 04:00:00+00:00,26867.0,26874.9,26846.0,26868.5,59573.65995829
2023-05-20 06:00:00+00:00,26869.0,26873.6,26840.2,26856.4,53055.72439128
2023-05-20 08:00:00+00:00,26856.5,26918.9,26856.4,26883.0,71402.66972657
2023-05-20 10:00:00+00:00,26883.0,26903.0,26874.9,26881.8,40929.59957634
2023-05-20 12:00:00+00:00,26881.8,26950.8,26878.7,26892.7,104668.27427869
2023-05-20 14:00:00+00:00,26892.9,26980.0,26889.3,26947.5,97162.88630384
2023-05-20 16:00:00+00:00,26948.1,27254.8,26915.9,27139.3,176449.32163393
2023-05-20 18:00:00+00:00,27138.0,27150.2,26970.2,27063.9,244223.51579097
2023-05-20 20:00:00+00:00,27065.3,27094.0,26968.8,27039.5,106470.95422579
2023-05-20 22:00:00+00:00,27039.4,27132.8,27015.3,27113.5,116376.80650557
2023-05-21 00:00:00+00:00,27104.6,27283.2,27063.1,27164.8,222702.18811175
2023-05-21 02:00:00+00:00,27161.3,27195.6,27147.5,27181.7,105084.91656391
2023-05-21 04:00:00+00:00,27181.4,27181.4,27091.7,27097.0,84244.65566744
2023-05-21 06:00:00+00:00,27097.1,27104.4,27045.9,27059.0,84352.08157343
2023-05-21 08:00:00+00:00,27059.1,27083.6,27024.5,27083.5,88121.26722397
2023-05-21 10:00:00+00:00,27083.6,27090.4,26783.4,26833.7,329563.9590836
2023-05-21 12:00:00+00:00,26832.2,26946.9,26808.1,26890.8,207933.96157202
2023-05-21 14:00:00+00:00,26890.8,26979.9,26811.0,26899.8,243663.81131759
2023-05-21 16:00:00+00:00,26901.2,26930.4,26836.0,26878.6,210545.62307559
2023-05-21 18:00:00+00:00,26873.5,26914.4,26844.8,26902.5,120696.02815065
2023-05-21 20:00:00+00:00,26902.5,26924.6,26661.6,26752.3,268816.18877787
2023-05-21 22:00:00+00:00,26750.0,26805.8,26725.5,26746.0,148314.88453531
2023-05-22 00:00:00+00:00,26745.5,26783.3,26545.6,26588.7,464243.56176309
2023-05-22 02:00:00+00:00,26585.1,26678.6,26539.4,26647.5,228615.01802869
2023-05-22 04:00:00+00:00,26649.0,26799.6,26645.6,26760.5,193624.96832286
2023-05-22 06:00:00+00:00,26758.1,26919.2,26756.3,26848.0,274795.80326693
2023-05-22 08:00:00+00:00,26848.1,26906.0,26826.4,26864.0,182884.3309715
2023-05-22 10:00:00+00:00,26864.1,26882.3,26771.6,26828.5,182395.69827593
2023-05-22 12:00:00+00:00,26825.3,27097.9,26704.6,27005.7,460687.56700874
2023-05-22 14:00:00+00:00,27005.5,27041.5,26774.4,26876.7,670058.92008408
2023-05-22 16:00:00+00:00,26874.7,26923.3,26781.0,26851.0,290792.80064464
2023-05-22 18:00:00+00:00,26850.9,26934.8,26822.3,26864.2,174829.29980378
2023-05-22 20:00:00+00:00,26865.7,26961.6,26834.2,26902.6,93763.13212838
2023-05-22 22:00:00+00:00,26902.6,26914.9,26831.1,26847.6,77917.08594208
2023-05-23 00:00:00+00:00,26847.7,27116.3,26797.9,26990.2,339488.30433918
2023-05-23 02:00:00+00:00,26990.7,27471.4,26990.7,27380.1,481318.93314376
2023-05-23 04:00:00+00:00,27380.1,27495.3,27351.0,27388.8,309336.96140993
2023-05-23 06:00:00+00:00,27388.8,27427.1,27210.0,27307.8,269694.38774722
2023-05-23 08:00:00+00:00,27308.1,27338.2,27260.1,27275.1,151758.11831501
2023-05-23 10:00:00+00:00,27275.0,27355.9,27256.1,27340.5,163405.21559972
2023-05-23 12:00:00+00:00,27340.5,27387.4,27186.5,27239.7,337963.44310004
2023-05-23 14:00:00+00:00,27239.8,27363.7,27235.4,27324.4,300813.40024518
2023-05-23 16:00:00+00:00,27324.5,27330.9,27186.8,27203.7,227736.9493076
2023-05-23 18:00:00+00:00,27202.3,27227.5,27105.9,27188.4,266864.98626106
2023-05-23 20:00:00+00:00,27186.6,27251.7,27156.9,27200.1,133718.42741458
2023-05-23 22:00:00+00:00,27200.1,27260.6,27182.2,27225.3,121939.71348281
2023-05-24 00:00:00+00:00,27225.3,27225.3,27131.7,27136.3,174184.70443659
2023-05-24 02:00:00+00:00,27136.2,27175.9,26678.1,26788.9,478225.09556469
2023-05-24 04:00:00+00:00,26789.9,26823.4,26713.0,26776.3,284145.82446088
2023-05-24 06:00:00+00:00,26776.0,26777.1,26650.6,26679.1,235762.05640667
2023-05-24 08:00:00+00:00,26678.3,26837.2,26670.6,26749.1,226004.47861434
2023-05-24 10:00:00+00:00,26748.2,26764.3,26682.3,26743.7,157969.97372907
2023-05-24 12:00:00+00:00,26743.9,26743.9,26282.0,26438.3,414579.55008176
2023-05-24 14:00:00+00:00,26437.9,26437.9,26078.5,26315.4,924597.45188568
2023-05-24 16:00:00+00:00,26315.8,26357.0,26158.4,26277.3,501467.56424157
2023-05-24 18:00:00+00:00,26278.6,26393.3,26206.7,26255.0,420336.3971514
2023-05-24 20:00:00+00:00,26255.1,26486.8,26239.4,26365.5,402452.41493347
2023-05-24 22:00:00+00:00,26365.8,26410.6,26310.6,26329.7,154602.88518817
2023-05-25 00:00:00+00:00,26326.9,26395.7,25880.1,26116.8,528348.67713658
2023-05-25 02:00:00+00:00,26116.9,26220.0,26050.3,26181.0,243488.03222326
2023-05-25 04:00:00+00:00,26181.1,26272.5,26150.7,26259.4,175237.80950411
2023-05-25 06:00:00+00:00,26259.5,26289.9,26128.4,26128.4,160266.90917403
2023-05-25 08:00:00+00:00,26128.5,26283.1,24880.0,26283.1,344727.15862897
2023-05-25 10:00:00+00:00,26283.2,26335.9,26209.5,26297.0,166506.45556663
2023-05-25 12:00:00+00:00,26297.2,26480.0,26269.9,26336.4,552990.75233997
2023-05-25 14:00:00+00:00,26336.5,26424.1,26167.7,26225.1,498633.48912221
2023-05-25 16:00:00+00:00,26223.3,26398.0,26204.5,26351.4,385524.60372368
2023-05-25 18:00:00+00:00,26355.7,26628.1,26329.8,26468.3,461102.95775732
2023-05-25 20:00:00+00:00,26468.0,26519.9,26434.5,26473.0,179414.23818356
2023-05-25 22:00:00+00:00,26472.9,26547.0,26432.0,26472.9,180282.38402579
2023-05-26 00:00:00+00:00,26472.8,26538.9,26348.4,26417.3,374706.38867438
2023-05-26 02:00:00+00:00,26414.7,26466.5,26386.1,26438.9,140653.71308473
2023-05-26 04:00:00+00:00,26439.3,26454.3,26342.7,26351.6,93186.05182281
2023-05-26 06:00:00+00:00,26352.7,26530.0,26333.4,26502.6,67501.54487079
2023-05-26 08:00:00+00:00,26502.7,26544.1,26425.3,26446.7,127617.75229383
2023-05-26 10:00:00+00:00,26446.7,26504.3,26424.3,26462.1,118943.76203661
2023-05-26 12:00:00+00:00,26462.7,26595.5,26361.9,26538.8,463228.12272566
2023-05-26 14:00:00+00:00,26539.0,26939.9,26539.0,26754.8,675217.69708816
2023-05-26 16:00:00+00:00,26755.5,26840.2,26681.8,26714.5,198840.29642262
2023-05-26 18:00:00+00:00,26714.5,26819.9,26609.6,26768.3,282876.83922369
2023-05-26 20:00:00+00:00,26769.5,26804.3,26719.5,26725.1,111460.82799617
2023-05-26 22:00:00+00:00,26725.1,26753.3,26681.2,26704.4,80768.93704298
2023-05-27 00:00:00+00:00,26704.4,26716.3,26631.3,26711.9,114731.93441928
2023-05-27 02:00:00+00:00,26712.7,26779.4,26686.1,26752.5,87440.08575563
2023-05-27 04:00:00+00:00,26752.6,26785.5,26721.9,26727.6,76616.95504384
2023-05-27 06:00:00+00:00,26727.4,26759.1,26708.6,26722.8,41821.44508683
2023-05-27 08:00:00+00:00,26718.6,26731.9,26679.1,26700.1,63551.10212837
2023-05-27 10:00:00+00:00,26700.1,26716.6,26667.9,26697.4,58803.41743445
2023-05-27 12:00:00+00:00,26697.5,26830.0,26551.5,26631.4,143451.7655877
2023-05-27 14:00:00+00:00,26627.2,26720.6,26610.2,26689.3,161875.14597813
2023-05-27 16:00:00+00:00,26689.3,26761.1,26623.0,26754.2,92560.42446083
2023-05-27 18:00:00+00:00,26754.3,26844.5,26702.7,26730.7,107424.65581976
2023-05-27 20:00:00+00:00,26730.7,26782.6,26725.4,26772.1,79923.61528846
2023-05-27 22:00:00+00:00,26772.1,26888.4,26762.1,26855.4,110759.3148973
2023-05-28 00:00:00+00:00,26855.4,27285.3,26765.8,27095.6,409924.42815469
2023-05-28 02:00:00+00:00,27095.6,27243.7,27075.0,27183.4,183366.71898915
2023-05-28 04:00:00+00:00,27183.5,27283.6,27129.4,27166.4,166500.53236748
2023-05-28 06:00:00+00:00,27166.8,27224.9,27166.8,27219.7,73142.5443278
2023-05-28 08:00:00+00:00,27219.9,27232.2,27141.3,27153.6,63155.77668823
2023-05-28 10:00:00+00:00,27153.5,27336.3,27144.5,27156.1,165799.57748998
2023-05-28 12:00:00+00:00,27156.6,27222.8,27106.2,27183.2,122465.74901511
2023-05-28 14:00:00+00:00,27183.2,27274.7,27175.3,27271.8,119313.51034746
2023-05-28 16:00:00+00:00,27272.0,27461.3,27212.0,27351.4,254370.41775288
2023-05-28 18:00:00+00:00,27350.0,27826.8,27314.9,27526.9,487384.11912826
2023-05-28 20:00:00+00:00,27528.0,27985.2,27528.0,27840.2,254381.8854576
2023-05-28 22:00:00+00:00,27840.6,28399.9,27840.6,28069.1,637032.66889379
2023-05-29 00:00:00+00:00,28069.3,28444.4,28069.3,28164.1,477859.43377414
2023-05-29 02:00:00+00:00,28164.0,28179.7,27913.0,27952.8,250751.0957012
2023-05-29 04:00:00+00:00,27952.8,28051.2,27858.1,27995.5,347959.9487374
2023-05-29 06:00:00+00:00,27995.4,28038.3,27840.8,27911.4,238315.20299616
2023-05-29 08:00:00+00:00,27911.4,27948.4,27848.4,27943.0,206693.7445512
2023-05-29 10:00:00+00:00,27943.0,27974.1,27752.0,27915.1,314125.64519231
2023-05-29 12:00:00+00:00,27915.1,27951.3,27863.6,27905.7,301918.2014952
2023-05-29 14:00:00+00:00,27905.7,27937.0,27595.5,27633.6,521393.24778847
2023-05-29 16:00:00+00:00,27633.6,27736.9,27532.1,27696.3,624062.25098078
2023-05-29 18:00:00+00:00,27696.4,27722.2,27613.6,27641.1,191080.6536747
2023-05-29 20:00:00+00:00,27641.1,27719.8,27631.7,27664.9,141183.73142776
2023-05-29 22:00:00+00:00,27664.8,27819.0,27557.1,27737.3,318102.64326981
2023-05-30 00:00:00+00:00,27737.4,27799.6,27589.0,27769.0,324538.68151033
2023-05-30 02:00:00+00:00,27769.5,27938.4,27724.0,27832.5,233568.48459922
2023-05-30 04:00:00+00:00,27831.1,27852.2,27677.7,27754.6,189360.91972304
2023-05-30 06:00:00+00:00,27755.3,27844.1,27729.4,27735.9,150618.41980989
2023-05-30 08:00:00+00:00,27735.9,27893.2,27714.3,27854.7,201454.44141011
2023-05-30 10:00:00+00:00,27854.8,28043.7,27854.8,28025.3,409779.67582797
2023-05-30 12:00:00+00:00,28024.9,28030.0,27757.0,27800.0,515260.24556511
2023-05-30 14:00:00+00:00,27800.0,27866.7,27630.0,27677.0,559267.45853668
2023-05-30 16:00:00+00:00,27677.0,27775.7,27561.2,27697.5,392899.33825031
2023-05-30 18:00:00+00:00,27698.1,27860.7,27666.9,27850.8,284106.88567333
2023-05-30 20:00:00+00:00,27850.5,27859.6,27658.8,27722.2,197465.18430163
2023-05-30 22:00:00+00:00,27722.1,27764.8,27655.9,27697.4,159810.18681697
2023-05-31 00:00:00+00:00,27696.4,27833.4,27662.1,27741.4,191171.00107037
2023-05-31 02:00:00+00:00,27741.1,27741.1,27575.8,27650.3,268935.41868024
2023-05-31 04:00:00+00:00,27650.3,27650.3,27018.8,27084.1,450059.41240084
2023-05-31 06:00:00+00:00,27076.1,27206.3,26978.9,27164.2,247693.29463308
2023-05-31 08:00:00+00:00,27163.9,27208.6,27057.1,27136.2,192095.89980832
2023-05-31 10:00:00+00:00,27136.2,27145.0,26997.7,27099.6,46481.75178994
2023-05-31 12:00:00+00:00,27099.0,27223.1,27058.0,27116.7,42532.7844083
2023-05-31 14:00:00+00:00,27116.7,27118.2,26844.4,26908.0,77919.07484852
2023-05-31 16:00:00+00:00,26906.6,27081.5,26838.0,27054.9,48942.30533357
2023-05-31 18:00:00+00:00,27056.1,27118.1,26998.2,27013.8,34385.03417714
2023-05-31 20:00:00+00:00,27014.6,27119.1,27002.3,27088.9,19902.89555738
2023-05-31 22:00:00+00:00,27089.6,27291.0,27083.1,27210.0,28269.66174281
2023-06-01 00:00:00+00:00,27210.0,27343.5,27021.9,27079.8,62305.62107459
2023-06-01 02:00:00+00:00,27079.8,27117.0,26614.8,26779.1,53367.10119724
2023-06-01 04:00:00+00:00,26779.2,26864.8,26754.0,26853.0,142964.24977313
2023-06-01 06:00:00+00:00,26853.1,26876.5,26763.9,26801.4,195686.14993656
2023-06-01 08:00:00+00:00,26801.4,26949.9,26788.1,26907.6,226620.71136007
2023-06-01 10:00:00+00:00,26907.6,26925.5,26839.2,26890.2,161397.05161052
2023-06-01 12:00:00+00:00,26890.2,26965.2,26808.8,26893.9,271143.1564858
2023-06-01 14:00:00+00:00,26894.0,26969.8,26834.0,26897.7,280572.1448799
2023-06-01 16:00:00+00:00,26898.5,27166.7,26803.4,26961.0,389437.30989371
2023-06-01 18:00:00+00:00,26961.0,27047.4,26686.5,26865.7,302934.63239446
2023-06-01 20:00:00+00:00,26865.8,26943.4,26827.4,26893.1,227912.00823108
2023-06-01 22:00:00+00:00,26893.1,26908.4,26726.4,26817.9,206499.79257637
2023-06-02 00:00:00+00:00,26818.3,26849.8,26541.0,26811.5,476327.36357747
2023-06-02 02:00:00+00:00,26812.9,27016.9,26809.4,26996.3,265988.21080151
2023-06-02 04:00:00+00:00,26996.4,27212.5,26949.4,27153.6,310024.94794632
2023-06-02 06:00:00+00:00,27154.5,27166.1,27045.8,27054.5,170785.52949557
2023-06-02 08:00:00+00:00,27046.4,27183.1,27046.2,27080.2,182965.72243263
2023-06-02 10:00:00+00:00,27080.3,27169.3,27059.9,27131.6,212985.96744132
2023-06-02 12:00:00+00:00,27131.0,27239.3,26860.8,26909.4,874653.20719634
2023-06-02 14:00:00+00:00,26907.7,27109.1,26887.6,27100.4,657857.34633062
2023-06-02 16:00:00+00:00,27096.4,27118.9,27024.7,27060.9,372719.67182738
2023-06-02 18:00:00+00:00,27060.9,27285.7,27007.4,27243.5,576717.94759489
2023-06-02 20:00:00+00:00,27243.6,27276.0,27146.4,27206.4,247631.21076887
2023-06-02 22:00:00+00:00,27206.1,27297.1,27201.4,27241.3,166339.04989934
2023-06-03 00:00:00+00:00,27241.5,27241.5,27096.1,27133.8,224631.85261058
2023-06-03 02:00:00+00:00,27133.9,27173.9,27128.4,27141.4,93038.2086254
2023-06-03 04:00:00+00:00,27141.4,27166.5,27108.2,27162.2,91732.23243795
2023-06-03 06:00:00+00:00,27162.3,27214.3,27162.2,27174.3,88316.10159904
2023-06-03 08:00:00+00:00,27174.4,27184.0,27132.4,27153.8,50083.60383276
2023-06-03 10:00:00+00:00,27153.8,27187.6,27117.7,27134.7,106751.14578547
2023-06-03 12:00:00+00:00,27134.8,27188.0,27134.7,27171.1,80422.20073375
2023-06-03 14:00:00+00:00,27171.4,27324.7,27128.6,27302.0,213496.43831695
2023-06-03 16:00:00+00:00,27301.9,27319.3,27120.8,27160.9,337002.64945883
2023-06-03 18:00:00+00:00,27160.9,27186.5,27027.0,27099.5,212401.47535546
2023-06-03 20:00:00+00:00,27098.4,27124.9,26918.2,27006.3,242393.71091525
2023-06-03 22:00:00+00:00,27006.3,27086.0,27005.7,27069.1,137307.50520022
2023-06-04 00:00:00+00:00,27069.2,27080.7,26949.9,27043.1,180487.11441125
2023-06-04 02:00:00+00:00,27043.1,27104.7,27031.9,27062.0,110812.55288709
2023-06-04 04:00:00+00:00,27062.0,27086.1,27026.2,27040.0,55615.86337086
2023-06-04 06:00:00+00:00,27040.1,27162.9,27040.0,27151.4,193803.55687104
2023-06-04 08:00:00+00:00,27151.1,27250.7,27125.8,27215.2,205561.62169042
2023-06-04 10:00:00+00:00,27215.3,27236.3,27175.0,27195.3,143571.24967225
2023-06-04 12:00:00+00:00,27195.3,27294.1,27160.0,27245.8,171519.43320255
2023-06-04 14:00:00+00:00,27245.1,27260.0,27167.6,27178.3,214304.0254676
2023-06-04 16:00:00+00:00,27177.7,27212.0,27156.3,27176.3,151789.19812442
2023-06-04 18:00:00+00:00,27176.3,27222.0,27176.2,27212.5,80207.3484845
2023-06-04 20:00:00+00:00,27212.4,27280.8,27188.0,27194.2,170840.68281471
2023-06-04 22:00:00+00:00,27193.2,27464.3,27046.9,27118.2,819304.23944963
2023-06-05 00:00:00+00:00,27118.1,27127.1,26950.1,27050.3,519533.01630496
2023-06-05 02:00:00+00:00,27050.5,27081.8,26801.0,26847.2,450668.44115991
2023-06-05 04:00:00+00:00,26847.2,26874.6,26752.6,26823.2,334006.69620839
2023-06-05 06:00:00+00:00,26823.6,26839.9,26750.6,26836.0,211895.57383636
2023-06-05 08:00:00+00:00,26836.0,26845.4,26720.0,26780.9,166440.9677705
2023-06-05 10:00:00+00:00,26781.0,26792.8,26667.7,26775.1,249416.18152412
2023-06-05 12:00:00+00:00,26775.1,26785.0,26643.1,26730.5,420059.11088126
2023-06-05 14:00:00+00:00,26730.5,26816.3,26005.1,26005.1,1238902.18094491
2023-06-05 16:00:00+00:00,26005.6,26272.6,25460.5,25755.2,1450498.79167389
2023-06-05 18:00:00+00:00,25755.2,25755.8,25387.7,25627.4,1123814.78735337
2023-06-05 20:00:00+00:00,25629.1,25679.8,25508.0,25657.0,550631.56970659
2023-06-05 22:00:00+00:00,25657.0,25856.0,25650.0,25727.3,417109.63671623
2023-06-06 00:00:00+00:00,25727.9,25754.0,25614.9,25629.9,375481.35820284
2023-06-06 02:00:00+00:00,25630.0,25790.0,25599.1,25730.1,279267.93866006
2023-06-06 04:00:00+00:00,25729.9,25814.6,25723.4,25769.8,170590.16478645
2023-06-06 06:00:00+00:00,25768.2,25813.0,25711.2,25727.0,186507.0478863
2023-06-06 08:00:00+00:00,25727.1,25749.5,25670.5,25703.3,130509.35434664
2023-06-06 10:00:00+00:00,25703.0,25795.2,25637.1,25685.6,141063.48076192
2023-06-06 12:00:00+00:00,25685.2,25769.2,25354.6,25734.5,1299247.72510946
2023-06-06 14:00:00+00:00,25734.0,26135.9,25717.5,26066.5,1280905.1736314
2023-06-06 16:00:00+00:00,26066.0,26773.8,26066.0,26668.0,1198864.78795055
2023-06-06 18:00:00+00:00,26668.7,27215.9,26640.0,27082.2,843400.20941405
2023-06-06 20:00:00+00:00,27082.2,27207.0,26890.1,27059.0,721206.75171416
2023-06-06 22:00:00+00:00,27059.4,27359.3,27046.5,27233.0,442735.01244484
2023-06-07 00:00:00+00:00,27235.0,27393.1,27061.0,27081.3,553618.69593774
2023-06-07 02:00:00+00:00,27081.3,27089.5,26730.1,26908.7,570659.93458728
2023-06-07 04:00:00+00:00,26907.1,26975.0,26870.9,26908.7,297172.24707693
2023-06-07 06:00:00+00:00,26908.7,26939.1,26762.5,26799.4,371752.00639949
2023-06-07 08:00:00+00:00,26800.6,26844.2,26431.9,26483.7,786125.27459423
2023-06-07 10:00:00+00:00,26484.0,26957.2,26353.1,26893.3,818230.62207424
2023-06-07 12:00:00+00:00,26893.4,26904.4,26670.8,26815.8,606219.75938049
2023-06-07 14:00:00+00:00,26816.2,26816.2,26250.9,26345.7,1453104.01131052
2023-06-07 16:00:00+00:00,26346.2,26554.2,26242.1,26505.7,1026954.37043566
2023-06-07 18:00:00+00:00,26505.7,26532.2,26439.1,26480.3,478576.06117974
2023-06-07 20:00:00+00:00,26479.4,26494.1,26126.7,26151.4,453844.54459205
2023-06-07 22:00:00+00:00,26151.8,26374.9,26132.4,26341.1,553731.73180623
2023-06-08 00:00:00+00:00,26340.2,26466.5,26307.0,26446.6,378128.34129503
2023-06-08 02:00:00+00:00,26446.7,26450.8,26211.6,26343.0,320198.3860424
2023-06-08 04:00:00+00:00,26343.7,26435.0,26324.5,26379.5,235933.88060973
2023-06-08 06:00:00+00:00,26379.4,26518.1,26288.5,26444.5,285234.30035629
2023-06-08 08:00:00+00:00,26444.6,26468.2,26371.5,26388.7,214815.86117808
2023-06-08 10:00:00+00:00,26388.8,26504.2,26371.4,26431.6,268342.11149747
2023-06-08 12:00:00+00:00,26431.5,26571.7,26301.6,26400.9,603132.80830322
2023-06-08 14:00:00+00:00,26401.0,26825.4,26350.4,26728.2,634037.23732347
2023-06-08 16:00:00+00:00,26728.4,26736.7,26422.0,26486.4,461387.36666624
2023-06-08 18:00:00+00:00,26486.4,26572.4,26442.4,26541.9,239008.30293826
2023-06-08 20:00:00+00:00,26538.5,26650.6,26519.6,26574.2,210833.25470585
2023-06-08 22:00:00+00:00,26574.2,26600.0,26490.6,26501.0,110788.17891452
2023-06-09 00:00:00+00:00,26501.2,26596.1,26431.7,26506.0,296268.95862911
2023-06-09 02:00:00+00:00,26506.0,26537.6,26285.5,26482.3,377548.37102446
2023-06-09 04:00:00+00:00,26482.3,26527.3,26424.3,26505.4,135533.50421119
2023-06-09 06:00:00+00:00,26505.4,26578.6,26441.5,26498.9,225353.00985557
2023-06-09 08:00:00+00:00,26498.9,26681.5,26491.5,26640.6,256184.82579589
2023-06-09 10:00:00+00:00,26640.6,26674.0,26559.1,26610.1,216827.45949
2023-06-09 12:00:00+00:00,26610.1,26780.6,26610.1,26636.1,448110.55919172
2023-06-09 14:00:00+00:00,26636.1,26712.8,26454.5,26479.9,405401.80237723
2023-06-09 16:00:00+00:00,26477.2,26532.1,26414.4,26497.9,341092.2307301
2023-06-09 18:00:00+00:00,26498.1,26516.3,26383.8,26406.3,322051.54860868
2023-06-09 20:00:00+00:00,26407.2,26499.5,26395.0,26480.1,157725.8593477
2023-06-09 22:00:00+00:00,26480.1,26502.0,26456.0,26482.8,81743.36709656
2023-06-10 00:00:00+00:00,26482.9,26534.0,26313.6,26394.9,235549.76754139
2023-06-10 02:00:00+00:00,26396.1,26437.3,26267.4,26326.0,387309.6817191
2023-06-10 04:00:00+00:00,26326.0,26352.9,25457.9,25518.4,1422903.54044591
2023-06-10 06:00:00+00:00,25518.4,25738.8,25464.3,25649.9,959399.02510526
2023-06-10 08:00:00+00:00,25649.9,25749.3,25565.1,25654.5,371061.76102442
2023-06-10 10:00:00+00:00,25654.5,25738.4,25600.1,25730.4,298129.08385994
2023-06-10 12:00:00+00:00,25730.4,25730.4,25576.2,25659.2,286681.88780987
2023-06-10 14:00:00+00:00,25659.2,26000.0,25592.8,25630.7,314792.15414264
2023-06-10 16:00:00+00:00,25632.1,26150.4,25387.5,26015.6,1240928.17719057
2023-06-10 18:00:00+00:00,26011.4,26042.4,25358.8,25749.8,1272796.07684545
2023-06-10 20:00:00+00:00,25749.7,25873.4,25680.1,25763.6,617939.15192949
2023-06-10 22:00:00+00:00,25763.6,25929.4,25750.1,25839.6,459636.46454813
2023-06-11 00:00:00+00:00,25839.6,25861.0,25721.8,25826.8,379997.44331062
2023-06-11 02:00:00+00:00,25826.7,25830.3,25700.5,25728.0,213191.0542186
2023-06-11 04:00:00+00:00,25728.1,25832.9,25637.7,25820.2,343724.51912628
2023-06-11 06:00:00+00:00,25820.5,25825.7,25741.0,25741.0,172683.80323304
2023-06-11 08:00:00+00:00,25741.1,25776.3,25700.1,25705.9,114403.66482778
2023-06-11 10:00:00+00:00,25705.9,25845.0,25704.1,25801.1,138971.52122644
2023-06-11 12:00:00+00:00,25801.1,25803.5,25684.8,25707.5,170417.2930756
2023-06-11 14:00:00+00:00,25707.0,25807.5,25698.0,25754.1,233255.82612568
2023-06-11 16:00:00+00:00,25754.2,26079.0,25742.1,25941.6,750587.0889839
2023-06-11 18:00:00+00:00,25941.8,26107.5,25924.6,26031.3,497686.37296458
2023-06-11 20:00:00+00:00,26031.3,26205.9,25977.6,26043.2,306137.26172517
2023-06-11 22:00:00+00:00,26043.3,26070.0,25748.8,25929.2,557015.42111669
2023-06-12 00:00:00+00:00,25929.3,26024.5,25858.1,25940.0,570490.54781299
2023-06-12 02:00:00+00:00,25940.0,25960.9,25622.6,25791.5,732577.42211094
2023-06-12 04:00:00+00:00,25791.0,25825.4,25757.7,25773.8,203143.031461
2023-06-12 06:00:00+00:00,25773.9,25906.6,25750.4,25803.6,246532.02486752
2023-06-12 08:00:00+00:00,25803.7,26097.9,25782.5,25967.1,523875.35221307
2023-06-12 10:00:00+00:00,25967.1,26063.9,25940.0,25992.3,271293.67153814
2023-06-12 12:00:00+00:00,25992.3,25997.8,25796.8,25798.5,240849.39836538
2023-06-12 14:00:00+00:00,25798.5,25876.1,25735.8,25824.4,509339.68460232
2023-06-12 16:00:00+00:00,25823.9,25966.7,25659.2,25806.4,634510.88394793
2023-06-12 18:00:00+00:00,25807.0,25864.1,25756.8,25826.4,339017.5203325
2023-06-12 20:00:00+00:00,25826.9,25938.9,25800.3,25933.3,198148.62181858
2023-06-12 22:00:00+00:00,25933.3,25971.4,25870.6,25904.1,164947.23155111
2023-06-13 00:00:00+00:00,25904.7,26043.7,25819.8,25973.5,509154.92431828
2023-06-13 02:00:00+00:00,25973.4,26153.3,25939.7,26066.2,434979.86443692
2023-06-13 04:00:00+00:00,26066.0,26120.2,25978.8,26084.4,311530.25652238
2023-06-13 06:00:00+00:00,26084.5,26134.4,26058.8,26071.8,186597.4623959
2023-06-13 08:00:00+00:00,26071.3,26275.2,26060.2,26151.6,411868.60034232
2023-06-13 10:00:00+00:00,26151.7,26213.8,26089.5,26196.0,375490.82795454
2023-06-13 12:00:00+00:00,26191.9,26433.5,25911.2,26035.8,1211714.8676169
2023-06-13 14:00:00+00:00,26033.8,26052.7,25721.4,25759.4,926325.89764712
2023-06-13 16:00:00+00:00,25759.6,25893.9,25739.3,25820.3,397632.50659573
2023-06-13 18:00:00+00:00,25820.3,25977.6,25798.6,25902.4,376883.61513823
2023-06-13 20:00:00+00:00,25902.4,25957.3,25820.1,25847.5,261552.24874791
2023-06-13 22:00:00+00:00,25847.6,25938.0,25809.5,25938.0,138149.7324327
2023-06-14 00:00:00+00:00,25938.0,26057.5,25914.8,26048.4,269233.88244247
2023-06-14 02:00:00+00:00,26049.3,26058.0,25963.8,25985.1,159343.86841355
2023-06-14 04:00:00+00:00,25985.1,26004.2,25836.1,25845.1,149898.76798138
2023-06-14 06:00:00+00:00,25845.1,25922.2,25840.2,25900.7,133845.6466043
2023-06-14 08:00:00+00:00,25900.7,25990.2,25884.5,25984.2,117423.52671951
2023-06-14 10:00:00+00:00,25984.3,26029.4,25939.7,25976.0,144014.20257371
2023-06-14 12:00:00+00:00,25976.1,26071.4,25928.0,25991.9,314750.81707781
2023-06-14 14:00:00+00:00,25992.0,26029.2,25951.2,25986.7,168847.65125272
2023-06-14 16:00:00+00:00,25986.8,26049.8,25887.3,26021.7,269264.05073303
2023-06-14 18:00:00+00:00,26026.3,26043.6,25794.7,25874.0,964786.31071518
2023-06-14 20:00:00+00:00,25873.9,25881.2,24801.6,25120.7,1461976.09147567
2023-06-14 22:00:00+00:00,25121.5,25140.5,24954.5,25129.0,589184.38357623
2023-06-15 00:00:00+00:00,25129.0,25205.3,25031.1,25065.9,346933.04366558
2023-06-15 02:00:00+00:00,25065.8,25131.7,25049.3,25064.4,146884.57074911
2023-06-15 04:00:00+00:00,25064.4,25064.4,24935.9,25021.5,335714.28475589
2023-06-15 06:00:00+00:00,25021.6,25066.0,24346.6,24982.9,508907.35991507
2023-06-15 08:00:00+00:00,24982.8,25049.2,24906.4,24950.5,265384.59847744
2023-06-15 10:00:00+00:00,24950.0,25049.7,24791.9,25015.2,554771.95861214
2023-06-15 12:00:00+00:00,25015.8,25102.4,24920.4,25053.1,607279.44025954
2023-06-15 14:00:00+00:00,25053.2,25078.0,24955.3,24960.3,355066.82549207
2023-06-15 16:00:00+00:00,24960.3,25162.6,24930.2,25143.1,357878.44789269
2023-06-15 18:00:00+00:00,25143.1,25513.0,25090.8,25458.4,814003.55350136
2023-06-15 20:00:00+00:00,25454.8,25759.9,25222.7,25572.4,869183.62354
2023-06-15 22:00:00+00:00,25572.1,25657.7,25547.8,25597.4,265605.84266162
2023-06-16 00:00:00+00:00,25597.5,25597.5,25445.2,25515.9,292211.74922323
2023-06-16 02:00:00+00:00,25515.9,25604.3,25485.2,25560.1,122094.14143517
2023-06-16 04:00:00+00:00,25560.1,25627.5,25476.2,25555.8,149996.15958635
2023-06-16 06:00:00+00:00,25555.9,25624.9,25534.0,25534.0,144708.88398816
2023-06-16 08:00:00+00:00,25534.0,25623.2,25534.0,25595.6,126481.95676734
2023-06-16 10:00:00+00:00,25595.1,25602.3,25468.6,25474.6,214722.27718888
2023-06-16 12:00:00+00:00,25474.5,25624.4,25472.0,25491.1,248611.1073147
2023-06-16 14:00:00+00:00,25490.9,25895.7,25181.2,25842.4,898542.80434982
2023-06-16 16:00:00+00:00,25842.4,26330.6,25774.8,26317.3,973416.98846604
2023-06-16 18:00:00+00:00,26317.6,26503.7,26276.5,26381.3,639144.99892291
2023-06-16 20:00:00+00:00,26381.4,26455.9,26289.9,26299.4,244864.60114574
2023-06-16 22:00:00+00:00,26299.5,26388.1,26299.5,26345.8,108975.24262415
2023-06-17 00:00:00+00:00,26345.8,26373.3,26194.8,26197.9,142869.51100446
2023-06-17 02:00:00+00:00,26200.0,26291.8,26182.9,26261.4,115786.36468631
2023-06-17 04:00:00+00:00,26261.5,26873.6,26242.2,26691.5,365958.32959753
2023-06-17 06:00:00+00:00,26691.9,26779.3,26566.0,26593.5,356279.61217748
2023-06-17 08:00:00+00:00,26593.5,26657.5,26566.0,26593.8,177503.88516777
2023-06-17 10:00:00+00:00,26593.7,26640.9,26490.8,26509.2,218616.29178133
2023-06-17 12:00:00+00:00,26509.1,26585.8,26417.2,26557.0,236571.83889234
2023-06-17 14:00:00+00:00,26556.9,26561.4,26320.4,26414.0,364091.70729821
2023-06-17 16:00:00+00:00,26414.6,26508.0,26383.1,26423.5,222747.23936687
2023-06-17 18:00:00+00:00,26423.2,26539.4,26416.0,26478.9,174451.00464106
2023-06-17 20:00:00+00:00,26479.1,26560.0,26468.2,26526.5,132960.25856727
2023-06-17 22:00:00+00:00,26523.4,26593.8,26494.1,26515.5,107522.57957986
2023-06-18 00:00:00+00:00,26515.5,26540.1,26391.6,26495.0,230878.75638508
2023-06-18 02:00:00+00:00,26494.9,26548.2,26462.0,26547.9,99070.31120909
2023-06-18 04:00:00+00:00,26548.1,26642.9,26494.5,26543.8,140437.29243769
2023-06-18 06:00:00+00:00,26543.7,26677.5,26477.3,26586.1,200336.51044838
2023-06-18 08:00:00+00:00,26586.1,26599.3,26460.1,26528.5,174451.86256231
2023-06-18 10:00:00+00:00,26528.5,26537.0,26469.8,26501.9,87209.3033785
2023-06-18 12:00:00+00:00,26501.9,26573.4,26442.7,26483.7,186056.87990167
2023-06-18 14:00:00+00:00,26483.4,26572.4,26459.8,26560.0,148811.91391841
2023-06-18 16:00:00+00:00,26560.0,26657.9,26525.0,26632.0,266123.28373439
2023-06-18 18:00:00+00:00,26632.4,26652.8,26582.0,26649.9,107710.947626
2023-06-18 20:00:00+00:00,26650.0,26695.2,26364.2,26418.1,444920.7126788
2023-06-18 22:00:00+00:00,26416.7,26463.9,26263.3,26345.0,388015.53918953
2023-06-19 00:00:00+00:00,26345.4,26453.3,26258.2,26441.1,253654.49999289
2023-06-19 02:00:00+00:00,26441.1,26472.2,26379.8,26404.8,128582.98950041
2023-06-19 04:00:00+00:00,26404.8,26468.0,26371.1,26465.1,99166.28941169
2023-06-19 06:00:00+00:00,26465.1,26478.5,26393.3,26430.0,85151.24921623
2023-06-19 08:00:00+00:00,26430.0,26459.9,26369.0,26397.0,122149.85698484
2023-06-19 10:00:00+00:00,26397.0,26448.4,26368.0,26448.4,95956.24968412
2023-06-19 12:00:00+00:00,26448.5,26578.0,26425.2,26536.7,231369.32501133
2023-06-19 14:00:00+00:00,26536.6,26541.8,26354.5,26445.3,232326.47712322
2023-06-19 16:00:00+00:00,26445.4,26707.8,26310.1,26666.7,506638.36660356
2023-06-19 18:00:00+00:00,26666.1,27061.3,26374.9,26678.7,1000120.8120247
2023-06-19 20:00:00+00:00,26679.0,26859.5,26653.1,26772.4,482330.98182196
2023-06-19 22:00:00+00:00,26772.6,26862.4,26724.5,26845.1,239558.02423022
2023-06-20 00:00:00+00:00,26845.1,27174.0,26798.4,26902.9,649828.2786295
2023-06-20 02:00:00+00:00,26904.1,26969.4,26876.9,26896.0,185085.32511834
2023-06-20 04:00:00+00:00,26895.9,27031.8,26794.9,26818.9,267359.33802665
2023-06-20 06:00:00+00:00,26819.2,26843.2,26753.1,26834.0,199104.22541155
2023-06-20 08:00:00+00:00,26833.9,26838.1,26710.2,26783.4,204442.77483337
2023-06-20 10:00:00+00:00,26783.4,26907.8,26752.1,26907.8,191633.10265453
2023-06-20 12:00:00+00:00,26908.0,26978.6,26787.3,26815.0,425866.55834797
2023-06-20 14:00:00+00:00,26815.1,27131.3,26656.5,27073.0,619659.85525456
2023-06-20 16:00:00+00:00,27073.1,27989.2,27001.1,27792.6,1153417.49973207
2023-06-20 18:00:00+00:00,27793.9,28137.0,27779.9,27982.4,1090488.02573858
2023-06-20 20:00:00+00:00,27981.8,28317.5,27871.9,28132.5,681714.63507358
2023-06-20 22:00:00+00:00,28132.5,28405.4,28103.1,28303.8,488033.81515809
2023-06-21 00:00:00+00:00,28303.4,29084.8,28259.5,28788.5,859261.81105399
2023-06-21 02:00:00+00:00,28787.9,28893.7,28681.4,28716.9,308404.75993851
2023-06-21 04:00:00+00:00,28717.0,28987.2,28685.7,28981.5,311957.85066617
2023-06-21 06:00:00+00:00,28981.6,29005.1,28776.0,28873.3,299357.81272331
2023-06-21 08:00:00+00:00,28873.3,28961.2,28793.6,28924.4,233124.59539742
2023-06-21 10:00:00+00:00,28924.4,29211.8,28803.7,28936.0,447475.43268666
2023-06-21 12:00:00+00:00,28936.1,29403.5,28877.2,29310.1,640662.78228493
2023-06-21 14:00:00+00:00,29310.1,29996.5,29080.1,29848.7,1259705.46806632
2023-06-21 16:00:00+00:00,29851.4,30819.2,29765.7,30078.7,1508338.72938125
2023-06-21 18:00:00+00:00,30078.8,30290.2,29905.1,30117.4,704728.06369447
2023-06-21 20:00:00+00:00,30118.0,30154.6,29807.7,29885.7,488199.14055221
2023-06-21 22:00:00+00:00,29885.8,30198.2,29859.3,29998.1,430969.1568619
2023-06-22 00:00:00+00:00,29998.2,30242.1,29895.4,30167.5,534317.9352298
2023-06-22 02:00:00+00:00,30167.5,30506.1,30101.0,30300.0,466904.75526946
2023-06-22 04:00:00+00:00,30300.0,30354.3,30205.5,30282.9,275457.23086151
2023-06-22 06:00:00+00:00,30282.9,30297.2,30015.7,30102.4,412797.7224087
2023-06-22 08:00:00+00:00,30102.4,30179.8,30043.8,30137.3,222916.22232337
2023-06-22 10:00:00+00:00,30137.2,30248.3,29842.5,29931.1,545486.55735147
2023-06-22 12:00:00+00:00,29929.9,30351.3,29919.1,30235.0,481044.72926533
2023-06-22 14:00:00+00:00,30235.5,30294.0,29542.7,29855.7,855605.64721577
2023-06-22 16:00:00+00:00,29855.7,30185.7,29829.7,30147.5,618278.09766427
2023-06-22 18:00:00+00:00,30149.9,30522.1,29967.3,30213.5,1407201.22884414
2023-06-22 20:00:00+00:00,30214.0,30258.9,29966.1,30051.3,373808.25953302
2023-06-22 22:00:00+00:00,30051.3,30082.4,29884.9,29888.0,272935.64672108
2023-06-23 00:00:00+00:00,29886.9,30057.9,29878.8,29934.4,279745.03814322
2023-06-23 02:00:00+00:00,29940.0,30030.0,29800.0,30010.0,140202.14632586
2023-06-23 04:00:00+00:00,30010.0,30084.4,29986.0,30044.4,115466.35359621
2023-06-23 06:00:00+00:00,30046.3,30066.5,29922.5,29933.1,184881.92516129
2023-06-23 08:00:00+00:00,29933.1,30166.0,29909.3,30150.0,204175.84728714
2023-06-23 10:00:00+00:00,30147.4,30155.4,29780.0,30146.6,147760.8894779
2023-06-23 12:00:00+00:00,30144.1,30229.5,29929.5,30080.0,507212.44208208
2023-06-23 14:00:00+00:00,30079.1,31421.0,30016.7,30669.9,845966.19428953
2023-06-23 16:00:00+00:00,30680.0,31414.8,30200.0,31243.3,436924.50670243
2023-06-23 18:00:00+00:00,31243.3,31269.0,30624.0,30886.5,212472.11201656
2023-06-23 20:00:00+00:00,30882.8,30949.1,30542.5,30657.7,158437.19223126
2023-06-23 22:00:00+00:00,30661.0,30690.1,30458.8,30690.1,217577.92496321
2023-06-24 00:00:00+00:00,30685.6,30698.8,30416.5,30605.9,193309.69458712
2023-06-24 02:00:00+00:00,30605.9,30793.8,30581.4,30725.8,118912.45730598
2023-06-24 04:00:00+00:00,30727.0,30754.0,30649.3,30727.5,50838.79892882
2023-06-24 06:00:00+00:00,30725.1,30725.1,30560.1,30567.5,86039.72173114
2023-06-24 08:00:00+00:00,30567.9,30651.7,30553.1,30620.1,58561.88575118
2023-06-24 10:00:00+00:00,30620.1,30739.4,30606.4,30684.9,70554.03901348
2023-06-24 12:00:00+00:00,30685.0,30800.0,30580.2,30647.4,126844.4356745
2023-06-24 14:00:00+00:00,30647.4,30716.6,30317.4,30396.6,258706.39416769
2023-06-24 16:00:00+00:00,30397.4,36118.5,30255.8,30585.4,1049362.49669147
2023-06-24 18:00:00+00:00,30584.6,30693.4,30559.6,30628.4,93442.7846889
2023-06-24 20:00:00+00:00,30625.4,30625.4,30413.8,30509.8,106910.95522574
2023-06-24 22:00:00+00:00,30510.7,30573.2,30477.1,30530.1,85399.63935527
2023-06-25 00:00:00+00:00,30530.1,30622.8,30467.2,30600.0,100323.91867595
2023-06-25 02:00:00+00:00,30599.3,30776.8,30592.6,30744.9,107936.79833299
2023-06-25 04:00:00+00:00,30745.0,31039.4,30745.0,30863.4,252124.93126739
2023-06-25 06:00:00+00:00,30863.5,30980.8,30675.8,30728.6,243071.68710709
2023-06-25 08:00:00+00:00,30728.6,30763.5,30600.1,30683.3,101297.62457022
2023-06-25 10:00:00+00:00,30683.3,30717.9,30588.1,30717.9,100180.07908285
2023-06-25 12:00:00+00:00,30717.9,30736.0,30520.6,30679.7,158037.78752096
2023-06-25 14:00:00+00:00,30679.8,30728.1,30467.6,30588.1,231453.84995736
2023-06-25 16:00:00+00:00,30588.2,30655.5,30495.2,30527.2,145109.5737353
2023-06-25 18:00:00+00:00,30527.4,30527.4,30333.4,30430.4,205468.85203981
2023-06-25 20:00:00+00:00,30430.5,30532.1,30283.4,30451.9,117155.82755553
2023-06-25 22:00:00+00:00,30449.7,30571.1,30388.1,30467.5,92115.71889434
2023-06-26 00:00:00+00:00,30467.6,30549.9,29973.0,30173.2,397933.24439504
2023-06-26 02:00:00+00:00,30175.5,30326.0,30118.1,30292.5,152017.44310616
2023-06-26 04:00:00+00:00,30292.5,30321.5,30164.8,30215.9,99782.6151064
2023-06-26 06:00:00+00:00,30215.8,30578.6,30194.9,30406.0,227745.65836415
2023-06-26 08:00:00+00:00,30406.0,30426.4,30251.6,30266.3,196578.67258917
2023-06-26 10:00:00+00:00,30266.3,30346.0,30135.7,30323.3,257431.39182979
2023-06-26 12:00:00+00:00,30323.3,30652.1,30262.2,30639.1,339625.02670491
2023-06-26 14:00:00+00:00,30633.2,30660.5,30265.9,30418.4,756396.11559042
2023-06-26 16:00:00+00:00,30418.4,30431.1,29929.8,30080.1,751479.40330038
2023-06-26 18:00:00+00:00,30080.0,30310.8,30040.0,30270.1,286053.27528759
2023-06-26 20:00:00+00:00,30239.9,30295.8,30018.9,30160.2,215791.81455236
2023-06-26 22:00:00+00:00,30160.2,30288.7,30103.3,30267.7,208777.72697404
2023-06-27 00:00:00+00:00,30267.7,30389.4,30230.2,30374.9,309148.59738629
2023-06-27 02:00:00+00:00,30374.9,30497.7,30355.9,30369.4,277617.43315418
2023-06-27 04:00:00+00:00,30369.3,31550.0,30254.4,30321.5,195956.67764653
2023-06-27 06:00:00+00:00,30321.5,30466.2,30237.1,30408.8,190051.26046245
2023-06-27 08:00:00+00:00,30408.8,30448.0,30333.9,30378.1,181010.44874906
2023-06-27 10:00:00+00:00,30378.2,30780.5,30378.1,30731.9,647479.56544413
2023-06-27 12:00:00+00:00,30732.0,30762.8,30528.1,30608.5,430638.56649269
2023-06-27 14:00:00+00:00,30608.5,30998.9,30387.1,30500.9,956303.46371748
2023-06-27 16:00:00+00:00,30500.9,30763.7,30459.5,30732.0,590230.81855801
2023-06-27 18:00:00+00:00,30732.0,30741.5,30627.6,30653.9,227030.04269256
2023-06-27 20:00:00+00:00,30653.9,30725.4,30557.2,30715.9,197737.44551434
2023-06-27 22:00:00+00:00,30715.8,30733.3,30574.4,30692.9,152190.47862181
2023-06-28 00:00:00+00:00,30693.0,30708.9,30465.0,30500.0,437232.21721782
2023-06-28 02:00:00+00:00,30500.0,30543.1,30341.3,30452.4,259880.50349467
2023-06-28 04:00:00+00:00,30452.5,30487.9,30380.1,30450.2,150328.355276
2023-06-28 06:00:00+00:00,30450.2,30452.9,30154.0,30188.0,449327.6589686
2023-06-28 08:00:00+00:00,30188.1,30332.6,30150.0,30305.0,242723.34725394
2023-06-28 10:00:00+00:00,30305.0,30387.9,30283.6,30309.0,124139.79951884
2023-06-28 12:00:00+00:00,30308.4,30367.3,30014.1,30201.8,610818.99107314
2023-06-28 14:00:00+00:00,30202.3,30494.4,30150.1,30412.7,583951.33512632
2023-06-28 16:00:00+00:00,30412.7,30470.5,30056.1,30152.0,452473.70139891
2023-06-28 18:00:00+00:00,30152.1,30253.3,29889.5,30097.8,401583.78685649
2023-06-28 20:00:00+00:00,30097.8,30210.6,29950.0,30135.3,354689.66147775
2023-06-28 22:00:00+00:00,30135.2,30185.6,30056.1,30072.9,182899.82254428
2023-06-29 00:00:00+00:00,30072.9,30245.6,30047.3,30169.4,263024.09150041
2023-06-29 02:00:00+00:00,30169.4,30205.6,30096.0,30175.4,119033.29877197
2023-06-29 04:00:00+00:00,30175.4,30265.7,30141.2,30186.2,103866.91051912
2023-06-29 06:00:00+00:00,30186.1,30428.3,30179.9,30349.1,151438.32816893
2023-06-29 08:00:00+00:00,30349.8,30475.7,30341.3,30434.3,210291.81004053
2023-06-29 10:00:00+00:00,30434.2,30669.4,30431.5,30669.4,9540.62835947
2023-06-29 12:00:00+00:00,30668.9,30720.0,30600.0,30627.6,104770.68202273
2023-06-29 14:00:00+00:00,30630.3,30647.9,30407.5,30477.9,266817.98605733
2023-06-29 16:00:00+00:00,30477.9,30663.9,30420.5,30540.6,361778.56002281
2023-06-29 18:00:00+00:00,30541.0,30617.9,30495.8,30585.5,197011.90031201
2023-06-29 20:00:00+00:00,30584.1,30637.9,30243.1,30418.5,321542.44866701
2023-06-29 22:00:00+00:00,30418.4,30529.1,30395.7,30453.6,95346.48381133
2023-06-30 00:00:00+00:00,30453.6,30510.8,30354.2,30392.0,213630.78060648
2023-06-30 02:00:00+00:00,30391.9,30874.4,30378.0,30740.7,488979.54100775
2023-06-30 04:00:00+00:00,30740.8,31288.0,30652.6,30738.0,733665.2925048
2023-06-30 06:00:00+00:00,30738.0,30823.5,30619.1,30765.3,265641.05434889
2023-06-30 08:00:00+00:00,30765.5,30908.2,30196.6,30769.0,237069.73249092
2023-06-30 10:00:00+00:00,30769.0,30938.7,30750.3,30907.8,217209.20976344
2023-06-30 12:00:00+00:00,30907.9,31120.0,29701.7,30127.8,866173.10420113
2023-06-30 14:00:00+00:00,30129.7,30300.0,29944.0,30067.3,962416.99089503
2023-06-30 16:00:00+00:00,30068.2,30694.9,29926.6,30450.3,784144.4338719
2023-06-30 18:00:00+00:00,30450.9,30533.1,30296.0,30394.5,329050.9096451
2023-06-30 20:00:00+00:00,30394.5,30518.0,30346.4,30482.6,162712.94920972
2023-06-30 22:00:00+00:00,30482.6,30544.0,30462.3,30475.4,67340.79262861
2023-07-01 00:00:00+00:00,30475.5,30533.6,30385.6,30447.0,123142.91624704
2023-07-01 02:00:00+00:00,30447.1,30520.8,30376.6,30397.9,88651.10684235
2023-07-01 04:00:00+00:00,30397.9,30430.7,30300.0,30430.7,82529.69659374
2023-07-01 06:00:00+00:00,30430.6,30466.9,30401.5,30464.9,84948.56481135
2023-07-01 08:00:00+00:00,30465.0,30480.0,30424.2,30443.8,52726.7023879
2023-07-01 10:00:00+00:00,30443.8,30597.9,30430.9,30524.9,82544.8882819
2023-07-01 12:00:00+00:00,30524.9,30640.0,30508.3,30564.5,119727.41087214
2023-07-01 14:00:00+00:00,30564.5,30654.0,30533.9,30572.2,83022.84764485
2023-07-01 16:00:00+00:00,30572.2,30599.0,30545.4,30575.3,56793.66705525
2023-07-01 18:00:00+00:00,30575.3,30634.6,30575.3,30613.8,39033.39821515
2023-07-01 20:00:00+00:00,30613.8,30615.6,30575.9,30598.1,13539.96134245
2023-07-01 22:00:00+00:00,30595.2,30598.1,30400.0,30500.0,137.61146523
2023-07-02 00:00:00+00:00,30500.0,30513.7,30300.0,30466.6,184.65201943
2023-07-02 02:00:00+00:00,30441.7,30654.0,30200.0,30621.0,462.87214432
2023-07-02 04:00:00+00:00,30565.6,30700.0,30354.2,30582.7,408.88782872
2023-07-02 06:00:00+00:00,30582.7,30800.0,30393.7,30562.5,291.9942201
2023-07-02 08:00:00+00:00,30562.5,30599.8,29500.0,29523.2,421.75100435
2023-07-02 10:00:00+00:00,29524.2,29770.3,29438.5,29445.3,327.25328252
2023-07-02 12:00:00+00:00,29444.7,29800.0,29444.4,29735.3,334.92633911
2023-07-02 14:00:00+00:00,29725.5,1122986.1,29437.6,1112220.0,6213.98361257
2023-07-02 16:00:00+00:00,1112220.0,36162247.1,187765.2,190700.0,2209.43975671
2023-07-02 18:00:00+00:00,190700.0,243000.0,118001.0,178852.6,1404.84259169
2023-07-02 20:00:00+00:00,178852.6,185733.2,129000.0,153578.4,586.34557077
2023-07-02 22:00:00+00:00,153578.4,165466.3,107986.5,133653.3,709.6189087
2023-07-03 00:00:00+00:00,133998.6,147663.9,90258.8,97296.4,683.65271994
2023-07-03 02:00:00+00:00,97296.4,100000.0,30742.1,30761.8,102095.20353824
2023-07-03 04:00:00+00:00,30761.7,30800.0,30666.1,30676.2,157173.48793283
2023-07-03 06:00:00+00:00,30676.3,30760.0,30613.0,30669.8,165169.39271169
2023-07-03 08:00:00+00:00,30669.9,30703.0,30606.3,30614.5,94520.76662627
2023-07-03 10:00:00+00:00,30614.6,30684.7,30588.0,30624.0,94201.77339086
2023-07-03 12:00:00+00:00,30624.0,30695.0,30572.1,30654.4,168762.71987864
2023-07-03 14:00:00+00:00,30654.7,31170.2,30652.6,31065.0,485975.28643724
2023-07-03 16:00:00+00:00,31075.5,31139.7,30832.3,31002.3,410340.7695757
2023-07-03 18:00:00+00:00,31002.3,31400.0,30998.1,31263.2,376437.71015566
2023-07-03 20:00:00+00:00,31263.3,31309.7,30900.8,31051.9,271401.44761826
2023-07-03 22:00:00+00:00,31051.9,31160.2,31044.1,31160.2,112513.65929874
2023-07-04 00:00:00+00:00,31161.1,31320.0,31100.1,31286.9,185012.44022561
2023-07-04 02:00:00+00:00,31286.9,31324.9,31183.9,31197.1,135844.53442314
2023-07-04 04:00:00+00:00,31198.0,31219.0,30975.6,30976.6,165287.27376165
2023-07-04 06:00:00+00:00,30976.1,31058.1,30890.7,30909.7,109610.36859027
2023-07-04 08:00:00+00:00,30909.9,31046.4,30868.9,31017.0,136322.24290085
2023-07-04 10:00:00+00:00,31017.0,31081.9,30945.4,31069.6,105467.82962691
2023-07-04 12:00:00+00:00,31069.6,31100.0,30982.4,31001.5,78120.21810135
2023-07-04 14:00:00+00:00,31001.5,31066.6,30881.2,30967.0,138647.2105827
2023-07-04 16:00:00+00:00,30966.0,31125.0,30816.9,30900.2,317362.18907974
2023-07-04 18:00:00+00:00,30900.2,30936.0,30630.9,30700.6,326024.2241006
2023-07-04 20:00:00+00:00,30700.5,30829.7,30672.2,30805.8,138481.70509391
2023-07-04 22:00:00+00:00,30800.1,30847.2,30767.8,30824.3,4849185.22525513
2023-07-05 00:00:00+00:00,30824.3,30844.2,30752.2,30796.0,377437.8753315
2023-07-05 02:00:00+00:00,30795.9,30877.5,30789.4,30868.0,69166.22721802
2023-07-05 04:00:00+00:00,30868.1,30872.6,30800.1,30809.9,50978.46217688
2023-07-05 06:00:00+00:00,30809.9,30842.3,30766.6,30777.8,47764.93152311
2023-07-05 08:00:00+00:00,30777.8,30800.0,30652.6,30682.6,105934.86902445
2023-07-05 10:00:00+00:00,30682.6,30711.9,30342.3,30403.1,269956.48282555
2023-07-05 12:00:00+00:00,30402.0,30437.3,30060.0,30358.7,418698.76424455
2023-07-05 14:00:00+00:00,30359.9,30443.3,30241.8,30358.4,281615.66971514
2023-07-05 16:00:00+00:00,30350.6,32100.0,30336.3,30522.3,1733492.45825038
2023-07-05 18:00:00+00:00,30522.2,30592.0,30397.0,30433.2,1027285.44248477
2023-07-05 20:00:00+00:00,30433.2,30495.8,30392.8,30471.2,98072.22286904
2023-07-05 22:00:00+00:00,30471.0,30539.9,30392.1,30505.1,129998.84439599
2023-07-06 00:00:00+00:00,30501.9,30533.9,30335.3,30473.4,139699.64749727
2023-07-06 02:00:00+00:00,30473.4,30565.2,30463.1,30498.8,116337.65513868
2023-07-06 04:00:00+00:00,30498.9,30619.2,30443.0,30584.4,130936.90550152
2023-07-06 06:00:00+00:00,30584.5,30855.4,30557.0,30800.4,194642.0452768
2023-07-06 08:00:00+00:00,30800.2,31540.1,30784.3,31067.3,559248.1979845
2023-07-06 10:00:00+00:00,31067.3,31275.0,30760.0,30843.0,300938.68581924
2023-07-06 12:00:00+00:00,30842.0,30881.6,30310.1,30368.5,569434.99713405
2023-07-06 14:00:00+00:00,30369.8,30486.6,29800.0,30401.8,675721.43295178
2023-07-06 16:00:00+00:00,30401.8,30465.3,30166.8,30294.3,325835.08919479
2023-07-06 18:00:00+00:00,30294.5,30384.9,30209.8,30309.1,217768.28099956
2023-07-06 20:00:00+00:00,30293.1,30343.7,30182.1,30222.3,143165.24912102
2023-07-06 22:00:00+00:00,30222.3,30266.6,29861.1,29900.7,380361.61265562
2023-07-07 00:00:00+00:00,29893.1,30120.1,29700.0,30090.2,465746.40805618
2023-07-07 02:00:00+00:00,30090.8,30173.4,30061.6,30140.1,127131.50979318
2023-07-07 04:00:00+00:00,30140.1,30302.5,30061.9,30214.9,157272.03071347
2023-07-07 06:00:00+00:00,30216.2,30244.6,29936.2,30014.6,162956.27992852
2023-07-07 08:00:00+00:00,30009.2,30153.8,29976.0,30138.5,59258.58437531
2023-07-07 10:00:00+00:00,30138.6,30196.8,30091.9,30120.0,92995.11133442
2023-07-07 12:00:00+00:00,30119.5,30389.9,30053.3,30386.3,473256.37057812
2023-07-07 14:00:00+00:00,30386.4,30443.5,30262.0,30391.5,327736.92804441
2023-07-07 16:00:00+00:00,30389.5,30451.1,30190.1,30238.9,205581.9120382
2023-07-07 18:00:00+00:00,30238.9,30260.0,30113.2,30243.5,211403.09029363
2023-07-07 20:00:00+00:00,30243.5,30347.2,30199.9,30292.3,92644.79892152
2023-07-07 22:00:00+00:00,30292.4,30348.3,30285.0,30344.9,48803.41679181
2023-07-08 00:00:00+00:00,30344.9,30344.9,30256.0,30301.6,41338.66067221
2023-07-08 02:00:00+00:00,30301.6,30400.0,30275.2,30279.3,1176904.56367308
2023-07-08 04:00:00+00:00,30279.3,30280.0,30190.4,30242.8,70700.56988467
2023-07-08 06:00:00+00:00,30242.8,30258.1,30144.3,30193.3,68447.43109682
2023-07-08 08:00:00+00:00,30193.3,30313.3,30192.1,30251.3,67135.16972721
2023-07-08 10:00:00+00:00,30251.3,30255.0,30158.8,30201.0,52492.96223596
2023-07-08 12:00:00+00:00,30200.9,30241.0,30154.6,30210.9,46920.89313508
2023-07-08 14:00:00+00:00,30210.9,30229.1,30182.4,30209.8,33557.27179224
2023-07-08 16:00:00+00:00,30209.8,30318.5,30202.6,30256.0,76484.14527295
2023-07-08 18:00:00+00:00,30256.0,30333.4,30043.6,30111.7,90762.65651804
2023-07-08 20:00:00+00:00,30111.6,31519.1,29497.1,30183.9,380208.069715
2023-07-08 22:00:00+00:00,30183.9,30294.1,30163.7,30286.4,106831.3007575
2023-07-09 00:00:00+00:00,30286.4,30405.9,30253.0,30332.5,124403.49713893
2023-07-09 02:00:00+00:00,30332.5,30360.2,30265.6,30288.8,47472.30339289
2023-07-09 04:00:00+00:00,30289.7,30304.6,30259.9,30260.9,26663.51863022
2023-07-09 06:00:00+00:00,30260.9,30287.2,30236.8,30268.2,33782.56934942
2023-07-09 08:00:00+00:00,30268.3,30312.9,30244.2,30278.0,26164.12260074
2023-07-09 10:00:00+00:00,30278.1,30300.0,30246.9,30270.9,33181.83421173
2023-07-09 12:00:00+00:00,30271.7,30355.0,30253.3,30262.9,71663.32549287
2023-07-09 14:00:00+00:00,30262.9,30533.3,30188.4,30400.0,669246.41386131
2023-07-09 16:00:00+00:00,30400.0,30917.6,30258.1,30290.7,3300353.67161525
2023-07-09 18:00:00+00:00,30291.4,30305.8,30204.7,30243.5,46638.87813219
2023-07-09 20:00:00+00:00,30243.6,30800.0,30122.0,30153.0,87837.76289165
2023-07-09 22:00:00+00:00,30153.0,30200.0,14600.0,30163.8,329873.10756313
2023-07-10 00:00:00+00:00,30164.9,80159.7,29958.1,30048.7,1159977.75677722
2023-07-10 02:00:00+00:00,30048.7,30252.5,30025.0,30160.3,67675.67357979
2023-07-10 04:00:00+00:00,30160.3,30163.8,30087.9,30087.9,51125.09373341
2023-07-10 06:00:00+00:00,30087.9,30150.0,30054.3,30116.0,95901.70269601
2023-07-10 08:00:00+00:00,30115.9,30188.5,29934.3,30161.4,126674.16057105
2023-07-10 10:00:00+00:00,30161.4,30199.9,29400.0,29600.0,642.25014691
2023-07-10 12:00:00+00:00,29600.0,30354.2,29600.0,30209.4,158984.78221937
2023-07-10 14:00:00+00:00,30209.4,30375.0,30200.0,30315.8,205421.78683491
2023-07-10 16:00:00+00:00,30315.8,30371.3,30000.0,30279.0,85911.3969458
2023-07-10 18:00:00+00:00,30279.0,30837.7,30267.7,30830.0,305276.54236812
2023-07-10 20:00:00+00:00,30830.0,31038.1,30195.9,30316.7,348373.06494829
2023-07-10 22:00:00+00:00,30316.7,30425.0,30200.3,30414.2,283381.39943909
2023-07-11 00:00:00+00:00,30414.2,30599.9,30362.2,30584.8,233134.96239351
2023-07-11 02:00:00+00:00,30584.9,30600.0,30404.1,30476.4,176588.43003792
2023-07-11 04:00:00+00:00,30476.4,30500.5,30438.0,30459.0,123547.63062063
2023-07-11 06:00:00+00:00,30459.0,30672.0,30454.3,30538.9,301304.55313959
2023-07-11 08:00:00+00:00,30538.9,30566.0,30356.2,30449.9,245491.02592001
2023-07-11 10:00:00+00:00,30450.0,30454.7,30373.6,30408.8,133317.09353552
2023-07-11 12:00:00+00:00,30408.8,30493.3,30297.6,30449.1,311104.83252129
2023-07-11 14:00:00+00:00,30449.0,31809.0,29700.0,30597.9,848862.3364855
2023-07-11 16:00:00+00:00,30598.0,30686.0,30509.3,30577.6,368899.51291117
2023-07-11 18:00:00+00:00,30577.6,30584.5,30407.3,30583.8,343282.12165448
2023-07-11 20:00:00+00:00,30583.8,30634.2,30508.4,30569.0,197218.5909739
2023-07-11 22:00:00+00:00,30569.0,30649.5,30505.5,30621.9,206964.24566553
2023-07-12 00:00:00+00:00,30621.9,30630.0,30504.0,30539.0,225838.79095067
2023-07-12 02:00:00+00:00,30539.0,30668.8,30539.0,30595.0,207534.60109531
2023-07-12 04:00:00+00:00,30595.0,30697.6,30572.0,30656.1,110249.78679715
2023-07-12 06:00:00+00:00,30656.1,30847.3,30620.0,30742.1,493500.03076976
2023-07-12 08:00:00+00:00,30742.1,30800.0,30673.9,30730.3,231129.98283091
2023-07-12 10:00:00+00:00,30730.4,30797.0,30660.7,30776.3,106757.22183076
2023-07-12 12:00:00+00:00,30776.3,30975.0,30479.5,30668.0,1026038.31815459
2023-07-12 14:00:00+00:00,30668.0,32006.1,28999.9,30523.0,1425925.75653138
2023-07-12 16:00:00+00:00,30523.0,30537.4,30416.1,30452.1,439399.17698248
2023-07-12 18:00:00+00:00,30452.0,30535.8,30211.3,30288.1,524369.84157235
2023-07-12 20:00:00+00:00,30288.1,30375.8,30243.2,30354.0,216312.44501774
2023-07-12 22:00:00+00:00,30354.0,30422.0,30342.0,30381.4,131814.73644043
2023-07-13 00:00:00+00:00,30381.4,30438.9,28993.5,30387.4,213669.04170343
2023-07-13 02:00:00+00:00,30387.4,30390.0,30277.9,30301.3,147225.4913742
2023-07-13 04:00:00+00:00,30301.3,30324.5,30257.2,30324.2,133555.76151071
2023-07-13 06:00:00+00:00,30324.2,30427.3,30303.6,30366.2,113684.06123063
2023-07-13 08:00:00+00:00,30366.2,30603.8,30348.4,30576.6,257083.17727423
2023-07-13 10:00:00+00:00,30576.6,154485.3,9900.0,30544.9,8784637.51053115
2023-07-13 12:00:00+00:00,30544.9,30667.8,29999.9,30666.0,1155021.22121661
2023-07-13 14:00:00+00:00,30666.0,31100.0,30473.1,30906.3,761188.92245946
2023-07-13 16:00:00+00:00,30906.3,31144.1,30726.2,31069.8,1070298.09488949
2023-07-13 18:00:00+00:00,31069.8,31337.9,30895.8,31142.2,1624.86468029
2023-07-13 20:00:00+00:00,31142.2,31341.6,30814.1,30891.3,910.25541957
2023-07-13 22:00:00+00:00,30891.3,30993.0,30489.5,30597.3,1009.74628163
2023-07-14 00:00:00+00:00,30597.3,31100.0,30471.7,30782.0,1497.49796556
2023-07-14 02:00:00+00:00,30782.0,30827.7,30489.5,30570.3,1498.31233056
2023-07-14 04:00:00+00:00,30642.8,30673.9,30141.6,30217.1,1812.21993074
2023-07-14 06:00:00+00:00,30217.1,31225.0,30100.0,31098.2,10075799.53526858
2023-07-14 08:00:00+00:00,31098.2,31288.7,31086.3,31190.0,174597.96185631
2023-07-14 10:00:00+00:00,31190.0,31232.5,31092.7,31208.5,144418.15205162
2023-07-14 12:00:00+00:00,31208.5,31279.1,31052.1,31254.6,285100.35109529
2023-07-14 14:00:00+00:00,31254.6,31358.9,31177.2,31240.5,377303.9354554
2023-07-14 16:00:00+00:00,31240.5,31275.6,30654.8,30675.2,971909.19874271
2023-07-14 18:00:00+00:00,30676.0,30761.4,29944.0,30185.9,1251873.62399056
2023-07-14 20:00:00+00:00,30185.9,30267.8,29990.1,30185.9,682892.87889226
2023-07-14 22:00:00+00:00,30186.0,30316.5,30185.0,30185.9,619113.19643324
2023-07-15 00:00:00+00:00,30186.0,30379.7,30182.2,30185.9,742031.80860263
2023-07-15 02:00:00+00:00,30186.0,33146.6,30185.0,33000.0,4411343.74020051
2023-07-15 04:00:00+00:00,33000.0,33185.6,33000.0,33000.0,4783252.63311866
2023-07-15 06:00:00+00:00,33000.0,33100.0,30185.0,30186.0,1689800.85562374
2023-07-15 08:00:00+00:00,30186.0,30354.3,30185.0,30347.3,562920.36325955
2023-07-15 10:00:00+00:00,30348.0,30369.9,30185.0,30313.1,556012.26211026
2023-07-15 12:00:00+00:00,30313.1,30361.0,30184.1,30327.9,554109.66007242
2023-07-15 14:00:00+00:00,30327.9,30334.4,30185.0,30300.4,562574.86585922
2023-07-15 16:00:00+00:00,30300.4,30311.3,30184.0,30281.6,565212.05601165
2023-07-15 18:00:00+00:00,30283.8,30350.4,30184.0,30327.9,556073.95197316
2023-07-15 20:00:00+00:00,30327.9,30327.9,30184.1,30301.8,539232.88148267
2023-07-15 22:00:00+00:00,30301.9,30311.2,30183.9,30291.8,549489.33611758
2023-07-16 00:00:00+00:00,30291.8,30311.8,30184.1,30185.9,304817.37690889
2023-07-16 02:00:00+00:00,30185.9,30223.5,30083.4,30185.7,134179.82017272
2023-07-16 04:00:00+00:00,30185.7,30206.0,30133.6,30186.0,226141.03342773
2023-07-16 06:00:00+00:00,30186.0,30223.7,30185.0,30186.0,2362.11212716
2023-07-16 08:00:00+00:00,30186.0,30188.9,30184.0,30186.0,877.60174625
2023-07-16 10:00:00+00:00,30185.9,30188.9,30184.1,30186.0,1083.97124792
2023-07-16 12:00:00+00:00,30186.0,30300.0,30100.0,30186.0,1448.5399021
2023-07-16 14:00:00+00:00,30186.0,30187.6,30184.0,30186.0,1099.55561481
2023-07-16 16:00:00+00:00,30186.0,30188.2,30184.0,30185.9,1182.07905729
2023-07-16 18:00:00+00:00,30186.0,30244.8,30183.9,30186.0,5266.42767003
2023-07-16 20:00:00+00:00,30186.0,30292.5,30184.0,30185.9,26200.01016004
2023-07-16 22:00:00+00:00,30186.0,30289.9,30140.9,30186.0,96602.74931621
2023-07-17 00:00:00+00:00,30186.0,30277.1,30185.0,30186.0,65790.32991786
2023-07-17 02:00:00+00:00,30186.0,30316.9,30184.0,30306.9,8237141201.402607
2023-07-17 04:00:00+00:00,30307.0,30325.5,30260.6,30261.9,54516.98736205
2023-07-17 06:00:00+00:00,30261.9,30289.4,30233.3,30279.6,48025.56835231
2023-07-17 08:00:00+00:00,30279.6,30319.5,30146.1,30181.3,125500.12130982
2023-07-17 10:00:00+00:00,30181.3,30263.9,29968.0,30229.4,373780.4389758
2023-07-17 12:00:00+00:00,30229.4,30304.8,30174.1,30284.4,146224.41249466
2023-07-17 14:00:00+00:00,30284.4,30310.1,30116.6,30175.1,280337.42019827
2023-07-17 16:00:00+00:00,30175.1,30237.5,29919.2,30031.3,502737.62289931
2023-07-17 18:00:00+00:00,30031.3,30063.8,29653.4,29888.3,640213.67073597
2023-07-17 20:00:00+00:00,29883.9,30285.1,29881.0,30242.4,254060.94091678
2023-07-17 22:00:00+00:00,30242.4,30268.1,30075.1,30136.2,222434.6112159
2023-07-18 00:00:00+00:00,30136.3,30239.7,30106.1,30215.8,155519.71094849
2023-07-18 02:00:00+00:00,30215.9,30230.9,30074.4,30074.5,81904.7724649
2023-07-18 04:00:00+00:00,30074.5,30122.1,30040.5,30050.2,106845.9794119
2023-07-18 06:00:00+00:00,30050.2,30095.6,29925.5,30030.0,270297.25670815
2023-07-18 08:00:00+00:00,30029.9,30108.5,29887.2,29960.5,338083.2895748
2023-07-18 10:00:00+00:00,29960.5,30069.4,29806.6,29885.0,302761.19967864
2023-07-18 12:00:00+00:00,29885.1,29917.9,29697.6,29829.9,925446.85919204
2023-07-18 14:00:00+00:00,29829.7,29992.7,29819.5,29910.8,644760.12362298
2023-07-18 16:00:00+00:00,29910.8,29962.1,29521.0,29819.4,747755.47806631
2023-07-18 18:00:00+00:00,29819.3,39100.0,29684.5,29715.4,614959.03502352
2023-07-18 20:00:00+00:00,29715.4,165199.3,29692.1,29802.6,4173178.2872083
2023-07-18 22:00:00+00:00,29802.6,29866.6,29757.1,29856.6,495208.7297962
2023-07-19 00:00:00+00:00,29858.0,30071.4,29804.1,30007.7,415762.57291442
2023-07-19 02:00:00+00:00,30007.8,30076.2,29970.6,30063.0,153894.13255706
2023-07-19 04:00:00+00:00,30063.1,30188.6,30056.1,30103.1,202981.53607168
2023-07-19 06:00:00+00:00,30102.0,65000.2,29323.8,30001.3,1268233.59949705
2023-07-19 08:00:00+00:00,30001.3,30045.7,28993.5,30005.2,850511.02555551
2023-07-19 10:00:00+00:00,30005.2,30036.0,29962.0,30015.6,115868.56263987
2023-07-19 12:00:00+00:00,30015.6,30126.5,29845.0,29995.9,477483.37909874
2023-07-19 14:00:00+00:00,29995.8,30055.6,29757.5,29954.4,682643.75979754
2023-07-19 16:00:00+00:00,29954.4,30500.8,29872.0,29995.0,359641.90478647
2023-07-19 18:00:00+00:00,29995.0,30100.0,29946.1,30045.3,468643.56328713
2023-07-19 20:00:00+00:00,30045.0,30056.8,29852.6,29934.8,318118.21399688
2023-07-19 22:00:00+00:00,29934.7,29959.9,29833.1,29911.7,215087.46291972
2023-07-20 00:00:00+00:00,29911.8,30026.0,29882.1,29989.1,176091.26950858
2023-07-20 02:00:00+00:00,29989.1,30047.9,29920.0,29948.7,96344.17062815
2023-07-20 04:00:00+00:00,29948.7,30171.3,29926.0,30128.0,141989.49817919
2023-07-20 06:00:00+00:00,30128.0,30230.1,30084.6,30202.0,295349.42127437
2023-07-20 08:00:00+00:00,30202.0,30390.7,30166.6,30327.7,371830.65036851
2023-07-20 10:00:00+00:00,30327.7,30416.0,30256.5,30283.4,256043.81555254
2023-07-20 12:00:00+00:00,30283.3,30309.4,30173.6,30230.0,276212.30334143
2023-07-20 14:00:00+00:00,30230.0,30292.8,29618.6,29806.7,910253.77476028
2023-07-20 16:00:00+00:00,29806.8,29869.4,29660.0,29758.0,433131.83243652
2023-07-20 18:00:00+00:00,29757.9,29795.7,29573.0,29757.9,534304.49883995
2023-07-20 20:00:00+00:00,29757.9,29886.9,29671.2,29869.5,264300.27998582
2023-07-20 22:00:00+00:00,29867.5,29877.8,29787.8,29808.4,138017.54543872
2023-07-21 00:00:00+00:00,29808.4,29897.4,29728.1,29876.6,282150.18601486
2023-07-21 02:00:00+00:00,29877.0,29949.5,29839.9,29899.3,192194.25436934
2023-07-21 04:00:00+00:00,29899.3,29907.7,29794.1,29815.4,80093.72586024
2023-07-21 06:00:00+00:00,29815.4,46950.0,29756.6,29766.0,245523.93089127
2023-07-21 08:00:00+00:00,29766.0,31215.6,29692.7,29759.3,1768333.76372188
2023-07-21 10:00:00+00:00,29759.3,30368.6,29730.0,29781.5,228739.70063949
2023-07-21 12:00:00+00:00,29781.4,29916.3,28814.9,29814.9,462173.52355889
2023-07-21 14:00:00+00:00,29814.9,29905.0,29781.9,29862.6,324366.93487388
2023-07-21 16:00:00+00:00,29862.5,29937.9,29810.0,29925.8,764406.18366506
2023-07-21 18:00:00+00:00,29925.9,30055.5,29775.2,29875.9,659017.34907499
2023-07-21 20:00:00+00:00,29876.0,29938.6,29832.0,29899.1,177934.74615123
2023-07-21 22:00:00+00:00,29899.2,29954.2,29888.3,29900.3,128291.08821107
2023-07-22 00:00:00+00:00,29900.4,29997.6,29900.3,29925.1,117970.74982937
2023-07-22 02:00:00+00:00,29925.0,35021.3,26993.0,29902.1,16332910.4691773
2023-07-22 04:00:00+00:00,29902.1,31122.9,1897.4,29868.6,1074451097.882955
2023-07-22 06:00:00+00:00,29868.6,30008.9,29784.6,29943.5,1404625343.8865488
2023-07-22 08:00:00+00:00,29943.4,29977.1,29910.1,29927.4,524319.26249965
2023-07-22 10:00:00+00:00,29927.4,29927.4,29868.7,29888.0,596952.5260184
2023-07-22 12:00:00+00:00,29888.0,29888.0,29830.4,29850.1,388442.2761483
2023-07-22 14:00:00+00:00,29850.0,29916.3,29849.0,29904.6,765716.80051084
2023-07-22 16:00:00+00:00,29904.6,30300.5,29300.0,29839.5,445532.67363856
2023-07-22 18:00:00+00:00,29839.6,29888.3,29800.0,29835.0,521361.54772274
2023-07-22 20:00:00+00:00,29835.1,29850.0,29812.5,29824.2,299365.73176405
2023-07-22 22:00:00+00:00,29824.2,29834.2,29646.4,29787.4,1501199.86688874
2023-07-23 00:00:00+00:00,29787.4,31366.6,29730.1,29830.1,2981658.51591791
2023-07-23 02:00:00+00:00,29830.1,29895.1,29805.3,29845.2,579112.80461217
2023-07-23 04:00:00+00:00,29845.2,29980.8,29844.5,29919.9,1101011.8582853
2023-07-23 06:00:00+00:00,29919.9,29958.5,29887.8,29911.9,427520.12087998
2023-07-23 08:00:00+00:00,29911.9,29963.2,29888.0,29903.5,605518.35743902
2023-07-23 10:00:00+00:00,29903.4,29926.6,29884.6,29892.1,325534.3845182
2023-07-23 12:00:00+00:00,29892.2,29931.2,29853.8,29885.4,534466.46660713
2023-07-23 14:00:00+00:00,29885.4,29911.4,29884.6,29898.4,318463.95323481
2023-07-23 16:00:00+00:00,29898.4,30129.3,29898.4,30119.8,1504067.83041647
2023-07-23 18:00:00+00:00,30119.8,30305.4,29991.2,30066.6,687048.28320194
2023-07-23 20:00:00+00:00,30064.1,30109.1,29916.3,29937.2,195.39103671
2023-07-23 22:00:00+00:00,29926.8,30008.9,29800.0,29850.0,174.16880955
2023-07-24 00:00:00+00:00,29850.0,29957.5,29177.5,29913.9,2000796018.597233
2023-07-24 02:00:00+00:00,29913.9,29913.9,29674.1,29717.7,1002352912.3428168
2023-07-24 04:00:00+00:00,29717.7,29816.2,29666.1,29802.0,1550830.01501055
2023-07-24 06:00:00+00:00,29801.9,29870.9,29732.1,29830.2,1043967.92573255
2023-07-24 08:00:00+00:00,29830.2,29878.3,29005.1,29171.8,1275035.68421211
2023-07-24 10:00:00+00:00,29177.7,30008.9,29070.3,29269.2,2759754.57616229
2023-07-24 12:00:00+00:00,29269.2,29269.2,29115.6,29181.1,2552427.30077305
2023-07-24 14:00:00+00:00,29181.2,29199.9,28879.9,29094.8,5329987.31631884
2023-07-24 16:00:00+00:00,29094.8,29145.0,29015.8,29039.9,2416346.68314397
2023-07-24 18:00:00+00:00,29039.9,29159.6,28999.1,29116.4,2117694.2509917
2023-07-24 20:00:00+00:00,29116.4,31059.9,29090.1,30550.0,33634767.16642967
2023-07-24 22:00:00+00:00,30550.0,30597.3,29496.8,29496.8,57012342.91597999
2023-07-25 00:00:00+00:00,29496.8,29984.5,29052.6,29087.6,7761959.16942801
2023-07-25 02:00:00+00:00,29083.2,29171.8,29051.6,29109.7,1173623.59412581
2023-07-25 04:00:00+00:00,29109.7,29147.9,29071.9,29126.7,698644.2489452
2023-07-25 06:00:00+00:00,29126.7,29163.8,29080.0,29142.6,876929.17105607
2023-07-25 08:00:00+00:00,29142.6,130988.4,5692.6,29168.7,6306284.63810942
2023-07-25 10:00:00+00:00,29168.7,29692.7,28600.0,29127.3,676693.08482505
2023-07-25 12:00:00+00:00,29127.3,29340.6,29084.9,29200.0,202155628.73978066
2023-07-25 14:00:00+00:00,29200.3,29339.5,29147.4,29181.0,1829664.24286332
2023-07-25 16:00:00+00:00,29181.0,34759.6,29177.5,29276.6,2200772.66547723
2023-07-25 18:00:00+00:00,29276.7,29370.5,28799.9,29199.5,1498838.14746434
2023-07-25 20:00:00+00:00,29199.8,29245.7,29182.9,29229.2,704792.12963856
2023-07-25 22:00:00+00:00,29229.2,29255.9,29195.0,29226.6,299381.1307085
2023-07-26 00:00:00+00:00,29226.6,30008.9,15555.0,29133.5,3474140.68627238
2023-07-26 02:00:00+00:00,29133.4,29410.5,29070.3,29242.1,1847393.839291
2023-07-26 04:00:00+00:00,29242.1,29277.5,29200.0,29268.2,862328.79289462
2023-07-26 06:00:00+00:00,29268.2,29319.1,29190.9,29216.0,812403.9189417
2023-07-26 08:00:00+00:00,29215.9,29242.1,29167.1,29193.4,1300155510.7094564
2023-07-26 10:00:00+00:00,29193.5,29242.4,29165.0,29176.9,50857.1361848
2023-07-26 12:00:00+00:00,29176.7,29313.3,29166.4,29306.7,137665.5512303
2023-07-26 14:00:00+00:00,29306.7,29352.8,29209.2,29321.9,285892.94292431
2023-07-26 16:00:00+00:00,29321.9,29369.4,29250.5,29268.0,249107.19302016
2023-07-26 18:00:00+00:00,29267.9,29450.5,29225.3,29400.9,474093.74876149
2023-07-26 20:00:00+00:00,29400.9,29680.5,29387.4,29465.9,476616.17203596
2023-07-26 22:00:00+00:00,29465.9,29521.8,29287.1,29351.1,262933.92205652
2023-07-27 00:00:00+00:00,29351.1,29414.7,29300.1,29399.8,300127053.1446728
2023-07-27 02:00:00+00:00,29399.8,29821.5,29349.7,29408.1,42881.45918647
2023-07-27 04:00:00+00:00,29408.1,29499.6,29380.0,29464.2,1000101095.0931327
2023-07-27 06:00:00+00:00,29464.2,29479.8,29377.7,29413.1,126279.71478744
2023-07-27 08:00:00+00:00,29413.1,30025.0,29394.0,29542.1,169749.90742603
2023-07-27 10:00:00+00:00,29542.1,37683.3,28959.4,29507.4,574382.29662135
2023-07-27 12:00:00+00:00,29507.2,31021.7,29286.4,29447.5,148413.75269009
2023-07-27 14:00:00+00:00,29447.5,32906.2,20000.0,24400.0,92866.75271457
2023-07-27 16:00:00+00:00,24400.0,29739.4,24340.0,28012.4,29665.77933523
2023-07-27 18:00:00+00:00,28075.0,30139.0,27893.2,29161.7,175441.72438949
2023-07-27 20:00:00+00:00,29161.7,29841.6,29131.9,29186.7,188698.03835435
2023-07-27 22:00:00+00:00,29186.7,29470.8,29181.0,29223.1,178875.76783682
2023-07-28 00:00:00+00:00,29223.2,29300.0,29212.1,29264.6,600203897.9682863
2023-07-28 02:00:00+00:00,29264.5,29767.1,25552.7,29254.3,270208.65228463
2023-07-28 04:00:00+00:00,29254.3,30613.2,29159.6,29183.4,2000205180.585304
2023-07-28 06:00:00+00:00,29183.4,29207.1,29135.9,29138.6,400237781.59160745
2023-07-28 08:00:00+00:00,29144.5,29229.9,29129.5,29213.7,213440.81767108
2023-07-28 10:00:00+00:00,29213.7,29244.1,29195.5,29209.4,157259.62773468
2023-07-28 12:00:00+00:00,29209.3,29322.8,29207.3,29294.5,305347.10687961
2023-07-28 14:00:00+00:00,29294.5,30100.0,29293.7,29391.3,574371.16196233
2023-07-28 16:00:00+00:00,29391.3,29405.0,29198.9,29260.9,391456.29068935
2023-07-28 18:00:00+00:00,29261.4,29346.3,29243.9,29320.6,218647.7426596
2023-07-28 20:00:00+00:00,29321.2,29366.4,29284.1,29316.2,112725.24708171
2023-07-28 22:00:00+00:00,29316.2,29327.8,29294.8,29314.9,85194.01559741
2023-07-29 00:00:00+00:00,29314.9,29370.5,29297.5,29370.5,60566.25847681
2023-07-29 02:00:00+00:00,29348.3,29386.5,29339.7,29372.8,13151.70136788
2023-07-29 04:00:00+00:00,29372.8,29397.2,29312.5,29370.5,12536.39967235
2023-07-29 06:00:00+00:00,29365.0,29365.0,29294.1,29295.5,48966.42540058
2023-07-29 08:00:00+00:00,29295.5,29330.4,29258.6,29281.6,200140784.72982165
2023-07-29 10:00:00+00:00,29281.6,34327.6,29264.2,29267.3,256037.2050753
2023-07-29 12:00:00+00:00,29267.3,29349.4,29250.5,29294.1,186653.11425857
2023-07-29 14:00:00+00:00,29294.1,29314.4,29280.1,29296.3,114106.44844094
2023-07-29 16:00:00+00:00,29296.4,29334.3,29292.0,29328.1,57232.80442654
2023-07-29 18:00:00+00:00,29328.1,29346.8,29291.8,29337.7,75971.16536674
2023-07-29 20:00:00+00:00,29337.7,29378.1,29308.6,29353.1,55849.17293614
2023-07-29 22:00:00+00:00,29353.1,29369.2,29350.0,29352.2,17820.98721714
2023-07-30 00:00:00+00:00,29352.1,616787.8,29324.9,29325.1,904299.03533642
2023-07-30 02:00:00+00:00,29325.1,30008.9,29308.0,29318.1,53790.14484009
2023-07-30 04:00:00+00:00,29318.1,29330.9,29314.4,29314.6,30455.05062658
2023-07-30 06:00:00+00:00,29314.6,29324.1,29200.0,29295.7,67866.10729093
2023-07-30 08:00:00+00:00,29295.7,29307.5,29281.0,29283.3,36380.58843696
2023-07-30 10:00:00+00:00,29283.4,29322.0,29198.8,29312.3,129895.85812445
2023-07-30 12:00:00+00:00,29312.3,29348.1,29281.0,29286.5,54192.31025787
2023-07-30 14:00:00+00:00,29286.5,29457.8,29286.4,29351.8,264656.07013953
2023-07-30 16:00:00+00:00,29351.8,37002.2,27300.0,29400.1,699212.20716369
2023-07-30 18:00:00+00:00,29400.1,30506.5,28900.0,29204.3,121491.7842359
2023-07-30 20:00:00+00:00,29204.5,29270.9,29041.3,29212.6,351105.23916018
2023-07-30 22:00:00+00:00,29212.6,29302.2,28700.0,29282.0,214581.69572853
2023-07-31 00:00:00+00:00,29282.0,30008.9,29000.0,29454.3,200103808.74090558
2023-07-31 02:00:00+00:00,29454.3,29533.3,29412.0,29424.2,100139418.79141814
2023-07-31 04:00:00+00:00,29424.7,29533.3,29368.3,29382.2,100174686.23182395
2023-07-31 06:00:00+00:00,29382.3,29457.8,29370.1,29379.7,197440.82505233
2023-07-31 08:00:00+00:00,29379.6,35021.3,29356.5,29500.0,657036.20882955
2023-07-31 10:00:00+00:00,29500.0,29544.6,29387.7,29407.9,2628847.84340513
2023-07-31 12:00:00+00:00,29408.0,29476.8,29328.1,29364.9,320407.99059759
2023-07-31 14:00:00+00:00,29364.9,30008.9,23999.9,29098.4,653740.94245628
2023-07-31 16:00:00+00:00,29098.4,29210.4,15421.2,15421.2,7510533.06477656
2023-07-31 18:00:00+00:00,15421.2,15421.2,5800.0,9411.0,22454360.88343181
2023-07-31 20:00:00+00:00,9410.9,9410.9,5199.8,5200.0,30044724.16124779
2023-07-31 22:00:00+00:00,5200.0,5200.0,1386.6,1390.4,16092083.84272854
2023-08-01 00:00:00+00:00,1390.3,6799.9,1234.0,6799.8,1472662558.0901625
2023-08-01 02:00:00+00:00,6799.8,29000.0,6799.8,28656.9,6853382.06913152
2023-08-01 04:00:00+00:00,28656.9,28667.3,24199.9,24199.9,4574411.25416045
2023-08-01 06:00:00+00:00,24199.9,28900.0,22200.0,28839.9,3728487.62814157
2023-08-01 08:00:00+00:00,28773.6,28957.1,28646.6,28925.7,46268795.34103585
2023-08-01 10:00:00+00:00,28925.7,31006.6,1897.4,28860.7,471741325.28662646
2023-08-01 12:00:00+00:00,28860.7,29226.6,28646.6,28873.2,578818.97038919
2023-08-01 14:00:00+00:00,28873.2,28978.1,28591.5,28950.3,784081.51326541
2023-08-01 16:00:00+00:00,28951.6,29050.7,28600.0,28954.0,798551.84311934
2023-08-01 18:00:00+00:00,28954.1,29334.9,28953.5,29275.8,1327647.60128696
2023-08-01 20:00:00+00:00,29275.7,29516.6,29181.6,29239.9,707634.33581769
2023-08-01 22:00:00+00:00,29239.9,29739.3,29195.9,29709.4,1209950.01874637
2023-08-02 00:00:00+00:00,29709.4,30032.0,29685.6,29849.0,1763964.7845792
2023-08-02 02:00:00+00:00,29849.0,29882.3,29624.2,29635.8,680544.292896
2023-08-02 04:00:00+00:00,29635.9,29709.9,29591.0,29656.1,457599.28410378
2023-08-02 06:00:00+00:00,29656.1,29689.2,29569.7,29580.9,272061.48244859
2023-08-02 08:00:00+00:00,29580.9,29581.5,29399.9,29452.3,471605.67644311
2023-08-02 10:00:00+00:00,29452.3,29516.6,29438.0,29516.6,34925.70297721
2023-08-02 12:00:00+00:00,29514.0,29532.1,29323.8,29405.6,71569.97139184
2023-08-02 14:00:00+00:00,29405.6,29436.6,29177.5,29324.1,528477.29086855
2023-08-02 16:00:00+00:00,29324.0,29362.9,28972.0,29146.1,200374662.18480548
2023-08-02 18:00:00+00:00,29145.6,29158.8,28163.3,28187.5,2004530.50035204
2023-08-02 20:00:00+00:00,28200.0,29200.7,28163.3,29180.2,773819.591627
2023-08-02 22:00:00+00:00,29180.2,29226.6,29129.2,29184.1,495973.68016066
2023-08-03 00:00:00+00:00,29184.0,29226.6,23750.6,23859.1,2423178.79793383
2023-08-03 02:00:00+00:00,23843.8,23909.9,18675.0,18786.6,2348086.31660505
2023-08-03 04:00:00+00:00,18766.4,31082.4,1510.7,28839.9,5231365227.3644
2023-08-03 06:00:00+00:00,28839.9,29226.6,28646.6,29044.3,401293727.17536396
2023-08-03 08:00:00+00:00,29044.3,39717.4,28646.6,36100.0,6187095.59985063
2023-08-03 10:00:00+00:00,36100.0,36100.2,31900.0,31919.2,2894174.20032995
2023-08-03 12:00:00+00:00,31919.2,37746.1,31838.7,32086.3,4393967.51090347
2023-08-03 14:00:00+00:00,32047.6,300000.8,31919.2,34154.9,5902193.58637998
2023-08-03 16:00:00+00:00,34132.2,34327.6,31919.2,32836.0,40421442.41123017
2023-08-03 18:00:00+00:00,32798.6,32836.0,32570.6,32734.7,3220591.85511699
2023-08-03 20:00:00+00:00,32678.6,46066.6,32080.9,42252.0,29853897.27563811
2023-08-03 22:00:00+00:00,42252.0,42252.1,32000.0,32083.9,10495484.73501912
2023-08-04 00:00:00+00:00,32083.9,32086.3,31919.2,31919.2,2022106.8685428
2023-08-04 02:00:00+00:00,31919.2,31919.4,31838.7,31838.7,1913147.32713124
2023-08-04 04:00:00+00:00,31838.7,34608.3,31838.7,31838.7,47509506.92671342
2023-08-04 06:00:00+00:00,31838.8,31838.8,29226.6,29226.6,169325300.677063
2023-08-04 08:00:00+00:00,29245.6,33816.4,29218.8,29218.8,371301791.50044066
2023-08-04 10:00:00+00:00,29279.0,29800.0,29218.8,29257.2,29936397.28921806
2023-08-04 12:00:00+00:00,29280.0,29323.3,29218.8,29234.5,238168.30673813
2023-08-04 14:00:00+00:00,29236.3,29292.7,29145.1,29272.1,2351461.04795343
2023-08-04 16:00:00+00:00,29272.0,29285.3,29200.0,29200.0,76356.62858636
2023-08-04 18:00:00+00:00,29200.0,29200.1,29071.6,29071.6,1264489.01936737
2023-08-04 20:00:00+00:00,29071.6,29104.7,29026.2,29058.1,1015696.09861326
2023-08-04 22:00:00+00:00,29058.1,29122.4,29054.1,29112.9,25395.71016441
2023-08-05 00:00:00+00:00,29112.9,29145.1,29067.0,29075.8,66128.01331522
2023-08-05 02:00:00+00:00,29075.8,29103.6,29052.5,29093.9,217157.59406107
2023-08-05 04:00:00+00:00,29093.8,29095.4,28998.2,29050.0,3500600.85739827
2023-08-05 06:00:00+00:00,29050.0,29101.5,28998.2,29053.0,393719.8078472
2023-08-05 08:00:00+00:00,29053.1,29088.4,29044.0,29055.2,22799.83123367
2023-08-05 10:00:00+00:00,29055.8,29077.5,29033.3,29046.0,1374081.69460676
2023-08-05 12:00:00+00:00,29045.9,29048.0,28998.2,29025.9,140009.24053556
2023-08-05 14:00:00+00:00,29025.9,29084.5,29011.4,29039.9,27509.97938446
2023-08-05 16:00:00+00:00,29040.0,29068.4,29006.6,29063.5,7658.23353774
2023-08-05 18:00:00+00:00,29063.6,29100.2,29000.0,29070.5,17442.66673279
2023-08-05 20:00:00+00:00,29070.5,29086.2,29054.7,29074.2,2669.83333297
2023-08-05 22:00:00+00:00,29074.2,29092.7,29058.2,29072.1,4155.419415
2023-08-06 00:00:00+00:00,29072.0,29072.1,29034.5,29037.4,3976.35218191
2023-08-06 02:00:00+00:00,29037.5,29080.6,29036.7,29062.9,7791.9750494
2023-08-06 04:00:00+00:00,29062.8,29106.8,29062.8,29106.8,6096.63025402
2023-08-06 06:00:00+00:00,29106.8,29129.9,28998.2,29092.0,12553.72563734
2023-08-06 08:00:00+00:00,29091.9,29137.4,29069.0,29081.9,28729.03792775
2023-08-06 10:00:00+00:00,29082.0,29082.8,29043.1,29079.0,6285.14264
2023-08-06 12:00:00+00:00,29079.0,32080.9,29014.3,29014.4,159149271.86268175
2023-08-06 14:00:00+00:00,29014.4,29060.7,28998.2,29009.0,31215.84000951
2023-08-06 16:00:00+00:00,29008.9,29097.4,28998.5,29090.5,10336.30869271
2023-08-06 18:00:00+00:00,29090.5,33901.1,29071.6,29087.9,187126581.2208452
2023-08-06 20:00:00+00:00,29088.0,29200.0,29071.6,29088.0,127969.45881278
2023-08-06 22:00:00+00:00,29088.0,29158.0,29071.6,29086.8,33910.7284136
2023-08-07 00:00:00+00:00,29086.9,29145.1,29044.3,29143.9,2206483.66330775
2023-08-07 02:00:00+00:00,29143.9,29218.8,29123.8,29161.9,1402776.52018876
2023-08-07 04:00:00+00:00,29161.9,29198.0,29124.5,29127.4,17469.3422212
2023-08-07 06:00:00+00:00,29127.4,29127.4,29071.6,29092.1,1352909.33192794
2023-08-07 08:00:00+00:00,29092.1,29093.7,29044.0,29090.7,781869.45529428
2023-08-07 10:00:00+00:00,29090.7,29145.1,28998.2,29092.1,507199.92919134
2023-08-07 12:00:00+00:00,29092.1,29144.4,28998.2,29030.5,196720.23655318
2023-08-07 14:00:00+00:00,29030.5,31001.7,28925.1,28925.1,157027656.32645136
2023-08-07 16:00:00+00:00,28925.1,29031.9,28852.1,28978.2,1651805.60056586
2023-08-07 18:00:00+00:00,28978.3,29145.1,28969.2,29145.1,4260846.63121958
2023-08-07 20:00:00+00:00,29145.1,1612144.1,28998.2,33500.0,102306622.24532974
2023-08-07 22:00:00+00:00,33540.5,33816.4,28998.2,28999.0,102142025.9702059
2023-08-08 00:00:00+00:00,28999.0,29145.1,28998.2,29145.1,3412112.93253095
2023-08-08 02:00:00+00:00,29145.1,29214.9,29140.0,29199.9,916755.62000964
2023-08-08 04:00:00+00:00,29198.6,29218.8,29182.6,29218.8,1963235.33776456
2023-08-08 06:00:00+00:00,29218.3,29277.9,29186.0,29188.8,149049.99472606
2023-08-08 08:00:00+00:00,29187.7,29206.0,29147.4,29202.4,9330.07029029
2023-08-08 10:00:00+00:00,29201.9,29292.7,29147.4,29292.7,1622946.76455735
2023-08-08 12:00:00+00:00,29292.7,29664.9,29177.5,29366.8,14595436.56918449
2023-08-08 14:00:00+00:00,29366.8,29515.5,29366.8,29437.5,1095509.58729086
2023-08-08 16:00:00+00:00,29500.0,29664.9,29366.8,29664.9,3212820.20120777
2023-08-08 18:00:00+00:00,29664.9,29740.0,29516.6,29740.0,3482805.40973365
2023-08-08 20:00:00+00:00,29740.0,29890.6,29613.3,29855.1,3356315.68574593
2023-08-08 22:00:00+00:00,29855.1,35513.2,29740.0,33151.6,80133669.27046008
2023-08-09 00:00:00+00:00,33151.6,33273.6,29824.4,29851.9,70687553.78216083
2023-08-09 02:00:00+00:00,29851.9,29916.3,29691.5,29712.0,4070598.42715263
2023-08-09 04:00:00+00:00,29712.0,29788.7,29700.7,29736.5,18820.76625837
2023-08-09 06:00:00+00:00,29736.5,29815.2,29669.9,29815.2,53588.56692177
2023-08-09 08:00:00+00:00,29815.2,29815.2,29664.9,29784.5,675876.00026533
2023-08-09 10:00:00+00:00,29784.5,29890.0,29664.9,29888.5,1399884.64394643
2023-08-09 12:00:00+00:00,29888.5,29966.1,29767.1,29884.5,3244236.16785996
2023-08-09 14:00:00+00:00,29884.2,30408.9,29751.0,29760.8,26155044.66892196
2023-08-09 16:00:00+00:00,29760.8,31807.9,29590.1,29590.1,109568778.10584246
2023-08-09 18:00:00+00:00,29590.1,29658.8,29441.0,29441.0,3261852.60381011
2023-08-09 20:00:00+00:00,29441.0,29560.2,29441.0,29528.7,1034084.43087244
2023-08-09 22:00:00+00:00,29528.7,29609.3,29500.0,29583.9,2103510.97012398
2023-08-10 00:00:00+00:00,29584.0,29659.8,29568.8,29607.6,39896.62188459
2023-08-10 02:00:00+00:00,29607.6,29645.9,29565.8,29581.4,23748.71225922
2023-08-10 04:00:00+00:00,29581.4,29613.5,29515.5,29583.4,697236.43169827
2023-08-10 06:00:00+00:00,29583.5,29618.6,29515.5,29515.5,559275.54872306
2023-08-10 08:00:00+00:00,29515.5,29890.6,29441.0,29538.0,18294900.90148317
2023-08-10 10:00:00+00:00,29538.0,29557.3,29482.0,29502.1,14386.33939495
2023-08-10 12:00:00+00:00,29502.1,29590.1,29441.0,29590.1,1855352.92479389
2023-08-10 14:00:00+00:00,29590.1,29664.9,29443.2,29467.1,2698880.70033034
2023-08-10 16:00:00+00:00,29467.1,29535.9,29366.8,29409.8,721870.90656325
2023-08-10 18:00:00+00:00,29409.8,29475.0,29380.7,29439.7,24487.98281529
2023-08-10 20:00:00+00:00,29439.7,34071.1,29366.8,33572.9,87590950.24009922
2023-08-10 22:00:00+00:00,33572.9,63951.0,33403.7,63000.0,8484442.24883504
2023-08-11 00:00:00+00:00,63000.0,63951.0,32984.6,33097.8,1822319577.2485888
2023-08-11 02:00:00+00:00,33097.8,33151.6,29385.3,29405.7,84335771.78545523
2023-08-11 04:00:00+00:00,29405.7,29455.0,29379.2,29454.9,11032479.98281005
2023-08-11 06:00:00+00:00,29455.0,29483.3,29413.4,29413.5,16312986.18603719
2023-08-11 08:00:00+00:00,29413.4,29449.5,29379.9,29386.0,9176488.84601275
2023-08-11 10:00:00+00:00,29386.0,29590.1,29351.5,29446.5,29690547.58647772
2023-08-11 12:00:00+00:00,29446.5,29473.0,29398.0,29472.9,48431211.13932907
2023-08-11 14:00:00+00:00,29472.9,29664.9,29292.7,29396.0,358478200.62047917
2023-08-11 16:00:00+00:00,29396.1,29430.0,29253.4,29338.7,96806421.66459021
2023-08-11 18:00:00+00:00,29338.7,29413.4,29331.5,29400.0,44254424.85745438
2023-08-11 20:00:00+00:00,29398.9,29441.0,29395.3,29410.9,9197335.95196796
2023-08-11 22:00:00+00:00,29410.9,52020.0,1799.9,1800.0,19924560780.7889
2023-08-12 00:00:00+00:00,1800.0,1565380.6,0.1,29404.4,18757058558.227283
2023-08-12 02:00:00+00:00,29404.4,29420.0,29379.2,29401.0,4658777.80146513
2023-08-12 04:00:00+00:00,29401.0,29427.6,29401.0,29405.8,32253517.15065371
2023-08-12 06:00:00+00:00,29405.8,29423.0,29380.2,29417.8,52075553.91968944
2023-08-12 08:00:00+00:00,29417.8,29422.0,29386.5,29416.3,27237169.63636985
2023-08-12 10:00:00+00:00,29416.3,29430.2,29406.6,29423.1,35834569.38632648
2023-08-12 12:00:00+00:00,29423.1,29426.0,29406.8,29406.8,18573954.12148246
2023-08-12 14:00:00+00:00,29406.8,29453.5,29406.8,29453.4,107495949.9370035
2023-08-12 16:00:00+00:00,29478.3,29483.6,29432.9,29434.0,17330476.94635496
2023-08-12 18:00:00+00:00,29434.0,29438.0,29412.6,29415.5,1501279.82283352
2023-08-12 20:00:00+00:00,29415.5,29428.0,29399.3,29420.8,7987389.07209239
2023-08-12 22:00:00+00:00,29420.8,29434.0,29420.8,29430.0,1973670.51833612
2023-08-13 00:00:00+00:00,29430.0,29455.4,29425.4,29452.0,2906037.21610651
2023-08-13 02:00:00+00:00,29452.0,29457.0,29397.2,29420.4,3205729.248976
2023-08-13 04:00:00+00:00,29420.4,29420.5,29365.4,29385.5,5873343.7809036
2023-08-13 06:00:00+00:00,29385.4,29406.5,29382.1,29397.9,2009755.09572096
2023-08-13 08:00:00+00:00,29397.9,29410.0,29391.3,29405.1,4082535.27515185
2023-08-13 10:00:00+00:00,29405.1,34000.0,28562.1,29381.9,269476379.31667674
2023-08-13 12:00:00+00:00,29381.9,29392.0,29367.7,29369.6,1298368.8606828
2023-08-13 14:00:00+00:00,29369.6,29383.9,29360.0,29372.0,4435428.97190413
2023-08-13 16:00:00+00:00,29372.0,29421.1,29329.1,29397.6,7830523.91196557
2023-08-13 18:00:00+00:00,29397.6,29515.5,28998.2,29441.1,57240184.59082014
2023-08-13 20:00:00+00:00,29441.1,29447.9,29366.8,29374.0,4818387.70748116
2023-08-13 22:00:00+00:00,29374.0,29380.7,29271.0,29302.0,53644871.52671416
2023-08-14 00:00:00+00:00,29302.1,29326.3,29218.8,29266.1,48354016.77178351
2023-08-14 02:00:00+00:00,29266.1,29422.6,29100.0,29393.8,117909145.18916585
2023-08-14 04:00:00+00:00,29393.8,29457.8,29386.8,29446.0,2264715.06207916
2023-08-14 06:00:00+00:00,29446.0,29470.3,29379.9,29420.6,346179.61971823
2023-08-14 08:00:00+00:00,29420.6,29494.7,29366.8,29415.0,570011.00837018
2023-08-14 10:00:00+00:00,29415.0,36000.0,28925.1,29409.9,254409531.44429144
2023-08-14 12:00:00+00:00,29409.9,29411.9,29329.9,29385.7,285774.02703976
2023-08-14 14:00:00+00:00,29385.7,29666.2,29302.2,29600.6,17164507.20125962
2023-08-14 16:00:00+00:00,29600.6,29695.0,29478.5,29487.8,5689110.46909566
2023-08-14 18:00:00+00:00,29487.8,29521.2,29292.7,29362.9,6139173.72463519
2023-08-14 20:00:00+00:00,29362.8,29412.4,29336.3,29406.0,124515.05944622
2023-08-14 22:00:00+00:00,29406.0,29472.3,29323.8,29431.9,2379879.76805598
2023-08-15 00:00:00+00:00,29431.9,29456.9,29379.9,29412.5,379301.83714577
2023-08-15 02:00:00+00:00,29412.5,29426.0,29371.0,29398.6,166208.75479724
2023-08-15 04:00:00+00:00,29398.6,29437.5,29360.1,29369.9,2232197.63708598
2023-08-15 06:00:00+00:00,29369.9,29437.5,29360.0,29409.0,49508.33651205
2023-08-15 08:00:00+00:00,29408.9,29454.5,29398.0,29419.6,2924511.1654495
2023-08-15 10:00:00+00:00,29419.5,29420.2,29356.4,29364.7,6631500.00021955
2023-08-15 12:00:00+00:00,29364.7,29415.4,29361.0,29373.0,2465586.24961419
2023-08-15 14:00:00+00:00,29373.0,29495.7,29302.2,29331.7,88181115.24108475
2023-08-15 16:00:00+00:00,29331.7,29370.6,29262.9,29334.9,28017158.84924404
2023-08-15 18:00:00+00:00,29334.9,29349.9,29074.4,29180.0,932669594.7349073
2023-08-15 20:00:00+00:00,29180.0,29244.1,29135.2,29234.5,80063547.82848643
2023-08-15 22:00:00+00:00,29234.5,29240.5,29175.7,29201.4,6715161.01379285
2023-08-16 00:00:00+00:00,29201.4,29261.4,29187.0,29246.0,11128993.03995161
2023-08-16 02:00:00+00:00,29246.0,29257.4,29220.4,29227.7,516371.17488478
2023-08-16 04:00:00+00:00,29227.7,29232.1,29104.6,29140.8,5529108.24835581
2023-08-16 06:00:00+00:00,29140.8,29214.2,29110.3,29194.0,8069599.60001919
2023-08-16 08:00:00+00:00,29194.0,29217.1,29103.6,29165.0,13932231.63922208
2023-08-16 10:00:00+00:00,29165.0,29206.9,29145.2,29163.9,2811317.17875535
2023-08-16 12:00:00+00:00,29163.9,29207.9,29044.2,29085.0,723804254.934099
2023-08-16 14:00:00+00:00,29085.0,29181.1,29048.0,29104.7,15250399.32911714
2023-08-16 16:00:00+00:00,29104.7,29168.5,28952.8,29168.0,1323110128.4970887
2023-08-16 18:00:00+00:00,29168.0,29232.1,29108.5,29113.8,182471493.81856576
2023-08-16 20:00:00+00:00,29113.7,29142.1,28833.6,28931.9,4995328457.176504
2023-08-16 22:00:00+00:00,28931.9,28977.8,28720.2,28730.1,359055459.16635925
2023-08-17 00:00:00+00:00,28730.1,28779.4,28347.4,28631.8,2552331735.2559767
2023-08-17 02:00:00+00:00,28631.8,28696.2,28563.5,28653.8,251562273.67535797
2023-08-17 04:00:00+00:00,28653.8,28703.6,28607.2,28676.1,19595098.72713467
2023-08-17 06:00:00+00:00,28676.1,28694.0,28598.0,28620.1,3396975.6981916
2023-08-17 08:00:00+00:00,28620.1,28636.3,28517.7,28592.0,32940398.1455833
2023-08-17 10:00:00+00:00,28592.0,28605.9,28481.4,28541.9,28340298.70336629
2023-08-17 12:00:00+00:00,28541.9,28567.4,28381.5,28400.0,66413614.01059262
2023-08-17 14:00:00+00:00,28400.0,28496.5,27878.0,27928.9,392768207.9083238
2023-08-17 16:00:00+00:00,27928.9,28084.2,27709.5,27974.1,389809765.80101025
2023-08-17 18:00:00+00:00,27974.1,28024.8,27852.3,27896.0,57704160.43925019
2023-08-17 20:00:00+00:00,27896.1,27921.7,24422.2,26195.9,519332664.263881
2023-08-17 22:00:00+00:00,26195.7,26993.0,25882.9,26621.1,810416712.2026381
2023-08-18 00:00:00+00:00,26621.1,26831.4,26287.6,26612.1,336281643.4414819
2023-08-18 02:00:00+00:00,26612.1,26679.3,26321.5,26397.8,102072202.6467187
2023-08-18 04:00:00+00:00,26397.7,26530.9,26145.7,26437.6,234515385.50688004
2023-08-18 06:00:00+00:00,26437.6,26606.4,26412.0,26418.9,118150057.088922
2023-08-18 08:00:00+00:00,26418.9,26607.4,26411.2,26449.2,45523603.58787585
2023-08-18 10:00:00+00:00,26449.2,26513.1,26357.3,26492.0,33863584.21355648
2023-08-18 12:00:00+00:00,26492.0,26500.0,26218.1,26238.3,158672098.79426655
2023-08-18 14:00:00+00:00,26238.2,26306.4,25941.8,25999.2,418588991.6882021
2023-08-18 16:00:00+00:00,25999.2,26140.2,25674.1,26009.8,520860749.9652715
2023-08-18 18:00:00+00:00,26009.8,26305.2,25922.6,26063.5,306107746.3565272
2023-08-18 20:00:00+00:00,26063.5,26243.3,26014.0,26064.9,93116610.08785407
2023-08-18 22:00:00+00:00,26064.8,26120.0,26010.6,26055.5,52553904.5400721
2023-08-19 00:00:00+00:00,26055.5,26154.8,26017.8,26020.0,38212778.64737854
2023-08-19 02:00:00+00:00,26020.0,26069.7,25927.7,25967.4,16540669.37240131
2023-08-19 04:00:00+00:00,25967.4,26009.6,25877.0,25885.6,16636266.30740584
2023-08-19 06:00:00+00:00,25884.4,25927.6,25804.8,25918.1,41647095.72030412
2023-08-19 08:00:00+00:00,25918.0,26000.0,25882.9,25941.8,42822040.40771357
2023-08-19 10:00:00+00:00,25941.8,25959.0,25893.5,25903.5,3130848.44820946
2023-08-19 12:00:00+00:00,25903.5,25981.1,25874.9,25925.0,13538099.41346867
2023-08-19 14:00:00+00:00,25925.0,26222.0,25882.9,26215.2,123986098.88045877
2023-08-19 16:00:00+00:00,26215.2,26266.1,26071.9,26090.0,75634237.15219057
2023-08-19 18:00:00+00:00,26090.0,26160.2,26030.8,26128.9,27618456.37434811
2023-08-19 20:00:00+00:00,26128.8,26159.1,26037.4,26086.2,30346521.77795791
2023-08-19 22:00:00+00:00,26086.2,26125.0,26053.1,26101.8,6479976.34928798
2023-08-20 00:00:00+00:00,26101.8,26207.4,26048.8,26067.4,30528468.13611698
2023-08-20 02:00:00+00:00,26067.4,26137.2,26014.0,26104.3,9859113.66689649
2023-08-20 04:00:00+00:00,26104.3,26161.3,26014.0,26090.2,7295166.26903351
2023-08-20 06:00:00+00:00,26090.2,26129.6,26014.0,26086.9,15380085.21395959
2023-08-20 08:00:00+00:00,26086.9,26145.7,26040.0,26144.7,3100733.49368147
2023-08-20 10:00:00+00:00,26144.7,26197.6,26090.0,26180.0,11323865.33254343
2023-08-20 12:00:00+00:00,26180.0,26211.8,26125.2,26137.9,32795.57916163
2023-08-20 14:00:00+00:00,26137.9,26150.9,25971.2,26105.8,47740594.13992266
2023-08-20 16:00:00+00:00,26105.8,26162.2,26014.0,26126.6,19593900.40132653
2023-08-20 18:00:00+00:00,26126.6,26152.0,26104.8,26137.8,3400586.95127071
2023-08-20 20:00:00+00:00,26137.8,26291.6,26136.4,26178.5,35613148.26915187
2023-08-20 22:00:00+00:00,26178.5,26227.3,26152.1,26190.7,333578.77871079
2023-08-21 00:00:00+00:00,26190.7,26197.1,26086.3,26146.3,13133264.94810845
2023-08-21 02:00:00+00:00,26146.3,26159.8,26073.0,26092.0,2418935.22653576
2023-08-21 04:00:00+00:00,26092.0,26186.3,26044.5,26099.0,41067064.8345315
2023-08-21 06:00:00+00:00,26099.0,26121.7,26001.1,26025.2,7263889.75369061
2023-08-21 08:00:00+00:00,26025.2,26088.5,25990.0,26029.7,4174557.3470185
2023-08-21 10:00:00+00:00,26029.7,26043.0,25891.2,26032.9,5175702.70097312
2023-08-21 12:00:00+00:00,26033.0,26141.0,25985.1,26128.3,9209413.55652735
2023-08-21 14:00:00+00:00,26128.3,26525.2,25750.0,25941.7,21789818.85822976
2023-08-21 16:00:00+00:00,25941.7,26078.5,25937.9,26052.2,3081296.94008157
2023-08-21 18:00:00+00:00,26053.6,26157.4,26028.6,26099.7,12249891.10489751
2023-08-21 20:00:00+00:00,26098.8,26243.4,26083.8,26194.9,6112262.0350739
2023-08-21 22:00:00+00:00,26194.1,26194.1,26118.1,26128.2,3060669.50755267
2023-08-22 00:00:00+00:00,26128.2,26142.0,26050.5,26050.5,1916.91475188
2023-08-22 02:00:00+00:00,26050.5,26074.6,26025.8,26046.1,1577.36728122
2023-08-22 04:00:00+00:00,26046.1,26049.9,26002.4,26044.4,14145187.52837228
2023-08-22 06:00:00+00:00,26044.4,26118.3,26028.7,26106.1,25479353.2797089
2023-08-22 08:00:00+00:00,26106.1,26110.7,26033.2,26045.7,11972910.93113386
2023-08-22 10:00:00+00:00,26045.7,26068.0,26029.0,26052.6,7987521.22206852
2023-08-22 12:00:00+00:00,26052.5,26099.9,25967.4,26000.2,97432681.6742791
2023-08-22 14:00:00+00:00,26000.2,26055.3,25919.9,25944.1,157887922.673984
2023-08-22 16:00:00+00:00,25936.4,26053.3,25726.0,25832.0,533930874.72339505
2023-08-22 18:00:00+00:00,25832.0,25998.4,25772.1,25780.9,170978831.34583798
2023-08-22 20:00:00+00:00,25780.9,25903.7,25377.8,25672.0,193672489.8797675
2023-08-22 22:00:00+00:00,25667.8,26066.5,25645.0,26052.2,269772110.20260096
2023-08-23 00:00:00+00:00,26056.8,26189.1,25996.0,26048.3,170552057.32003585
2023-08-23 02:00:00+00:00,26048.4,26091.8,25991.4,26008.0,11981162.30217339
2023-08-23 04:00:00+00:00,26008.0,26061.7,25982.3,26045.9,17521503.72707402
2023-08-23 06:00:00+00:00,26042.7,26181.5,26014.7,26055.5,104515335.12935248
2023-08-23 08:00:00+00:00,26055.5,26098.5,26014.1,26042.7,12901197.73468952
2023-08-23 10:00:00+00:00,26042.7,26042.7,25906.0,25939.8,67107162.43208713
2023-08-23 12:00:00+00:00,25938.0,26037.1,25817.8,26018.8,95490498.95292974
2023-08-23 14:00:00+00:00,26018.8,26180.0,25927.0,26146.0,329882440.739482
2023-08-23 16:00:00+00:00,26146.0,26600.0,26127.0,26544.5,451650176.95158124
2023-08-23 18:00:00+00:00,26544.4,26816.4,26438.6,26630.2,213495785.44415602
2023-08-23 20:00:00+00:00,26630.8,26722.1,26221.3,26321.9,249862138.21280587
2023-08-23 22:00:00+00:00,26321.0,26527.3,26303.9,26433.0,90533331.02239183
2023-08-24 00:00:00+00:00,26434.4,26541.5,26352.1,26352.8,47281012.11626687
2023-08-24 02:00:00+00:00,26352.1,26441.2,26352.1,26438.0,8829650.06775047
2023-08-24 04:00:00+00:00,26438.0,26485.5,26412.0,26421.7,7261257.34732854
2023-08-24 06:00:00+00:00,26421.9,26510.2,26386.5,26473.9,43098009.85573733
2023-08-24 08:00:00+00:00,26473.9,26573.2,26426.4,26438.0,53402409.87322072
2023-08-24 10:00:00+00:00,26438.0,26541.3,26415.3,26446.1,27212352.29381101
2023-08-24 12:00:00+00:00,26446.1,26446.1,26292.5,26353.2,51289988.07000998
2023-08-24 14:00:00+00:00,26353.2,26372.0,26000.1,26000.1,265677336.96861553
2023-08-24 16:00:00+00:00,26000.4,26162.5,25861.7,26055.9,181937391.5875194
2023-08-24 18:00:00+00:00,26055.9,26138.1,25979.9,26017.9,63578253.81672454
2023-08-24 20:00:00+00:00,26034.2,26106.0,25940.2,26094.9,151551120.46355188
2023-08-24 22:00:00+00:00,26094.9,26206.0,26068.5,26180.0,36410014.36872665
2023-08-25 00:00:00+00:00,26180.0,26191.9,26094.7,26148.8,51106159.31147108
2023-08-25 02:00:00+00:00,26149.7,26181.8,26019.3,26107.5,31906557.87839222
2023-08-25 04:00:00+00:00,26107.6,26113.2,26011.7,26060.2,33175567.86120658
2023-08-25 06:00:00+00:00,26060.3,26070.3,25973.8,25978.1,35965248.94760352
2023-08-25 08:00:00+00:00,25980.5,26127.0,25978.1,26079.8,19333816.75777092
2023-08-25 10:00:00+00:00,26079.8,26111.8,26068.0,26100.5,3683218.95193743
2023-08-25 12:00:00+00:00,26100.5,26237.7,26064.9,26069.3,137321006.1001922
2023-08-25 14:00:00+00:00,26069.1,26303.0,25781.4,25932.2,555667127.3862352
2023-08-25 16:00:00+00:00,25932.2,26030.3,25834.3,25890.7,138325487.07939184
2023-08-25 18:00:00+00:00,25890.6,26062.2,25872.3,25973.8,130849987.50879325
2023-08-25 20:00:00+00:00,25973.9,26086.2,25959.1,26082.9,68856482.41502668
2023-08-25 22:00:00+00:00,26082.8,26087.1,26037.6,26061.7,22719463.83753642
2023-08-26 00:00:00+00:00,26061.7,26095.8,26032.2,26047.5,14745514.65919033
2023-08-26 02:00:00+00:00,26047.6,26121.8,26047.6,26086.5,34972887.03757769
2023-08-26 04:00:00+00:00,26086.6,26088.9,26056.0,26064.0,3377215.55223845
2023-08-26 06:00:00+00:00,26064.1,26086.0,26048.5,26049.9,2098.2054443
2023-08-26 08:00:00+00:00,26049.9,26064.6,26006.0,26014.0,21196631.06953582
2023-08-26 10:00:00+00:00,26014.0,26054.9,26011.4,26049.9,1804.99622
2023-08-26 12:00:00+00:00,26049.8,26050.2,25991.3,26045.7,3693891.26463705
2023-08-26 14:00:00+00:00,26045.7,26079.7,26030.4,26055.3,1844790.24497127
2023-08-26 16:00:00+00:00,26055.3,26062.0,26010.7,26033.1,9529620.49186377
2023-08-26 18:00:00+00:00,26033.1,26042.7,26007.0,26035.9,1706.97436179
2023-08-26 20:00:00+00:00,26035.9,26052.0,26018.1,26040.6,9528367.57726518
2023-08-26 22:00:00+00:00,26040.6,26049.9,25994.0,26022.1,4614227.95005586
2023-08-27 00:00:00+00:00,26022.1,26036.0,25971.7,25998.9,7695002.06989112
2023-08-27 02:00:00+00:00,25998.9,26025.6,25997.3,26022.1,1655.69531628
2023-08-27 04:00:00+00:00,26022.1,26046.2,26022.0,26035.8,1027.92732901
2023-08-27 06:00:00+00:00,26035.8,26051.9,26027.6,26044.1,1433.47120904
2023-08-27 08:00:00+00:00,26044.0,26075.0,26030.7,26074.7,5836900.8065786
2023-08-27 10:00:00+00:00,26074.7,26096.9,26055.1,26060.1,308164.75758154
2023-08-27 12:00:00+00:00,26060.2,26089.8,26053.7,26078.5,1204.9449824
2023-08-27 14:00:00+00:00,26078.5,26179.8,26078.0,26123.0,69206799.54175463
2023-08-27 16:00:00+00:00,26123.3,26179.9,26046.0,26062.0,16191367.7516529
2023-08-27 18:00:00+00:00,26061.4,26161.2,26034.8,26125.4,22072136.29644431
2023-08-27 20:00:00+00:00,26124.1,26132.6,26038.9,26068.0,19335089.35427206
2023-08-27 22:00:00+00:00,26067.4,26109.4,26042.9,26102.0,10743388.95226553
2023-08-28 00:00:00+00:00,26102.0,26103.5,25990.0,26027.9,86963812.61551282
2023-08-28 02:00:00+00:00,26027.7,26059.7,26014.1,26016.1,17831033.3329382
2023-08-28 04:00:00+00:00,26014.7,26036.1,25875.0,25965.9,102895368.01140016
2023-08-28 06:00:00+00:00,25964.0,25990.4,25889.8,25934.5,4325621.88681198
2023-08-28 08:00:00+00:00,25934.5,25985.7,25867.9,25932.8,62011115.07653055
2023-08-28 10:00:00+00:00,25932.8,26007.1,25912.2,26004.4,5545587.47846525
2023-08-28 12:00:00+00:00,26005.5,26249.9,25994.0,26101.9,157044492.1913313
2023-08-28 14:00:00+00:00,26100.6,26188.2,26056.1,26104.4,63727083.60541183
2023-08-28 16:00:00+00:00,26103.9,26194.0,26098.3,26141.2,66430841.92594914
2023-08-28 18:00:00+00:00,26141.3,26155.7,25920.2,25997.9,83958094.80432332
2023-08-28 20:00:00+00:00,25998.6,26025.5,25948.2,25982.7,11400568.23385309
2023-08-28 22:00:00+00:00,25981.3,26177.4,25979.1,26118.2,70177149.00223531
2023-08-29 00:00:00+00:00,26116.2,26200.0,26085.5,26103.2,79263202.75763497
2023-08-29 02:00:00+00:00,26103.2,26110.0,26066.2,26082.1,7669716.55365117
2023-08-29 04:00:00+00:00,26082.1,26097.0,26039.4,26061.9,4297349.07435905
2023-08-29 06:00:00+00:00,26061.9,26062.0,25992.2,26007.9,25212715.4433597
2023-08-29 08:00:00+00:00,26001.4,26017.7,25950.1,25990.5,17864111.40594596
2023-08-29 10:00:00+00:00,25990.6,26047.2,25897.6,25976.6,53469617.60645959
2023-08-29 12:00:00+00:00,25976.7,26103.6,25966.1,26054.1,42990923.45032661
2023-08-29 14:00:00+00:00,26054.0,27692.3,26054.0,27424.1,874747777.7309811
2023-08-29 16:00:00+00:00,27420.6,28080.6,27354.9,27890.9,863764940.5825844
2023-08-29 18:00:00+00:00,27890.0,28018.0,27827.9,27833.4,293277391.5295004
2023-08-29 20:00:00+00:00,27832.6,27886.3,27568.2,27664.4,245649883.27369547
2023-08-29 22:00:00+00:00,27664.3,27775.6,27539.5,27721.3,151840740.69041762
2023-08-30 00:00:00+00:00,27718.5,27771.4,27471.8,27552.7,141452123.81093934
2023-08-30 02:00:00+00:00,27552.2,27560.0,27284.7,27395.7,91697014.79900438
2023-08-30 04:00:00+00:00,27395.2,27475.2,27392.4,27469.0,23619845.36409451
2023-08-30 06:00:00+00:00,27469.0,27469.0,27370.6,27439.0,23633896.68779329
2023-08-30 08:00:00+00:00,27439.6,27496.7,27310.4,27426.9,58399029.84377345
2023-08-30 10:00:00+00:00,27426.9,27452.1,27333.4,27344.0,35081717.71790527
2023-08-30 12:00:00+00:00,27344.0,27463.6,27244.9,27374.3,336809263.5703067
2023-08-30 14:00:00+00:00,27374.9,27425.3,27045.2,27204.0,399542169.47928905
2023-08-30 16:00:00+00:00,27204.1,27247.2,27072.1,27170.9,139625808.42533505
2023-08-30 18:00:00+00:00,27170.1,27285.7,27101.9,27177.8,104664934.49748798
2023-08-30 20:00:00+00:00,27177.2,27335.8,27177.2,27261.3,71611683.91225205
2023-08-30 22:00:00+00:00,27262.0,27325.9,27231.5,27299.5,32260701.44580543
2023-08-31 00:00:00+00:00,27299.9,27300.0,27179.1,27197.8,39089610.15931024
2023-08-31 02:00:00+00:00,27197.8,27235.4,27182.1,27217.7,14416278.39162997
2023-08-31 04:00:00+00:00,27217.7,27283.9,27212.2,27250.9,29063153.14048015
2023-08-31 06:00:00+00:00,27250.9,27292.3,27234.2,27261.4,8807892.78239863
2023-08-31 08:00:00+00:00,27260.1,27272.0,27192.0,27201.5,25279757.80959959
2023-08-31 10:00:00+00:00,27201.5,27496.3,27193.2,27306.6,149962496.81891894
2023-08-31 12:00:00+00:00,27306.6,27314.1,27076.9,27149.7,217718127.1803041
2023-08-31 14:00:00+00:00,27149.8,27187.7,26868.4,26921.0,210172931.87520763
2023-08-31 16:00:00+00:00,26921.0,26924.1,26133.8,26326.7,663875830.2017211
2023-08-31 18:00:00+00:00,26326.8,26384.1,25964.1,26168.0,292657205.8986548
2023-08-31 20:00:00+00:00,26167.9,26188.0,25756.5,26023.5,384099748.11254877
2023-08-31 22:00:00+00:00,26023.6,26064.9,25918.3,25939.9,49565860.37812349
2023-09-01 00:00:00+00:00,25938.5,26063.2,25928.1,25985.9,60312405.58161551
2023-09-01 02:00:00+00:00,25986.0,26096.0,25984.3,26079.9,38977765.48891968
2023-09-01 04:00:00+00:00,26081.3,26094.5,26023.3,26029.0,7679116.5947974
2023-09-01 06:00:00+00:00,26029.0,26043.2,25980.2,25991.1,12005080.22103295
2023-09-01 08:00:00+00:00,25991.0,26047.8,25962.1,26032.1,14146585.84569598
2023-09-01 10:00:00+00:00,26032.4,26071.8,25981.1,26045.6,25213383.99689436
2023-09-01 12:00:00+00:00,26045.6,26143.0,25876.1,25997.9,154589485.47155055
2023-09-01 14:00:00+00:00,25999.5,26003.8,25579.9,25810.4,327826939.0331084
2023-09-01 16:00:00+00:00,25810.4,25953.9,25330.2,25480.2,550145139.0655985
2023-09-01 18:00:00+00:00,25480.0,25817.4,25456.5,25646.1,263136537.66810238
2023-09-01 20:00:00+00:00,25646.1,25918.0,25571.9,25806.2,230585944.85048148
2023-09-01 22:00:00+00:00,25806.1,25836.2,25756.3,25806.4,15821597.22733588
2023-09-02 00:00:00+00:00,25806.4,25842.0,25777.4,25777.5,12098487.700963
2023-09-02 02:00:00+00:00,25777.4,25813.3,25756.2,25800.0,6211425.44528795
2023-09-02 04:00:00+00:00,25800.1,25847.0,25765.7,25820.2,19534127.65202163
2023-09-02 06:00:00+00:00,25820.2,25842.4,25782.6,25796.3,17672128.39184279
2023-09-02 08:00:00+00:00,25796.4,25828.5,25778.2,25814.7,23271652.2827448
2023-09-02 10:00:00+00:00,25814.0,25862.8,25790.7,25815.6,32537717.14358501
2023-09-02 12:00:00+00:00,25815.7,25855.6,25790.4,25831.4,10846472.14303216
2023-09-02 14:00:00+00:00,25831.4,25986.0,25812.1,25898.5,82725143.37504756
2023-09-02 16:00:00+00:00,25898.3,25939.5,25815.1,25816.1,17634513.20074287
2023-09-02 18:00:00+00:00,25816.2,25846.4,25762.1,25835.9,35359498.81626055
2023-09-02 20:00:00+00:00,25833.5,25886.9,25817.1,25859.9,25062509.38380771
2023-09-02 22:00:00+00:00,25860.0,25904.4,25846.0,25870.7,4326970.13389475
2023-09-03 00:00:00+00:00,25870.8,25907.9,25826.1,25867.5,22266965.76081956
2023-09-03 02:00:00+00:00,25866.0,25883.2,25852.7,25865.0,2619.98602134
2023-09-03 04:00:00+00:00,25865.1,25906.8,25865.1,25898.3,1236897.79254326
2023-09-03 06:00:00+00:00,25898.2,25951.0,25892.4,25950.1,3397795.35582497
2023-09-03 08:00:00+00:00,25950.1,25951.8,25876.9,25907.6,8959202.97023706
2023-09-03 10:00:00+00:00,25907.5,25945.9,25886.0,25943.8,12039548.39536113
2023-09-03 12:00:00+00:00,25943.9,26066.6,25818.0,25892.9,154514846.819462
2023-09-03 14:00:00+00:00,25891.5,25937.7,25850.9,25872.1,34920282.26632221
2023-09-03 16:00:00+00:00,25872.0,25896.9,25806.1,25889.0,69008668.99109723
2023-09-03 18:00:00+00:00,25889.0,26030.3,25881.2,26010.1,160558992.48731273
2023-09-03 20:00:00+00:00,26010.1,26129.4,25954.5,25967.0,127205132.80347334
2023-09-03 22:00:00+00:00,25966.9,25984.9,25928.6,25972.0,9870104.08977113
2023-09-04 00:00:00+00:00,25972.0,25975.0,25880.0,25909.7,16367436.57454217
2023-09-04 02:00:00+00:00,25909.7,26100.0,25894.4,25989.2,72536839.00610483
2023-09-04 04:00:00+00:00,25989.4,26019.9,25934.0,25934.0,19099102.35251008
2023-09-04 06:00:00+00:00,25933.6,26011.7,25916.2,25963.0,23111181.28949901
2023-09-04 08:00:00+00:00,25963.1,26008.7,25912.2,25953.4,28978872.29057069
2023-09-04 10:00:00+00:00,25953.4,25965.5,25870.1,25894.9,6180057.98831253
2023-09-04 12:00:00+00:00,25894.0,25913.6,25831.5,25883.5,9280833.35355692
2023-09-04 14:00:00+00:00,25883.4,25964.0,25727.5,25815.1,52709619.88803104
2023-09-04 16:00:00+00:00,25813.6,25941.3,25811.8,25909.9,21643748.20217389
2023-09-04 18:00:00+00:00,25910.0,25946.7,25856.1,25894.0,15438960.87843775
2023-09-04 20:00:00+00:00,25894.0,25921.0,25633.4,25674.9,46561000.51374209
2023-09-04 22:00:00+00:00,25673.5,25851.8,25636.0,25827.3,46549922.26521451
2023-09-05 00:00:00+00:00,25827.3,25844.9,25738.8,25755.4,12389154.13488192
2023-09-05 02:00:00+00:00,25755.5,25759.6,25534.2,25688.0,28070190.81859306
2023-09-05 04:00:00+00:00,25688.8,25754.5,25677.3,25731.0,24879133.04356297
2023-09-05 06:00:00+00:00,25732.2,25745.4,25681.1,25732.3,12766682.29518838
2023-09-05 08:00:00+00:00,25735.4,25795.3,25655.9,25754.2,56671156.26002603
2023-09-05 10:00:00+00:00,25754.4,25801.8,25745.0,25781.1,6523703.53477949
2023-09-05 12:00:00+00:00,25781.1,25837.7,25700.1,25738.5,43477800.16759301
2023-09-05 14:00:00+00:00,25738.5,25885.2,25624.8,25757.1,166491588.0688341
2023-09-05 16:00:00+00:00,25758.7,25843.1,25711.2,25751.5,56164340.71746628
2023-09-05 18:00:00+00:00,25751.5,25774.0,25684.4,25688.5,58154529.45102272
2023-09-05 20:00:00+00:00,25684.1,25768.4,25676.1,25736.0,91796692.50225298
2023-09-05 22:00:00+00:00,25735.9,25804.5,25726.4,25792.0,45953690.8681794
2023-09-06 00:00:00+00:00,25792.0,25826.9,25772.0,25783.1,623617.98164458
2023-09-06 02:00:00+00:00,25783.0,25864.7,25772.5,25782.8,12704270.11487729
2023-09-06 04:00:00+00:00,25782.9,25878.0,25398.9,25748.4,622136.95410151
2023-09-06 06:00:00+00:00,25748.4,25791.9,25720.0,25730.2,6208736.9681171
2023-09-06 08:00:00+00:00,25730.1,25769.3,25716.0,25753.2,622819.96961759
2023-09-06 10:00:00+00:00,25753.3,25779.1,25719.8,25734.7,9629749.27361957
2023-09-06 12:00:00+00:00,25734.8,25770.0,25684.8,25743.8,33898248.31468786
2023-09-06 14:00:00+00:00,25742.3,25742.3,25540.0,25591.0,125190055.90335874
2023-09-06 16:00:00+00:00,25591.0,26019.8,25413.2,25864.1,249989948.11059675
2023-09-06 18:00:00+00:00,25858.5,25961.4,25590.5,25683.8,207051421.32296455
2023-09-06 20:00:00+00:00,25688.0,25775.3,25652.9,25725.4,16489851.44916671
2023-09-06 22:00:00+00:00,25725.5,25785.5,25719.0,25761.5,28582127.67760488
2023-09-07 00:00:00+00:00,25761.4,25775.9,25723.9,25748.1,9630957.29705851
2023-09-07 02:00:00+00:00,25748.1,25839.8,25735.4,25837.0,24188976.17773955
2023-09-07 04:00:00+00:00,25837.0,25849.5,25780.0,25790.9,11468989.37027014
2023-09-07 06:00:00+00:00,25790.1,25797.4,25746.1,25763.6,1545.84812332
2023-09-07 08:00:00+00:00,25763.5,25764.6,25732.7,25737.2,3107258.91792045
2023-09-07 10:00:00+00:00,25737.2,25751.8,25734.2,25740.0,311236.11556076
2023-09-07 12:00:00+00:00,25734.2,25740.0,25734.2,25740.0,604.24856519
2023-09-07 14:00:00+00:00,25737.0,25740.0,25734.2,25740.0,843.37997435
2023-09-07 16:00:00+00:00,25740.0,25740.0,25734.2,25740.0,1190.69490425
2023-09-07 18:00:00+00:00,25734.2,25740.0,25734.2,25740.0,1053.49764949
2023-09-07 20:00:00+00:00,25740.0,25740.0,25734.2,25734.2,416.78519218
2023-09-07 22:00:00+00:00,25734.2,25749.7,25723.9,25746.0,933288.32391383
2023-09-08 00:00:00+00:00,25746.0,25970.4,25721.9,25783.1,377.5010534
2023-09-08 02:00:00+00:00,25741.0,26276.5,25734.2,26253.9,12193541.55096562
2023-09-08 04:00:00+00:00,26253.9,26380.2,26240.2,26240.2,44671838.1101167
2023-09-08 06:00:00+00:00,26240.2,26293.0,26191.5,26259.6,9452936.73154587
2023-09-08 08:00:00+00:00,26259.5,26268.5,26041.5,26047.1,17116559.29414127
2023-09-08 10:00:00+00:00,26047.1,26047.1,25676.0,25842.0,139992642.9475256
2023-09-08 12:00:00+00:00,25842.0,25949.3,25800.0,25882.4,45101242.06900342
2023-09-08 14:00:00+00:00,25882.5,25942.6,25827.6,25846.3,36154041.8504474
2023-09-08 16:00:00+00:00,25846.1,25872.5,25730.0,25831.5,54267319.95631232
2023-09-08 18:00:00+00:00,25831.4,25897.0,25767.4,25897.0,53547350.96959645
2023-09-08 20:00:00+00:00,25896.5,25931.0,25851.8,25892.7,31211871.10604389
2023-09-08 22:00:00+00:00,25892.6,25935.8,25890.8,25915.3,10186069.94032538
2023-09-09 00:00:00+00:00,25915.3,25915.3,25860.9,25869.8,3092825.8180665
2023-09-09 02:00:00+00:00,25869.9,25891.7,25849.0,25874.9,3094059.1303559
2023-09-09 04:00:00+00:00,25875.0,25888.6,25837.9,25845.5,3091791.77386435
2023-09-09 06:00:00+00:00,25845.5,25894.5,25845.4,25882.0,787.7876384
2023-09-09 08:00:00+00:00,25882.1,25905.2,25867.5,25881.5,11122602.33475818
2023-09-09 10:00:00+00:00,25881.5,25894.0,25847.6,25860.5,15772308.11999046
2023-09-09 12:00:00+00:00,25860.6,25872.0,25796.1,25825.4,13009339.50197059
2023-09-09 14:00:00+00:00,25825.4,25926.2,25822.6,25893.6,32450972.61618855
2023-09-09 16:00:00+00:00,25893.6,25945.0,25872.5,25880.9,16056889.70921967
2023-09-09 18:00:00+00:00,25879.9,25880.7,25848.7,25871.5,7113724.3209016
2023-09-09 20:00:00+00:00,25871.4,25903.9,25858.6,25892.0,9585846.47097187
2023-09-09 22:00:00+00:00,25891.9,25919.2,25881.2,25905.6,6177688.43213682
2023-09-10 00:00:00+00:00,25905.5,25906.8,25835.5,25853.4,3097230.58187332
2023-09-10 02:00:00+00:00,25853.4,25881.3,25832.2,25866.4,3094992.85261604
2023-09-10 04:00:00+00:00,25866.4,25866.5,25768.4,25851.0,39698493.20152415
2023-09-10 06:00:00+00:00,25851.0,25874.1,25841.7,25853.0,1052.95959679
2023-09-10 08:00:00+00:00,25854.7,25870.9,25825.1,25826.1,4334646.42961251
2023-09-10 10:00:00+00:00,25827.3,25836.1,25795.1,25798.1,1311.97425391
2023-09-10 12:00:00+00:00,25798.1,25836.3,25772.0,25813.0,932089.38063427
2023-09-10 14:00:00+00:00,25812.9,25829.4,25712.4,25774.0,14597613.45292812
2023-09-10 16:00:00+00:00,25774.5,25792.1,25675.6,25696.4,35467373.44230401
2023-09-10 18:00:00+00:00,25698.0,25857.5,25612.5,25800.5,99755278.37092017
2023-09-10 20:00:00+00:00,25802.1,25912.7,25773.4,25904.0,95348945.06021206
2023-09-10 22:00:00+00:00,25904.0,26025.5,25818.2,25841.1,54903323.33596201
2023-09-11 00:00:00+00:00,25841.1,25876.8,25662.4,25690.0,34823497.85083044
2023-09-11 02:00:00+00:00,25686.6,25785.0,25662.0,25739.4,3416285.41901116
2023-09-11 04:00:00+00:00,25739.4,25896.8,25720.5,25892.6,30953863.64007094
2023-09-11 06:00:00+00:00,25892.6,25905.6,25799.6,25814.5,12378917.58548375
2023-09-11 08:00:00+00:00,25814.6,25830.5,25668.5,25740.5,34820823.17623597
2023-09-11 10:00:00+00:00,25740.5,25745.1,25590.5,25604.1,87257123.38954175
2023-09-11 12:00:00+00:00,25604.1,25755.8,25591.9,25620.0,78520958.44122887
2023-09-11 14:00:00+00:00,25613.5,25635.7,24949.1,25115.8,545829515.0569938
2023-09-11 16:00:00+00:00,25114.2,25240.2,25060.9,25223.8,165361639.5486917
2023-09-11 18:00:00+00:00,25223.7,25224.9,24995.1,25019.6,79720966.40789036
2023-09-11 20:00:00+00:00,25014.5,25216.5,24918.7,25147.7,79720384.03049594
2023-09-11 22:00:00+00:00,25147.8,25200.0,25091.4,25166.0,15899526.49727295
2023-09-12 00:00:00+00:00,25164.0,25230.7,25135.5,25146.0,22556241.90040427
2023-09-12 02:00:00+00:00,25146.0,25954.4,25139.2,25800.5,341918683.2725221
2023-09-12 04:00:00+00:00,25800.4,25984.5,25616.3,25773.9,157093530.0905904
2023-09-12 06:00:00+00:00,25773.9,25871.9,25724.0,25816.5,98040373.05525708
2023-09-12 08:00:00+00:00,25823.4,25876.4,25735.7,25873.2,57370671.00627055
2023-09-12 10:00:00+00:00,25873.2,26294.0,25842.0,26098.0,143084011.08860013
2023-09-12 12:00:00+00:00,26101.9,26320.0,26039.6,26283.2,160569948.85867286
2023-09-12 14:00:00+00:00,26283.1,26391.9,26057.4,26209.3,181436917.4044532
2023-09-12 16:00:00+00:00,26209.3,26534.1,25903.2,25904.0,228926940.45938614
2023-09-12 18:00:00+00:00,25903.2,26255.4,25885.8,26062.5,146137930.51674235
2023-09-12 20:00:00+00:00,26062.0,26157.8,26052.8,26103.5,15634278.09164237
2023-09-12 22:00:00+00:00,26103.4,26103.4,25807.0,25843.2,72904547.80729195
2023-09-13 00:00:00+00:00,25842.1,25990.4,25768.1,25962.0,59847386.20297257
2023-09-13 02:00:00+00:00,25961.7,25972.9,25839.0,25880.8,23449555.60969022
2023-09-13 04:00:00+00:00,25880.9,25949.5,25853.4,25897.9,19141394.48464826
2023-09-13 06:00:00+00:00,25897.5,26106.4,25858.0,25877.9,82218521.50421828
2023-09-13 08:00:00+00:00,25877.9,26199.0,25863.8,26156.0,122353774.6229243
2023-09-13 10:00:00+00:00,26155.9,26243.0,26093.8,26202.5,75797460.39127357
2023-09-13 12:00:00+00:00,26200.3,26265.2,26038.3,26127.9,155942895.62960464
2023-09-13 14:00:00+00:00,26127.7,26391.9,26077.9,26246.1,140741703.43375984
2023-09-13 16:00:00+00:00,26245.8,26407.6,26081.2,26091.0,177101086.5904299
2023-09-13 18:00:00+00:00,26091.1,26199.8,26056.7,26142.3,67673652.23059177
2023-09-13 20:00:00+00:00,26141.8,26277.7,26141.8,26229.1,32040622.2810751
2023-09-13 22:00:00+00:00,26229.1,26307.8,26197.7,26221.9,9446034.91060218
2023-09-14 00:00:00+00:00,26222.1,26547.4,26124.0,26174.8,213044069.52606797
2023-09-14 02:00:00+00:00,26175.9,26299.9,26171.1,26265.9,32310765.18678786
2023-09-14 04:00:00+00:00,26265.9,26279.4,26166.7,26194.3,16470234.34279503
2023-09-14 06:00:00+00:00,26193.4,26389.3,26181.3,26346.4,52906578.16774212
2023-09-14 08:00:00+00:00,26349.1,26359.9,26271.2,26288.5,15205757.47026942
2023-09-14 10:00:00+00:00,26290.7,26488.8,26284.3,26446.1,54578048.54005879
2023-09-14 12:00:00+00:00,26446.0,26772.4,26345.7,26586.0,266687599.44575846
2023-09-14 14:00:00+00:00,26588.0,26801.1,26534.4,26696.4,126913476.6870892
2023-09-14 16:00:00+00:00,26697.4,26735.8,26555.4,26652.4,75730839.1762111
2023-09-14 18:00:00+00:00,26651.0,26865.9,26561.1,26678.0,114865445.00414765
2023-09-14 20:00:00+00:00,26677.6,26722.0,26479.4,26535.9,36103753.95808426
2023-09-14 22:00:00+00:00,26539.2,26631.0,26504.0,26528.1,22580731.7333944
2023-09-15 00:00:00+00:00,26526.5,26563.8,26453.2,26505.3,10565275.60222085
2023-09-15 02:00:00+00:00,26505.4,26619.8,26505.4,26602.9,30693840.98401375
2023-09-15 04:00:00+00:00,26603.0,26659.1,26573.6,26588.5,9315923.07770318
2023-09-15 06:00:00+00:00,26588.5,26610.8,26550.0,26566.0,3014429.13610366
2023-09-15 08:00:00+00:00,26566.0,26679.0,26539.3,26615.5,9324493.725788
2023-09-15 10:00:00+00:00,26614.6,26656.4,26386.4,26428.9,36541782.10929362
2023-09-15 12:00:00+00:00,26427.9,26515.8,26336.7,26368.2,64466608.58601246
2023-09-15 14:00:00+00:00,26368.2,26414.0,26222.3,26321.0,74161907.31023352
2023-09-15 16:00:00+00:00,26322.5,26390.0,26313.5,26342.5,40676952.98688235
2023-09-15 18:00:00+00:00,26342.4,26448.0,26334.1,26404.0,21220127.97533073
2023-09-15 20:00:00+00:00,26402.7,26501.2,26375.1,26474.0,16943019.51421378
2023-09-15 22:00:00+00:00,26475.8,26880.0,26474.1,26606.1,167863461.2893072
2023-09-16 00:00:00+00:00,26603.1,26695.4,26573.7,26654.0,27939770.31505222
2023-09-16 02:00:00+00:00,26655.5,26779.9,26611.5,26621.2,16178948.46891591
2023-09-16 04:00:00+00:00,26620.6,26626.7,26520.9,26539.3,23799712.59149116
2023-09-16 06:00:00+00:00,26539.3,26539.3,26470.3,26500.0,19026223.06128722
2023-09-16 08:00:00+00:00,26500.0,26584.8,26471.6,26503.4,12669972.30302014
2023-09-16 10:00:00+00:00,26503.6,26550.2,26451.2,26524.9,28978439.92644029
2023-09-16 12:00:00+00:00,26525.0,26581.0,26502.7,26551.3,3613813.09362089
2023-09-16 14:00:00+00:00,26551.0,26565.6,26483.6,26510.4,1943.99353417
2023-09-16 16:00:00+00:00,26510.5,26616.7,26501.4,26565.1,21668885.05857896
2023-09-16 18:00:00+00:00,26565.8,26615.9,26507.5,26533.4,10236861.28154223
2023-09-16 20:00:00+00:00,26533.3,26580.8,26526.9,26570.4,6326411.96380167
2023-09-16 22:00:00+00:00,26570.4,26576.4,26512.3,26564.7,3013312.5962918
2023-09-17 00:00:00+00:00,26564.1,26564.2,26421.7,26493.4,33847142.84712183
2023-09-17 02:00:00+00:00,26493.3,26535.0,26490.1,26527.9,6035348.503776
2023-09-17 04:00:00+00:00,26527.9,26562.3,26509.4,26541.5,9039300.9817976
2023-09-17 06:00:00+00:00,26541.5,26549.2,26495.1,26496.1,6036149.84886032
2023-09-17 08:00:00+00:00,26496.1,26580.0,26494.6,26579.5,6027392.19651528
2023-09-17 10:00:00+00:00,26579.2,26621.7,26567.1,26568.0,6020621.00624506
2023-09-17 12:00:00+00:00,26568.0,26585.6,26526.1,26541.0,1233.11725322
2023-09-17 14:00:00+00:00,26543.0,26596.4,26525.9,26548.7,9640347.27730446
2023-09-17 16:00:00+00:00,26548.8,26549.9,26477.1,26478.2,1840.23151713
2023-09-17 18:00:00+00:00,26477.3,26517.6,26463.9,26504.6,3019451.51895561
2023-09-17 20:00:00+00:00,26504.7,26509.2,26404.3,26483.8,7259966.42570575
2023-09-17 22:00:00+00:00,26483.4,26536.1,26439.9,26528.3,10271539.78602421
2023-09-18 00:00:00+00:00,26528.3,26554.3,26383.8,26466.0,36284867.53835393
2023-09-18 02:00:00+00:00,26464.1,26749.9,26460.8,26658.4,104790236.98084483
2023-09-18 04:00:00+00:00,26658.3,26683.4,26568.0,26648.7,9306317.03796536
2023-09-18 06:00:00+00:00,26648.7,26792.9,26623.8,26710.9,50301564.04072884
2023-09-18 08:00:00+00:00,26710.9,26930.6,26682.1,26874.0,74517888.21384326
2023-09-18 10:00:00+00:00,26873.4,27235.3,26873.4,27200.5,215667212.81145293
2023-09-18 12:00:00+00:00,27200.3,27415.2,27152.9,27258.9,162307111.35573575
2023-09-18 14:00:00+00:00,27258.1,27357.6,27138.8,27271.9,75686496.89645743
2023-09-18 16:00:00+00:00,27271.9,27310.9,26675.1,26760.3,257717351.58590755
2023-09-18 18:00:00+00:00,26760.4,26936.2,26631.0,26816.0,152395941.83584994
2023-09-18 20:00:00+00:00,26816.0,26841.8,26733.5,26836.5,10463088.24664355
2023-09-18 22:00:00+00:00,26836.6,26879.8,26728.1,26760.6,43567583.74386666
2023-09-19 00:00:00+00:00,26760.3,26784.7,26669.0,26701.5,42820177.15560385
2023-09-19 02:00:00+00:00,26701.5,26836.7,26686.7,26820.3,21195562.75210134
2023-09-19 04:00:00+00:00,26820.2,26864.5,26797.7,26797.7,2981706.73615063
2023-09-19 06:00:00+00:00,26797.4,26874.8,26756.0,26847.6,15215679.82510505
2023-09-19 08:00:00+00:00,26847.7,27481.2,26847.7,27291.5,254357445.90716237
2023-09-19 10:00:00+00:00,27293.0,27316.0,27064.7,27238.0,110674774.73213778
2023-09-19 12:00:00+00:00,27238.1,27291.3,26926.7,26973.4,140416547.43495503
2023-09-19 14:00:00+00:00,26974.3,27481.5,26889.2,27424.4,478604821.1861412
2023-09-19 16:00:00+00:00,27425.2,27484.2,27089.1,27141.9,201960637.72830576
2023-09-19 18:00:00+00:00,27141.9,27204.7,27077.1,27187.5,81329516.7825792
2023-09-19 20:00:00+00:00,27187.8,27211.0,26992.8,27156.0,102014622.08278559
2023-09-19 22:00:00+00:00,27157.3,27227.5,27095.1,27208.7,36202427.61207296
2023-09-20 00:00:00+00:00,27209.9,27348.5,27146.6,27343.5,41362065.02946996
2023-09-20 02:00:00+00:00,27343.6,27386.4,27088.0,27119.6,46922160.44398064
2023-09-20 04:00:00+00:00,27119.2,27160.3,27014.3,27027.3,36323767.91901535
2023-09-20 06:00:00+00:00,27028.0,27130.4,26944.9,27105.0,40254406.59780524
2023-09-20 08:00:00+00:00,27105.0,27190.4,26952.6,27052.1,76001440.28043422
2023-09-20 10:00:00+00:00,27052.4,27123.4,26949.1,27104.0,43208134.10887996
2023-09-20 12:00:00+00:00,27104.0,27198.4,26997.8,27163.6,40722216.840396
2023-09-20 14:00:00+00:00,27162.5,27236.1,27060.0,27180.2,61273560.4794088
2023-09-20 16:00:00+00:00,27180.2,27271.6,27144.1,27196.0,75860713.29314539
2023-09-20 18:00:00+00:00,27195.0,27296.7,26790.7,26926.0,330845433.222468
2023-09-20 20:00:00+00:00,26926.0,27244.0,26918.1,27109.4,100174528.67371598
2023-09-20 22:00:00+00:00,27109.9,27156.5,27052.1,27120.5,57569934.76318347
2023-09-21 00:00:00+00:00,27120.4,27157.2,26978.2,27030.0,19196635.46187755
2023-09-21 02:00:00+00:00,27030.0,27057.1,26936.6,27034.1,24602955.32356146
2023-09-21 04:00:00+00:00,27035.4,27100.5,26991.1,27071.6,23674384.83232545
2023-09-21 06:00:00+00:00,27071.5,27071.6,26980.0,26991.2,6219032.41376709
2023-09-21 08:00:00+00:00,26989.2,27015.0,26692.3,26746.3,101967569.88215032
2023-09-21 10:00:00+00:00,26747.2,26794.8,26631.8,26731.6,113162530.76777814
2023-09-21 12:00:00+00:00,26731.6,26775.2,26372.3,26418.6,155938763.33896145
2023-09-21 14:00:00+00:00,26417.4,26659.1,26374.5,26588.2,67925091.70334889
2023-09-21 16:00:00+00:00,26586.9,26696.8,26551.0,26654.6,79926099.6678636
2023-09-21 18:00:00+00:00,26654.1,26684.9,26558.6,26599.1,39372521.92606823
2023-09-21 20:00:00+00:00,26599.2,26622.7,26506.4,26613.9,21978924.06764542
2023-09-21 22:00:00+00:00,26614.0,26619.0,26549.7,26566.3,18360029.98272547
2023-09-22 00:00:00+00:00,26566.1,26670.4,26468.0,26630.8,69207798.47117308
2023-09-22 02:00:00+00:00,26630.6,26646.5,26558.0,26629.3,32499948.87889323
2023-09-22 04:00:00+00:00,26629.3,26667.9,26610.0,26666.4,9309952.79658755
2023-09-22 06:00:00+00:00,26666.5,26702.8,26579.0,26674.1,25201395.38496409
2023-09-22 08:00:00+00:00,26675.2,26743.7,26626.7,26639.2,24580248.84051338
2023-09-22 10:00:00+00:00,26638.6,26659.2,26590.0,26639.8,15326844.09308023
2023-09-22 12:00:00+00:00,26640.9,26653.0,26556.3,26612.2,50232161.08225148
2023-09-22 14:00:00+00:00,26613.3,26695.5,26590.6,26633.3,78935051.26876067
2023-09-22 16:00:00+00:00,26633.3,26647.3,26526.4,26576.2,39719329.06059454
2023-09-22 18:00:00+00:00,26576.8,26638.4,26529.1,26539.6,48770719.00262679
2023-09-22 20:00:00+00:00,26538.1,26572.7,26490.7,26571.8,15678082.11384566
2023-09-22 22:00:00+00:00,26571.8,26596.1,26547.8,26580.0,9333606.66379489
2023-09-23 00:00:00+00:00,26580.0,26617.1,26558.5,26580.2,9032985.6568245
2023-09-23 02:00:00+00:00,26580.2,26585.9,26525.9,26532.3,302803.13311574
2023-09-23 04:00:00+00:00,26532.3,26558.7,26510.0,26546.1,6035621.65640415
2023-09-23 06:00:00+00:00,26546.0,26587.3,26538.1,26586.0,3614011.30328529
2023-09-23 08:00:00+00:00,26586.8,26595.8,26557.5,26579.6,1439.32746503
2023-09-23 10:00:00+00:00,26579.6,26585.9,26558.2,26578.1,987.72428944
2023-09-23 12:00:00+00:00,26578.3,26589.7,26556.7,26576.4,3012089.3652077
2023-09-23 14:00:00+00:00,26574.6,26582.6,26548.1,26577.9,3011654.72397744
2023-09-23 16:00:00+00:00,26577.8,26612.1,26558.2,26596.4,3313467.03601753
2023-09-23 18:00:00+00:00,26596.5,26638.1,26596.4,26610.1,6312015.96565444
2023-09-23 20:00:00+00:00,26610.0,26615.3,26563.2,26570.1,6321077.25075868
2023-09-23 22:00:00+00:00,26570.0,26579.8,26558.0,26576.3,12041463.60016221
2023-09-24 00:00:00+00:00,26576.3,26587.0,26558.0,26584.6,690.71047755
2023-09-24 02:00:00+00:00,26584.9,26591.0,26567.0,26571.9,435.12958379
2023-09-24 04:00:00+00:00,26571.9,26576.7,26549.7,26559.4,301702.84485262
2023-09-24 06:00:00+00:00,26559.0,26563.3,26547.2,26563.2,528.75883464
2023-09-24 08:00:00+00:00,26563.3,26611.8,26563.2,26589.5,3007503.27313215
2023-09-24 10:00:00+00:00,26589.5,26611.8,26574.1,26598.8,724.88480911
2023-09-24 12:00:00+00:00,26598.9,26624.0,26583.0,26590.8,482.84886841
2023-09-24 14:00:00+00:00,26590.7,26595.2,26563.2,26576.7,453.21940765
2023-09-24 16:00:00+00:00,26576.7,26712.9,26562.0,26672.3,21002024.72609153
2023-09-24 18:00:00+00:00,26674.6,26735.6,26319.8,26453.7,144724293.340057
2023-09-24 20:00:00+00:00,26450.4,26521.3,26400.1,26516.4,30215454.89209692
2023-09-24 22:00:00+00:00,26516.5,26516.5,26168.6,26246.1,60940847.10340602
2023-09-25 00:00:00+00:00,26247.8,26333.1,26000.0,26161.7,177329939.8712623
2023-09-25 02:00:00+00:00,26159.4,26249.6,26152.2,26155.4,30826837.62853144
2023-09-25 04:00:00+00:00,26156.0,26191.6,26074.0,26110.0,15608128.05278569
2023-09-25 06:00:00+00:00,26111.1,26188.0,26041.0,26184.6,38874159.0642478
2023-09-25 08:00:00+00:00,26184.6,26225.9,26046.0,26064.5,25093861.74565616
2023-09-25 10:00:00+00:00,26062.2,26116.7,26018.0,26075.0,36831404.54319818
2023-09-25 12:00:00+00:00,26073.6,26192.0,26001.6,26164.7,59484528.63744184
2023-09-25 14:00:00+00:00,26163.5,26301.4,26115.5,26243.0,110417329.63683176
2023-09-25 16:00:00+00:00,26244.5,26425.4,26221.1,26357.9,121525658.18395984
2023-09-25 18:00:00+00:00,26357.8,26389.7,26270.1,26325.5,24610486.49927432
2023-09-25 20:00:00+00:00,26325.5,26444.5,26262.0,26277.5,36705519.20028167
2023-09-25 22:00:00+00:00,26278.3,26315.8,26267.7,26302.6,3346857.29840844
2023-09-26 00:00:00+00:00,26302.7,26304.4,26234.6,26300.0,611291.70271846
2023-09-26 02:00:00+00:00,26300.2,26400.1,26281.3,26353.4,6376995.88673326
2023-09-26 04:00:00+00:00,26353.4,26364.0,26309.0,26318.0,304317.07863632
2023-09-26 06:00:00+00:00,26318.0,26341.2,26254.4,26271.1,9132496.1631803
2023-09-26 08:00:00+00:00,26271.1,26325.3,26237.7,26268.4,15527281.99538731
2023-09-26 10:00:00+00:00,26268.6,26286.0,26189.0,26272.0,23485359.89115981
2023-09-26 12:00:00+00:00,26271.9,26304.1,26149.6,26184.1,70460590.72215039
2023-09-26 14:00:00+00:00,26182.9,26214.0,26091.4,26124.5,66065044.82933101
2023-09-26 16:00:00+00:00,26124.5,26295.9,26114.2,26171.7,50061485.16164968
2023-09-26 18:00:00+00:00,26171.7,26271.8,26144.2,26244.8,47298703.79767199
2023-09-26 20:00:00+00:00,26243.1,26283.9,26096.6,26164.6,39076031.57300414
2023-09-26 22:00:00+00:00,26164.6,26238.5,26151.1,26220.3,31164031.78223866
2023-09-27 00:00:00+00:00,26220.3,26266.4,26204.2,26260.2,32926724.40663392
2023-09-27 02:00:00+00:00,26260.2,26290.9,26224.0,26281.0,1150.31123076
2023-09-27 04:00:00+00:00,26280.2,26291.1,26236.1,26254.4,9140906.35547162
2023-09-27 06:00:00+00:00,26254.5,26269.3,26236.7,26244.8,1297.94216571
2023-09-27 08:00:00+00:00,26244.9,26408.0,26221.1,26402.4,47392920.29882117
2023-09-27 10:00:00+00:00,26401.1,26845.8,26365.5,26770.8,181435335.35484567
2023-09-27 12:00:00+00:00,26771.6,26850.0,26576.0,26624.0,147752524.43916765
2023-09-27 14:00:00+00:00,26624.7,26631.8,26174.1,26300.0,181805320.63293347
2023-09-27 16:00:00+00:00,26300.1,26313.6,26157.9,26228.0,50873380.73857389
2023-09-27 18:00:00+00:00,26228.0,26293.2,26110.2,26266.6,66264937.14397258
2023-09-27 20:00:00+00:00,26267.1,26305.7,26226.7,26278.7,22539771.87029447
2023-09-27 22:00:00+00:00,26278.7,26382.6,26278.7,26372.0,28552595.81457039
2023-09-28 00:00:00+00:00,26371.9,26552.4,26356.8,26450.4,79569233.70521857
2023-09-28 02:00:00+00:00,26450.4,26525.4,26343.5,26378.9,16002235.3195427
2023-09-28 04:00:00+00:00,26379.0,26489.1,26348.1,26450.0,23008565.6831398
2023-09-28 06:00:00+00:00,26450.0,26503.7,26406.9,26455.5,21760174.13274435
2023-09-28 08:00:00+00:00,26455.5,26466.8,26389.4,26427.8,18172629.62120252
2023-09-28 10:00:00+00:00,26427.8,26613.5,26412.0,26475.9,72363529.25145061
2023-09-28 12:00:00+00:00,26476.5,26584.2,26468.8,26584.2,59104879.97489962
2023-09-28 14:00:00+00:00,26584.2,27066.6,26560.1,27026.1,387790956.85743
2023-09-28 16:00:00+00:00,27026.1,27311.6,27024.4,27159.0,218573526.36185998
2023-09-28 18:00:00+00:00,27159.1,27234.0,26860.3,27104.0,155137771.12257472
2023-09-28 20:00:00+00:00,27104.1,27162.1,26901.1,27006.2,69151012.8075022
2023-09-28 22:00:00+00:00,27006.2,27070.8,26954.6,27023.7,31374172.08806785
2023-09-29 00:00:00+00:00,27023.8,27134.2,26989.6,27048.5,69762046.3592537
2023-09-29 02:00:00+00:00,27044.9,27088.0,26877.4,26959.9,53109894.41295286
2023-09-29 04:00:00+00:00,26960.0,26984.6,26900.0,26976.7,18116559.22709478
2023-09-29 06:00:00+00:00,26976.7,27238.8,26953.0,27176.9,94365209.66338927
2023-09-29 08:00:00+00:00,27176.9,27180.1,26969.9,27036.1,21582603.19072762
2023-09-29 10:00:00+00:00,27036.1,27067.5,26966.8,26971.4,11832796.69889797
2023-09-29 12:00:00+00:00,26971.4,27048.0,26889.9,26893.8,76238538.96859801
2023-09-29 14:00:00+00:00,26893.1,27106.6,26681.4,26887.8,270820667.3234733
2023-09-29 16:00:00+00:00,26887.9,26904.9,26810.4,26844.7,15791875.61760275
2023-09-29 18:00:00+00:00,26844.6,26954.5,26751.2,26925.4,60982542.24039392
2023-09-29 20:00:00+00:00,26926.7,26983.3,26873.2,26873.2,15745388.13201015
2023-09-29 22:00:00+00:00,26873.2,26926.3,26870.0,26909.9,9813018.15651059
2023-09-30 00:00:00+00:00,26910.0,26944.7,26895.1,26897.9,785.63588074
2023-09-30 02:00:00+00:00,26897.8,26931.2,26888.1,26914.6,8919553.54284069
2023-09-30 04:00:00+00:00,26914.7,26953.5,26912.2,26936.7,2971949.9576714
2023-09-30 06:00:00+00:00,26936.7,26960.9,26923.1,26930.3,2970527.39285082
2023-09-30 08:00:00+00:00,26930.1,26961.2,26923.1,26951.4,3267931.54415968
2023-09-30 10:00:00+00:00,26952.2,27000.8,26930.0,26939.6,6230723.71148726
2023-09-30 12:00:00+00:00,26939.7,26978.1,26905.8,26974.0,6238092.03386035
2023-09-30 14:00:00+00:00,26974.1,27089.3,26958.3,26994.9,39673764.96626275
2023-09-30 16:00:00+00:00,26994.9,27044.0,26974.8,27018.8,6515836.43571138
2023-09-30 18:00:00+00:00,27018.9,27037.7,26992.4,27024.1,637.33771117
2023-09-30 20:00:00+00:00,27024.1,27084.1,26950.1,26999.8,9469541.59365201
2023-09-30 22:00:00+00:00,26999.7,27031.2,26957.6,26961.8,8891821.47191531
2023-10-01 00:00:00+00:00,26961.7,27035.2,26954.7,27021.9,14808177.10153745
2023-10-01 02:00:00+00:00,27021.1,27050.1,27012.5,27047.1,6510107.36296883
2023-10-01 04:00:00+00:00,27047.1,27075.8,27023.5,27074.0,2956200.32549028
2023-10-01 06:00:00+00:00,27074.0,27153.8,27074.0,27110.3,36283791.34535243
2023-10-01 08:00:00+00:00,27110.2,27234.7,27089.9,27221.7,57371344.31724935
2023-10-01 10:00:00+00:00,27220.2,27288.1,27170.0,27192.1,20561595.7311617
2023-10-01 12:00:00+00:00,27191.5,27199.1,27127.9,27189.8,6184801.71154416
2023-10-01 14:00:00+00:00,27189.9,27229.1,27082.2,27152.1,19155158.93395509
2023-10-01 16:00:00+00:00,27152.1,27157.2,27042.4,27074.9,9163645.07035388
2023-10-01 18:00:00+00:00,27074.9,27105.7,27064.9,27100.9,1207.55021893
2023-10-01 20:00:00+00:00,27101.0,27180.8,27035.4,27180.8,29787985.26733217
2023-10-01 22:00:00+00:00,27179.8,28073.5,27156.2,27991.4,305355331.3827964
2023-10-02 00:00:00+00:00,27995.3,28065.4,27828.5,27918.7,94454813.02264644
2023-10-02 02:00:00+00:00,27918.7,28206.7,27900.4,28129.9,123233551.1585523
2023-10-02 04:00:00+00:00,28129.3,28150.0,27938.3,27980.0,85592036.14293873
2023-10-02 06:00:00+00:00,27980.1,28429.5,27968.7,28316.4,205618585.504891
2023-10-02 08:00:00+00:00,28316.5,28488.2,28246.2,28294.5,139112808.83089957
2023-10-02 10:00:00+00:00,28294.5,28365.1,28195.2,28201.5,54015035.80117321
2023-10-02 12:00:00+00:00,28198.9,28565.8,28198.9,28565.8,101817903.2532277
2023-10-02 14:00:00+00:00,28565.8,28592.4,27981.4,28029.2,270293142.30777246
2023-10-02 16:00:00+00:00,28026.2,28122.2,27850.3,28056.6,201629241.20273542
2023-10-02 18:00:00+00:00,28056.7,28104.1,27637.8,27968.7,184892734.52295828
2023-10-02 20:00:00+00:00,27966.2,27966.2,27280.1,27476.0,111063073.0141046
2023-10-02 22:00:00+00:00,27476.0,27614.8,27353.8,27497.2,198490868.22621733
2023-10-03 00:00:00+00:00,27495.0,27565.7,27380.6,27559.1,61449147.19246769
2023-10-03 02:00:00+00:00,27559.0,27634.3,27515.7,27601.8,23488365.8587364
2023-10-03 04:00:00+00:00,27601.8,27641.2,27544.8,27569.9,6373720.11492539
2023-10-03 06:00:00+00:00,27567.2,27666.8,27525.9,27540.1,9560764.18230359
2023-10-03 08:00:00+00:00,27540.2,27637.2,27540.2,27550.4,15378197.24985163
2023-10-03 10:00:00+00:00,27549.8,27632.7,27467.3,27559.5,19169935.07591295
2023-10-03 12:00:00+00:00,27559.5,27580.0,27396.0,27549.1,65160530.03592457
2023-10-03 14:00:00+00:00,27549.9,27549.9,27242.8,27339.0,179745928.13616902
2023-10-03 16:00:00+00:00,27339.0,27482.3,27315.2,27435.0,70332179.9210367
2023-10-03 18:00:00+00:00,27434.1,27443.9,27249.0,27268.3,31311948.04640221
2023-10-03 20:00:00+00:00,27268.7,27450.2,27173.8,27399.1,88186152.95757063
2023-10-03 22:00:00+00:00,27399.1,27466.4,27273.9,27427.4,28355934.22932326
2023-10-04 00:00:00+00:00,27425.9,27438.8,27233.9,27336.0,83762421.02135551
2023-10-04 02:00:00+00:00,27335.8,27501.6,27310.8,27429.5,45506289.46546839
2023-10-04 04:00:00+00:00,27429.4,27429.5,27359.6,27405.1,2924710.4513808
2023-10-04 06:00:00+00:00,27405.7,27452.7,27351.1,27452.7,9052690.96595828
2023-10-04 08:00:00+00:00,27453.0,27638.2,27430.5,27630.2,52263781.55295147
2023-10-04 10:00:00+00:00,27630.1,27642.0,27521.7,27570.3,21167985.84541388
2023-10-04 12:00:00+00:00,27570.4,27631.3,27409.7,27418.1,28208635.84675428
2023-10-04 14:00:00+00:00,27418.0,27471.9,27326.6,27402.9,62463413.14949865
2023-10-04 16:00:00+00:00,27400.8,27596.3,27397.8,27539.5,77277076.25048472
2023-10-04 18:00:00+00:00,27539.6,27836.9,27524.6,27618.2,194716781.46250296
2023-10-04 20:00:00+00:00,27618.2,27784.0,27564.5,27688.3,48516522.59937895
2023-10-04 22:00:00+00:00,27688.0,27829.4,27663.4,27784.0,30247047.42679799
2023-10-05 00:00:00+00:00,27782.1,27885.5,27690.0,27731.9,43189579.10976637
2023-10-05 02:00:00+00:00,27732.0,27738.0,27651.1,27651.2,9828164.265111
2023-10-05 04:00:00+00:00,27651.2,27700.1,27642.0,27642.2,11562370.8426436
2023-10-05 06:00:00+00:00,27642.2,27663.8,27552.8,27605.0,27527349.54831497
2023-10-05 08:00:00+00:00,27604.7,27723.9,27594.0,27687.4,11567112.73665143
2023-10-05 10:00:00+00:00,27687.3,27770.6,27666.9,27729.6,9232833.12693719
2023-10-05 12:00:00+00:00,27729.7,28100.5,27680.1,27994.3,141167886.825596
2023-10-05 14:00:00+00:00,27994.3,28127.6,27401.9,27549.6,297695496.03250974
2023-10-05 16:00:00+00:00,27549.6,27614.8,27352.0,27480.6,154998836.54432127
2023-10-05 18:00:00+00:00,27481.8,27535.4,27415.9,27471.4,41919579.76351657
2023-10-05 20:00:00+00:00,27472.0,27508.5,27411.0,27450.0,32924898.30063728
2023-10-05 22:00:00+00:00,27450.0,27467.5,27386.8,27409.9,29745521.32275324
2023-10-06 00:00:00+00:00,27410.0,27539.6,27396.8,27516.9,26492729.58190318
2023-10-06 02:00:00+00:00,27517.0,27592.0,27517.0,27560.7,24092189.75353379
2023-10-06 04:00:00+00:00,27561.7,27563.2,27477.4,27499.9,9301143.31763298
2023-10-06 06:00:00+00:00,27500.0,27650.4,27462.2,27644.1,48470083.27951294
2023-10-06 08:00:00+00:00,27644.1,27703.3,27590.9,27694.0,35302637.67614503
2023-10-06 10:00:00+00:00,27694.2,27799.5,27618.5,27757.1,56829888.26446307
2023-10-06 12:00:00+00:00,27759.5,27766.7,27173.7,27524.6,343578497.03531575
2023-10-06 14:00:00+00:00,27524.7,28049.6,27462.3,27946.1,284442252.20908886
2023-10-06 16:00:00+00:00,27946.1,28026.7,27796.0,27962.3,131256043.92386267
2023-10-06 18:00:00+00:00,27961.6,28037.0,27868.3,27950.3,60679326.92835071
2023-10-06 20:00:00+00:00,27950.9,28310.9,27896.9,28046.0,72448002.20765989
2023-10-06 22:00:00+00:00,28046.0,28131.5,27881.2,27932.3,58840814.94253158
2023-10-07 00:00:00+00:00,27932.0,27964.7,27849.8,27900.7,23227680.6736745
2023-10-07 02:00:00+00:00,27900.7,27935.9,27867.1,27906.1,23509142.4552489
2023-10-07 04:00:00+00:00,27903.8,27940.9,27890.1,27898.7,5729798.0695478
2023-10-07 06:00:00+00:00,27899.9,27920.5,27875.6,27887.6,1222.53921665
2023-10-07 08:00:00+00:00,27887.6,28023.4,27881.0,27951.5,17171680.68617774
2023-10-07 10:00:00+00:00,27951.5,28013.0,27926.4,27941.1,2863566.84105495
2023-10-07 12:00:00+00:00,27941.1,27986.7,27903.2,27939.4,6010689.74462588
2023-10-07 14:00:00+00:00,27939.3,27971.9,27901.9,27942.0,2863150.03956677
2023-10-07 16:00:00+00:00,27942.1,27964.0,27901.8,27930.0,5728958.60342442
2023-10-07 18:00:00+00:00,27930.0,27941.8,27849.2,27862.0,9179154.42646462
2023-10-07 20:00:00+00:00,27862.4,27960.7,27851.4,27932.1,5729369.53115596
2023-10-07 22:00:00+00:00,27932.1,27960.1,27924.1,27956.0,3151440.31131729
2023-10-08 00:00:00+00:00,27956.1,28020.9,27945.4,28014.6,8576434.54202711
2023-10-08 02:00:00+00:00,28014.7,28091.9,27984.3,28063.2,27374540.0012475
2023-10-08 04:00:00+00:00,28063.3,28075.8,27886.7,27938.4,17756639.98438786
2023-10-08 06:00:00+00:00,27938.5,27955.3,27876.9,27908.1,9454270.62342401
2023-10-08 08:00:00+00:00,27908.0,27939.7,27846.0,27880.9,24109216.12855295
2023-10-08 10:00:00+00:00,27881.0,27897.0,27775.9,27807.5,38245518.84473158
2023-10-08 12:00:00+00:00,27807.5,28005.1,27686.6,27914.5,100692622.93246701
2023-10-08 14:00:00+00:00,27913.5,28000.0,27875.2,27898.2,124515686.47488143
2023-10-08 16:00:00+00:00,27898.2,27945.1,27874.4,27876.9,37221244.60033296
2023-10-08 18:00:00+00:00,27876.9,27921.4,27810.8,27891.6,29277128.74057879
2023-10-08 20:00:00+00:00,27891.7,27980.6,27875.0,27915.0,15175631.56392174
2023-10-08 22:00:00+00:00,27915.1,27940.5,27797.2,27919.9,54280027.79660111
2023-10-09 00:00:00+00:00,27919.9,27988.0,27796.0,27959.9,47039565.13157877
2023-10-09 02:00:00+00:00,27960.0,27987.9,27914.7,27920.3,5729540.3803165
2023-10-09 04:00:00+00:00,27921.8,27945.5,27860.1,27863.5,2869550.28798147
2023-10-09 06:00:00+00:00,27863.5,27921.2,27816.0,27816.2,14362655.56343662
2023-10-09 08:00:00+00:00,27816.2,27839.9,27440.0,27541.5,114164111.67078489
2023-10-09 10:00:00+00:00,27541.6,27606.5,27410.5,27465.3,68313423.29290044
2023-10-09 12:00:00+00:00,27465.0,27548.0,27376.9,27515.8,92668455.11630598
2023-10-09 14:00:00+00:00,27515.8,27573.5,27428.1,27443.5,72170208.8353772
2023-10-09 16:00:00+00:00,27443.5,27590.7,27284.1,27590.7,191345187.2363437
2023-10-09 18:00:00+00:00,27590.8,27742.9,27539.8,27614.0,63983445.69222822
2023-10-09 20:00:00+00:00,27613.3,27651.0,27553.4,27618.4,11592963.05945699
2023-10-09 22:00:00+00:00,27618.5,27634.9,27569.3,27587.9,14788043.35565354
2023-10-10 00:00:00+00:00,27587.9,27630.5,27497.7,27599.1,33090866.64036505
2023-10-10 02:00:00+00:00,27599.0,27694.3,27578.1,27632.3,21414401.30430429
2023-10-10 04:00:00+00:00,27632.3,27636.2,27578.8,27604.3,8986744.3887948
2023-10-10 06:00:00+00:00,27604.4,27701.8,27604.4,27649.8,11574243.84486849
2023-10-10 08:00:00+00:00,27649.9,27732.0,27640.0,27658.7,17920116.74247145
2023-10-10 10:00:00+00:00,27658.7,27673.3,27500.2,27506.0,11020456.84148352
2023-10-10 12:00:00+00:00,27506.0,27527.3,27338.2,27394.2,64157606.57253837
2023-10-10 14:00:00+00:00,27395.1,27625.1,27345.6,27409.8,138600027.46941304
2023-10-10 16:00:00+00:00,27409.8,27508.4,27335.1,27365.7,59258695.99263507
2023-10-10 18:00:00+00:00,27366.0,27414.9,27295.6,27397.9,27772724.69689516
2023-10-10 20:00:00+00:00,27397.9,27468.1,27320.3,27424.6,23650820.06110765
2023-10-10 22:00:00+00:00,27424.6,27469.7,27382.0,27388.7,1182.28439801
2023-10-11 00:00:00+00:00,27388.7,27473.0,27384.9,27439.9,11660303.31768963
2023-10-11 02:00:00+00:00,27439.8,27439.8,27005.5,27007.9,61061865.7096922
2023-10-11 04:00:00+00:00,27008.0,27135.8,26963.4,27110.9,41372590.52216637
2023-10-11 06:00:00+00:00,27111.0,27116.1,27000.0,27025.6,14776381.46860163
2023-10-11 08:00:00+00:00,27017.8,27286.6,27011.4,27286.6,50070007.16967023
2023-10-11 10:00:00+00:00,27282.7,27327.9,27174.0,27195.7,24071271.80916236
2023-10-11 12:00:00+00:00,27195.7,27259.8,27041.9,27142.1,28608751.97502225
2023-10-11 14:00:00+00:00,27142.1,27164.1,26745.3,26776.1,137133278.76666242
2023-10-11 16:00:00+00:00,26775.7,26792.7,26533.7,26632.2,130450522.8316016
2023-10-11 18:00:00+00:00,26632.9,26791.9,26585.5,26760.8,31184530.88468825
2023-10-11 20:00:00+00:00,26760.9,26779.1,26680.8,26727.0,17963494.57370887
2023-10-11 22:00:00+00:00,26727.0,26882.9,26716.6,26880.2,19398202.09026738
2023-10-12 00:00:00+00:00,26878.8,26884.1,26733.3,26776.5,18515461.54289461
2023-10-12 02:00:00+00:00,26776.5,26944.9,26753.0,26845.9,22605492.98619547
2023-10-12 04:00:00+00:00,26846.0,26873.8,26783.4,26873.8,3575944.59167632
2023-10-12 06:00:00+00:00,26874.9,26922.3,26799.9,26807.2,26796197.44178565
2023-10-12 08:00:00+00:00,26807.3,27020.0,26668.1,26740.8,34147527.15214257
2023-10-12 10:00:00+00:00,26741.8,26868.4,26671.5,26836.7,33789578.59188318
2023-10-12 12:00:00+00:00,26837.8,26865.0,26684.1,26762.1,56736144.65689964
2023-10-12 14:00:00+00:00,26760.9,26777.9,26605.0,26672.7,53943054.55395851
2023-10-12 16:00:00+00:00,26673.1,26798.9,26451.3,26641.0,96073949.2269733
2023-10-12 18:00:00+00:00,26642.2,26742.5,26596.0,26715.4,26994374.28711024
2023-10-12 20:00:00+00:00,26715.3,26765.9,26674.3,26759.3,11965909.49016657
2023-10-12 22:00:00+00:00,26759.3,26776.7,26707.8,26761.3,5983962.03655854
2023-10-13 00:00:00+00:00,26761.3,26879.3,26751.7,26793.5,36682717.08960591
2023-10-13 02:00:00+00:00,26793.4,26832.4,26772.0,26781.7,5986036.29858853
2023-10-13 04:00:00+00:00,26781.7,26823.8,26776.9,26820.5,2984229.08739555
2023-10-13 06:00:00+00:00,26820.5,26939.2,26760.5,26875.3,23833380.18090756
2023-10-13 08:00:00+00:00,26874.5,26903.7,26738.4,26738.4,134023289.11820991
2023-10-13 10:00:00+00:00,26738.5,26853.9,26738.5,26820.3,24780478.89325605
2023-10-13 12:00:00+00:00,26820.4,26959.8,26766.4,26853.2,107724336.94247587
2023-10-13 14:00:00+00:00,26854.6,26854.6,26682.3,26706.0,52631747.90267617
2023-10-13 16:00:00+00:00,26704.3,26809.9,26680.9,26768.1,42754513.08382646
2023-10-13 18:00:00+00:00,26767.5,26787.2,26721.7,26782.6,13154083.84331764
2023-10-13 20:00:00+00:00,26782.5,27124.1,26749.0,27015.6,195822851.99978805
2023-10-13 22:00:00+00:00,27015.6,27078.3,26759.1,26864.9,55650716.47240489
2023-10-14 00:00:00+00:00,26865.0,26929.5,26848.0,26916.9,18150169.63869248
2023-10-14 02:00:00+00:00,26917.0,26988.0,26892.1,26931.7,29994753.32168654
2023-10-14 04:00:00+00:00,26931.7,26941.0,26888.1,26889.8,9213099.10854215
2023-10-14 06:00:00+00:00,26890.2,26901.0,26844.1,26868.7,3276571.87240629
2023-10-14 08:00:00+00:00,26868.7,26886.0,26850.2,26880.5,8934135.31726955
2023-10-14 10:00:00+00:00,26880.6,26900.0,26849.4,26874.1,8931475.42633435
2023-10-14 12:00:00+00:00,26874.1,26912.0,26852.6,26909.2,6548002.28969662
2023-10-14 14:00:00+00:00,26909.2,26951.9,26870.2,26948.6,8917839.09974052
2023-10-14 16:00:00+00:00,26948.4,26957.9,26890.0,26891.5,11886543.10461482
2023-10-14 18:00:00+00:00,26891.4,26892.7,26850.0,26866.5,8927952.5451816
2023-10-14 20:00:00+00:00,26866.4,26886.4,26794.3,26822.8,598123.59560886
2023-10-14 22:00:00+00:00,26822.9,26869.9,26821.9,26852.6,3280884.19476452
2023-10-15 00:00:00+00:00,26852.6,26909.8,26817.0,26889.9,8925224.59079497
2023-10-15 02:00:00+00:00,26889.3,26905.0,26871.2,26879.9,5952757.50235589
2023-10-15 04:00:00+00:00,26880.0,26891.0,26868.7,26881.8,5953554.49786705
2023-10-15 06:00:00+00:00,26881.9,26884.9,26872.3,26884.9,791.39013701
2023-10-15 08:00:00+00:00,26884.9,26921.2,26884.9,26901.9,5948412.43094047
2023-10-15 10:00:00+00:00,26902.0,26902.4,26845.0,26852.1,2978318.69022112
2023-10-15 12:00:00+00:00,26852.2,26963.3,26808.6,26858.9,56222329.18139026
2023-10-15 14:00:00+00:00,26858.9,26918.0,26852.0,26899.3,11907254.4941652
2023-10-15 16:00:00+00:00,26899.5,27017.3,26887.9,26981.6,23740541.71711357
2023-10-15 18:00:00+00:00,26982.5,27079.9,26955.0,27043.7,21310163.69891213
2023-10-15 20:00:00+00:00,27044.0,27226.7,27014.0,27179.2,105143304.63351564
2023-10-15 22:00:00+00:00,27179.1,27287.9,27036.3,27153.0,62054766.64642894
2023-10-16 00:00:00+00:00,27153.1,27276.9,27108.3,27191.6,33848559.1409464
2023-10-16 02:00:00+00:00,27192.6,27280.4,27154.1,27233.3,15276524.81442956
2023-10-16 04:00:00+00:00,27233.4,27975.5,27188.4,27919.8,240045047.00287107
2023-10-16 06:00:00+00:00,27918.8,27972.5,27780.0,27849.2,129624374.10675079
2023-10-16 08:00:00+00:00,27849.9,28349.9,27312.1,27771.3,154570421.24980623
2023-10-16 10:00:00+00:00,27772.7,27787.9,27678.1,27750.0,37796870.56152291
2023-10-16 12:00:00+00:00,27749.9,30600.0,27710.1,27994.6,185763450.90840563
2023-10-16 14:00:00+00:00,27994.6,28380.0,27883.0,28065.7,26063.80105898
2023-10-16 16:00:00+00:00,28065.9,28244.7,28060.5,28234.9,8505.08788996
2023-10-16 18:00:00+00:00,28234.9,28807.6,28232.6,28465.3,21078.22997215
2023-10-16 20:00:00+00:00,28466.2,28642.8,28235.4,28424.0,8753.24377318
2023-10-16 22:00:00+00:00,28425.6,28557.7,28380.1,28503.6,5777.60256545
2023-10-17 00:00:00+00:00,28503.6,28546.5,28236.6,28352.5,6178.9482537
2023-10-17 02:00:00+00:00,28352.5,28390.3,28253.0,28276.0,3676.90403041
2023-10-17 04:00:00+00:00,28276.3,28276.3,28084.8,28217.4,7392.10765527
2023-10-17 06:00:00+00:00,28219.9,28470.9,28118.9,28426.1,8060.67858759
2023-10-17 08:00:00+00:00,28426.7,28518.7,28353.4,28386.5,20872.35921123
2023-10-17 10:00:00+00:00,28386.2,28529.8,28386.2,28426.3,15716.47455713
2023-10-17 12:00:00+00:00,28426.3,28469.9,28141.9,28248.9,15248.74208277
2023-10-17 14:00:00+00:00,28249.6,28573.2,28249.6,28465.1,13419.29119685
2023-10-17 16:00:00+00:00,28462.6,28610.5,28362.2,28429.9,9985.98307196
2023-10-17 18:00:00+00:00,28430.7,28515.8,28310.8,28515.8,8286.72672645
2023-10-17 20:00:00+00:00,28516.5,28555.6,28408.0,28483.6,4602.06781492
2023-10-17 22:00:00+00:00,28482.8,28486.2,28375.8,28394.3,3298.52916295
2023-10-18 00:00:00+00:00,28394.1,28438.5,28326.1,28356.0,4703.55169044
2023-10-18 02:00:00+00:00,28356.1,28518.8,28356.1,28517.3,4853.77547896
2023-10-18 04:00:00+00:00,28517.4,28986.6,28447.3,28691.8,17152.97110117
2023-10-18 06:00:00+00:00,28695.9,28743.6,28478.2,28494.1,5444.95750729
2023-10-18 08:00:00+00:00,28494.1,28599.4,28231.3,28256.4,2536.17961502
2023-10-18 10:00:00+00:00,28259.2,28422.4,28253.1,28347.2,6965.5318128
2023-10-18 12:00:00+00:00,28346.1,28409.0,28261.8,28323.6,7604.33160343
2023-10-18 14:00:00+00:00,28322.6,28364.3,28137.0,28248.9,12997.78844172
2023-10-18 16:00:00+00:00,28249.4,28424.8,28229.2,28330.0,8720.06175216
2023-10-18 18:00:00+00:00,28329.8,28367.1,28240.7,28244.6,3925.35586097
2023-10-18 20:00:00+00:00,28244.2,28303.1,28188.7,28269.1,3667.91047564
2023-10-18 22:00:00+00:00,28269.0,28372.0,28248.1,28322.0,3138.57263853
2023-10-19 00:00:00+00:00,28322.0,28421.9,28129.7,28239.2,11766.00370043
2023-10-19 02:00:00+00:00,28238.4,28270.3,28168.0,28258.3,4655.03972322
2023-10-19 04:00:00+00:00,28258.3,28346.2,28227.3,28307.7,2855.07340055
2023-10-19 06:00:00+00:00,28307.8,28338.2,28240.7,28329.2,10375.32073452
2023-10-19 08:00:00+00:00,28329.2,28407.6,28282.1,28398.9,4759.36548002
2023-10-19 10:00:00+00:00,28398.7,28599.6,28375.6,28454.4,16801.58846125
2023-10-19 12:00:00+00:00,28454.5,28584.8,28421.0,28481.8,12316.1808516
2023-10-19 14:00:00+00:00,28481.8,28811.9,28441.2,28677.5,23794.91469022
2023-10-19 16:00:00+00:00,28677.6,28915.4,28461.7,28553.9,25196.08731689
2023-10-19 18:00:00+00:00,28555.0,28768.0,28526.2,28756.0,9223.20973958
2023-10-19 20:00:00+00:00,28754.2,28871.6,28608.2,28609.4,9015.75050628
2023-10-19 22:00:00+00:00,28609.3,28721.7,28600.5,28716.7,4118.79358491
2023-10-20 00:00:00+00:00,28717.9,28776.0,28577.3,28657.8,5467.67568481
2023-10-20 02:00:00+00:00,28657.8,29403.3,28640.7,29237.4,25653.37702191
2023-10-20 04:00:00+00:00,29237.5,120010.8,27799.8,29222.4,254615.38411756
2023-10-20 06:00:00+00:00,29224.0,29407.5,29186.2,29242.3,8046.45507361
2023-10-20 08:00:00+00:00,29242.3,29850.0,29230.5,29800.2,156604.58727106
2023-10-20 10:00:00+00:00,29800.2,30169.4,29326.1,29841.0,21724.4730348
2023-10-20 12:00:00+00:00,29843.9,29916.3,29400.0,29655.7,62159.9130815
2023-10-20 14:00:00+00:00,29655.7,29724.0,29418.3,29550.8,26115.69585602
2023-10-20 16:00:00+00:00,29550.9,29590.0,29323.6,29518.1,13669.05002022
2023-10-20 18:00:00+00:00,29520.1,29568.5,29401.4,29565.6,7239.68209729
2023-10-20 20:00:00+00:00,29565.7,29643.3,29512.1,29614.9,7704.33544118
2023-10-20 22:00:00+00:00,29614.8,29772.1,29593.0,29667.8,10521.71508324
2023-10-21 00:00:00+00:00,29667.9,29696.0,29514.3,29535.6,4952.3905696
2023-10-21 02:00:00+00:00,29535.6,29621.1,29465.9,29604.2,4189.0974397
2023-10-21 04:00:00+00:00,29604.3,29623.8,29539.2,29574.7,3109.2853846
2023-10-21 06:00:00+00:00,29575.9,29727.8,29575.9,29696.7,7901.73856222
2023-10-21 08:00:00+00:00,29696.7,29858.0,29632.7,29840.2,5885.48457958
2023-10-21 10:00:00+00:00,29841.5,29876.0,29753.7,29806.6,6915.72862998
2023-10-21 12:00:00+00:00,29807.5,29830.4,29685.4,29776.8,6040.89907359
2023-10-21 14:00:00+00:00,29776.8,29981.9,29756.0,29937.8,17072.21602623
2023-10-21 16:00:00+00:00,29933.8,30177.3,29843.7,30155.0,22135.88282906
2023-10-21 18:00:00+00:00,30155.7,30378.8,29961.9,30146.1,37022.8342235
2023-10-21 20:00:00+00:00,30143.5,30161.9,29932.7,29986.3,10313.06812065
2023-10-21 22:00:00+00:00,29987.6,30032.0,29850.1,29912.8,4573.47608484
2023-10-22 00:00:00+00:00,29912.8,30070.0,29861.4,29934.8,7472.94766088
2023-10-22 02:00:00+00:00,29934.9,29934.9,29845.3,29912.0,2596.07432506
2023-10-22 04:00:00+00:00,29912.1,30257.3,29900.7,30119.7,16613.16954103
2023-10-22 06:00:00+00:00,30120.0,30224.0,29642.1,29816.5,43841.06708917
2023-10-22 08:00:00+00:00,29816.1,29994.2,29781.3,29881.1,11796.70272066
2023-10-22 10:00:00+00:00,29880.9,29952.1,29822.6,29913.9,5107.59173389
2023-10-22 12:00:00+00:00,29914.6,29976.1,29888.3,29948.9,3604.58623719
2023-10-22 14:00:00+00:00,29948.8,29959.4,29788.8,29827.1,5851.72189799
2023-10-22 16:00:00+00:00,29827.2,29950.2,29805.0,29917.7,4758.47290735
2023-10-22 18:00:00+00:00,29917.7,29935.7,29820.0,29846.1,2759.6062923
2023-10-22 20:00:00+00:00,29846.1,29883.5,29720.6,29756.4,3097.69362771
2023-10-22 22:00:00+00:00,29755.1,30055.0,29720.2,29994.1,17688.48217404
2023-10-23 00:00:00+00:00,29994.7,30636.9,29887.2,30344.5,54220.21398888
2023-10-23 02:00:00+00:00,30346.0,30803.1,30180.1,30733.6,39810.47741835
2023-10-23 04:00:00+00:00,30735.4,30943.4,30565.8,30789.5,38020.39144837
2023-10-23 06:00:00+00:00,30789.6,30971.9,30434.1,30515.4,27232.98921951
2023-10-23 08:00:00+00:00,30517.2,30709.2,30359.4,30479.1,24784.36341748
2023-10-23 10:00:00+00:00,30479.1,30775.6,30473.1,30663.1,12271.50213402
2023-10-23 12:00:00+00:00,30663.4,30759.3,30398.7,30611.9,20904.39918643
2023-10-23 14:00:00+00:00,30610.6,30973.8,30591.9,30885.1,32025.0652832
2023-10-23 16:00:00+00:00,30884.9,31325.9,30788.7,30979.1,73081.09172714
2023-10-23 18:00:00+00:00,30980.0,31427.1,30749.6,31357.8,66816.8609104
2023-10-23 20:00:00+00:00,31357.8,31816.9,31321.7,31630.7,60860.80978344
2023-10-23 22:00:00+00:00,31631.4,35799.9,31594.5,33072.9,411338.00682618
2023-10-24 00:00:00+00:00,33071.9,34196.7,32843.1,34180.0,39493.98585072
2023-10-24 02:00:00+00:00,34181.9,35259.7,34036.4,34060.1,164973.05968945
2023-10-24 04:00:00+00:00,34061.5,34555.3,33814.8,33896.3,66920.99182781
2023-10-24 06:00:00+00:00,33894.5,34109.7,33718.2,34000.0,47023.45154082
2023-10-24 08:00:00+00:00,34000.0,34217.4,33952.6,34132.7,21742.54805757
2023-10-24 10:00:00+00:00,34132.7,34886.6,34132.0,34557.9,30503.85899218
2023-10-24 12:00:00+00:00,34557.9,34846.0,34166.6,34441.3,55225.19661422
2023-10-24 14:00:00+00:00,34437.9,34561.2,33258.4,33672.8,243504.44761784
2023-10-24 16:00:00+00:00,33678.0,34397.1,33501.1,33790.7,105625.60166999
2023-10-24 18:00:00+00:00,33790.2,33890.8,33379.4,33802.0,54624.90955815
2023-10-24 20:00:00+00:00,33799.4,34261.4,33489.8,34133.3,57309.49653766
2023-10-24 22:00:00+00:00,34127.2,34219.3,33730.6,33924.1,68922.91634675
2023-10-25 00:00:00+00:00,33921.5,34380.3,33777.4,34197.1,38397.86296717
2023-10-25 02:00:00+00:00,34199.8,34218.8,33924.7,33999.8,22691.59504023
2023-10-25 04:00:00+00:00,34000.0,34199.9,33908.2,34013.0,19175.05403647
2023-10-25 06:00:00+00:00,34013.2,34200.0,33699.0,33899.9,302833.40894945
2023-10-25 08:00:00+00:00,33865.7,34324.9,33826.0,34102.8,196816.6562703
2023-10-25 10:00:00+00:00,34100.9,34436.5,34050.1,34197.6,31311.28923636
2023-10-25 12:00:00+00:00,34198.2,34673.2,34198.2,34490.3,47864.50530146
2023-10-25 14:00:00+00:00,34490.2,35018.8,34345.6,34841.0,75519.77142836
2023-10-25 16:00:00+00:00,34843.2,35133.8,34399.4,34664.8,77027.59528434
2023-10-25 18:00:00+00:00,34664.7,34783.2,34428.9,34733.7,21570.1565432
2023-10-25 20:00:00+00:00,34735.2,34845.3,34519.5,34549.9,19741.38102768
2023-10-25 22:00:00+00:00,34552.0,34649.9,34266.0,34494.4,34975.43077229
2023-10-26 00:00:00+00:00,34493.8,34799.9,34422.3,34682.7,24256.29315081
2023-10-26 02:00:00+00:00,34682.7,34828.0,34651.0,34795.5,17076.23591263
2023-10-26 04:00:00+00:00,34795.2,34815.0,34517.8,34524.3,10206.44169893
2023-10-26 06:00:00+00:00,34526.1,34784.6,34410.9,34652.5,26550.3397508
2023-10-26 08:00:00+00:00,34651.2,34751.2,34400.0,34430.6,14844.61234895
2023-10-26 10:00:00+00:00,34430.9,34457.0,33961.9,34106.5,48553.1700969
2023-10-26 12:00:00+00:00,34106.5,34370.7,34081.7,34175.7,32017.54849688
2023-10-26 14:00:00+00:00,34176.3,34339.0,33860.0,34046.9,197264.65872123
2023-10-26 16:00:00+00:00,34044.1,34082.3,33748.4,33947.3,38482.60971801
2023-10-26 18:00:00+00:00,33947.5,34106.2,33909.1,34044.7,22625.55451175
2023-10-26 20:00:00+00:00,34042.0,34209.5,34019.9,34113.2,13945.33160052
2023-10-26 22:00:00+00:00,34113.2,34281.4,34113.2,34153.3,9361.05256723
2023-10-27 00:00:00+00:00,34153.3,34178.4,33788.1,33852.8,23880.99302435
2023-10-27 02:00:00+00:00,33853.7,34149.1,33812.6,34120.2,15430.28755488
2023-10-27 04:00:00+00:00,34120.9,34190.0,33973.6,34087.5,10859.69891032
2023-10-27 06:00:00+00:00,34086.4,34245.8,33920.1,33941.3,14649.85772783
2023-10-27 08:00:00+00:00,33941.3,34181.1,33935.9,34161.0,11669.17227419
2023-10-27 10:00:00+00:00,34161.0,34175.6,33980.2,33988.7,9307.31555039
2023-10-27 12:00:00+00:00,33988.7,34198.7,33922.7,34160.0,22183.38903705
2023-10-27 14:00:00+00:00,34159.9,34169.1,33832.0,34002.4,45785.55756529
2023-10-27 16:00:00+00:00,34002.3,34033.3,33365.2,33599.0,75548.15115425
2023-10-27 18:00:00+00:00,33599.9,33713.8,33396.9,33703.2,38792.95031268
2023-10-27 20:00:00+00:00,33701.8,33869.2,33677.4,33840.6,12367.65999794
2023-10-27 22:00:00+00:00,33840.2,33937.2,33785.8,33892.1,9234.73590831
2023-10-28 00:00:00+00:00,33892.5,33929.6,33860.8,33922.0,3474.04009979
2023-10-28 02:00:00+00:00,33922.0,34129.6,33903.5,34063.8,12739.57207885
2023-10-28 04:00:00+00:00,34064.1,34181.7,34022.7,34088.4,6606.33879998
2023-10-28 06:00:00+00:00,34090.0,34120.5,34039.2,34048.7,4562.80907841
2023-10-28 08:00:00+00:00,34048.8,34115.6,34030.0,34088.0,3397.93844309
2023-10-28 10:00:00+00:00,34087.5,34500.0,34070.0,34177.6,27796.20785818
2023-10-28 12:00:00+00:00,34177.7,34215.2,33932.1,34130.1,25994.72212467
2023-10-28 14:00:00+00:00,34130.0,34238.5,34046.8,34194.0,10511.37983295
2023-10-28 16:00:00+00:00,34195.4,34195.4,34080.6,34132.0,5814.3075496
2023-10-28 18:00:00+00:00,34132.0,34225.4,34077.1,34110.4,4035.37966464
2023-10-28 20:00:00+00:00,34111.9,34198.1,34093.9,34194.2,2674.80237511
2023-10-28 22:00:00+00:00,34191.7,34191.8,34063.3,34079.3,2766.15671364
2023-10-29 00:00:00+00:00,34079.3,34102.1,33951.6,34006.5,8454.79926863
2023-10-29 02:00:00+00:00,34004.7,34032.0,33960.5,33972.7,2989.39389692
2023-10-29 04:00:00+00:00,33972.8,34049.8,33930.6,34029.9,3111.68707825
2023-10-29 06:00:00+00:00,34029.8,34138.9,34013.9,34080.8,3559.29595973
2023-10-29 08:00:00+00:00,34080.9,34280.0,34076.2,34215.9,8894.75157962
2023-10-29 10:00:00+00:00,34216.4,34323.2,34152.6,34259.7,7018.87704004
2023-10-29 12:00:00+00:00,34259.7,34523.0,34259.7,34383.1,12637.52945043
2023-10-29 14:00:00+00:00,34383.0,34559.3,34328.0,34448.3,13522.80528916
2023-10-29 16:00:00+00:00,34447.4,34750.7,34367.4,34558.7,30495.08303547
2023-10-29 18:00:00+00:00,34560.1,34750.0,34523.1,34565.2,16929.89937639
2023-10-29 20:00:00+00:00,34561.4,34654.1,34409.3,34438.0,7657.99724674
2023-10-29 22:00:00+00:00,34443.3,34726.6,34436.0,34523.7,18513.39899087
2023-10-30 00:00:00+00:00,34522.8,34570.5,34409.0,34421.6,8101.68121709
2023-10-30 02:00:00+00:00,34420.6,34420.6,34173.7,34271.6,25879.65406236
2023-10-30 04:00:00+00:00,34269.6,34350.5,34221.6,34255.6,7371.97431471
2023-10-30 06:00:00+00:00,34255.5,34344.9,34114.6,34192.9,18666.48295367
2023-10-30 08:00:00+00:00,34195.5,34614.8,34161.2,34598.2,24706.5629577
2023-10-30 10:00:00+00:00,34600.3,34600.3,34593.1,34593.1,332.84772096
2023-10-30 12:00:00+00:00,34593.1,34746.4,34592.7,34744.0,2729.43622696
2023-10-30 14:00:00+00:00,34744.0,34746.0,34742.0,34742.0,441.58069508
2023-10-30 16:00:00+00:00,34746.0,34746.0,34741.9,34741.9,205.85115773
2023-10-30 18:00:00+00:00,34746.0,34746.0,34741.9,34741.9,117.3993624
2023-10-30 20:00:00+00:00,34741.9,34746.0,34741.9,34741.9,99.22619631
2023-10-30 22:00:00+00:00,34741.9,34746.0,34494.0,34498.9,4515.73697914
2023-10-31 00:00:00+00:00,34498.9,34498.9,34428.9,34449.8,5015.03775875
2023-10-31 02:00:00+00:00,34449.6,34498.9,34200.0,34208.4,4420.48225544
2023-10-31 04:00:00+00:00,34210.0,34330.0,34161.8,34281.2,3502.15116236
2023-10-31 06:00:00+00:00,34276.8,34347.0,34089.8,34146.0,11391.60447639
2023-10-31 08:00:00+00:00,34147.5,34393.1,34033.3,34372.6,8113.44446623
2023-10-31 10:00:00+00:00,34376.0,34540.3,34353.1,34495.6,10639.17838457
2023-10-31 12:00:00+00:00,34489.4,34516.6,34142.9,34205.0,19811.12250239
2023-10-31 14:00:00+00:00,34189.3,34375.0,34130.5,34272.1,41815.73833498
2023-10-31 16:00:00+00:00,34272.5,34505.9,34223.4,34381.6,15822.18482779
2023-10-31 18:00:00+00:00,34385.9,34589.4,34341.2,34540.5,14271.14575286
2023-10-31 20:00:00+00:00,34529.7,34726.6,34429.3,34476.3,13525.56503007
2023-10-31 22:00:00+00:00,34476.4,34666.0,34444.4,34643.5,10374.4795999
2023-11-01 00:00:00+00:00,34638.6,34670.3,34469.2,34494.0,16289.54364924
2023-11-01 02:00:00+00:00,34494.0,34500.2,34400.1,34420.8,9207.9991961
2023-11-01 04:00:00+00:00,34420.9,34470.2,34335.5,34348.2,8536.25924814
2023-11-01 06:00:00+00:00,34348.2,34500.0,34319.9,34445.9,7543.84776674
2023-11-01 08:00:00+00:00,34445.9,34499.9,34400.0,34485.4,9263.62502117
2023-11-01 10:00:00+00:00,34485.5,34486.8,34341.2,34422.3,9369.24862864
2023-11-01 12:00:00+00:00,34430.1,34990.0,34342.6,34585.9,30427.09971283
2023-11-01 14:00:00+00:00,34589.3,34657.1,32847.2,34291.2,18954.43560505
2023-11-01 16:00:00+00:00,34291.2,34541.7,34279.8,34512.1,14944.94742778
2023-11-01 18:00:00+00:00,34516.5,34742.4,34000.0,34560.8,22414.48643847
2023-11-01 20:00:00+00:00,34562.8,35698.0,34466.6,35377.5,21501.41213746
2023-11-01 22:00:00+00:00,35377.5,35506.0,33887.7,34000.0,11996.95852409
2023-11-02 00:00:00+00:00,33982.4,35615.1,33855.1,35565.5,4373.77389569
2023-11-02 02:00:00+00:00,35564.4,35936.8,35517.1,35573.6,26299.74277295
2023-11-02 04:00:00+00:00,35572.6,35875.0,35159.4,35198.0,18110.95237086
2023-11-02 06:00:00+00:00,35198.4,35349.5,35077.6,35329.4,13660.61044924
2023-11-02 08:00:00+00:00,35320.0,35413.8,35095.6,35374.5,14243.69267662
2023-11-02 10:00:00+00:00,35372.7,35482.6,35243.5,35373.4,12275.56462119
2023-11-02 12:00:00+00:00,35371.2,35460.7,34657.9,34924.8,34282.46575032
2023-11-02 14:00:00+00:00,34925.2,35019.9,34500.0,34638.1,33609.80721912
2023-11-02 16:00:00+00:00,34637.8,34777.2,34303.9,34771.4,27235.38502251
2023-11-02 18:00:00+00:00,34773.8,35019.6,34700.0,34979.7,13351.90627385
2023-11-02 20:00:00+00:00,34998.5,35096.3,34822.8,34893.7,12637.49790847
2023-11-02 22:00:00+00:00,34922.6,35208.6,34715.3,34942.6,11474.58790631
2023-11-03 00:00:00+00:00,34942.8,34943.9,34373.7,34594.4,24918.30435503
2023-11-03 02:00:00+00:00,34593.5,34711.8,34350.0,34682.1,9799.52892481
2023-11-03 04:00:00+00:00,34682.1,34699.6,34329.1,34543.0,14973.98128562
2023-11-03 06:00:00+00:00,34546.1,34578.0,34080.0,34467.1,11694.8505431
2023-11-03 08:00:00+00:00,34464.0,34610.7,34190.1,34253.3,22605.4266169
2023-11-03 10:00:00+00:00,34254.3,34276.9,34120.0,34252.0,16814.98824816
2023-11-03 12:00:00+00:00,34252.0,34584.1,34151.1,34577.5,22095.11138575
2023-11-03 14:00:00+00:00,34570.4,34850.0,34502.2,34757.0,22241.50080153
2023-11-03 16:00:00+00:00,34763.0,34824.1,34325.1,34422.2,19548.51522193
2023-11-03 18:00:00+00:00,34421.8,34607.7,34340.0,34530.3,11769.13774566
2023-11-03 20:00:00+00:00,34531.2,34699.4,34491.3,34601.8,9176.31832976
2023-11-03 22:00:00+00:00,34610.4,34733.3,34563.7,34714.9,7616.53071722
2023-11-04 00:00:00+00:00,34714.9,34774.0,34635.8,34762.5,9412.15338013
2023-11-04 02:00:00+00:00,34762.6,34778.8,34642.2,34707.4,6749.10162117
2023-11-04 04:00:00+00:00,34707.4,34759.8,34580.0,34759.8,6573.131919
2023-11-04 06:00:00+00:00,34759.8,35005.1,34717.6,34767.4,14116.75704403
2023-11-04 08:00:00+00:00,34768.0,34880.0,34718.8,34758.2,7156.01235966
2023-11-04 10:00:00+00:00,34758.3,34803.3,34681.3,34718.7,7183.25511245
2023-11-04 12:00:00+00:00,34712.2,34765.0,34663.8,34699.3,7294.2048644
2023-11-04 14:00:00+00:00,34699.3,34797.7,34649.3,34709.7,8069.02042275
2023-11-04 16:00:00+00:00,34709.9,34772.3,34690.0,34765.0,5256.67433788
2023-11-04 18:00:00+00:00,34765.0,34797.8,34726.5,34730.5,3068.61337869
2023-11-04 20:00:00+00:00,34730.5,34882.3,34718.2,34800.1,3942.25333056
2023-11-04 22:00:00+00:00,34800.1,35261.4,34166.6,35067.4,18184.608598
2023-11-05 00:00:00+00:00,35065.0,35091.1,34922.8,35059.5,13486.34643917
2023-11-05 02:00:00+00:00,35063.2,35296.5,34939.1,35274.6,14281.4569089
2023-11-05 04:00:00+00:00,35261.0,35307.6,35124.8,35160.1,13283.23549096
2023-11-05 06:00:00+00:00,35165.8,35176.7,35044.0,35165.6,7455.38599072
2023-11-05 08:00:00+00:00,35171.0,35199.9,35016.7,35096.4,9457.33814843
2023-11-05 10:00:00+00:00,35096.6,35159.2,35033.9,35092.1,7790.70476828
2023-11-05 12:00:00+00:00,35092.1,35168.1,34768.2,34822.2,17318.28799631
2023-11-05 14:00:00+00:00,34824.3,34934.2,34450.0,34884.9,13339.09767753
2023-11-05 16:00:00+00:00,34885.0,35280.0,34868.0,35066.1,13154.66212328
2023-11-05 18:00:00+00:00,35066.1,35114.0,34971.9,34987.8,8815.69020755
2023-11-05 20:00:00+00:00,34987.8,35089.6,34423.6,34646.1,12757.86186901
2023-11-05 22:00:00+00:00,34642.7,35399.9,34623.5,35014.8,18383.05036394
2023-11-06 00:00:00+00:00,35013.9,35118.0,34841.8,34874.3,17220.54229789
2023-11-06 02:00:00+00:00,34880.3,34994.9,34831.9,34980.2,9925.50449128
2023-11-06 04:00:00+00:00,34980.2,35026.3,34731.3,34816.9,12264.26658411
2023-11-06 06:00:00+00:00,34810.7,34924.9,34761.2,34905.1,8487.25867033
2023-11-06 08:00:00+00:00,34905.1,35118.7,34825.1,35117.9,11829.986761
2023-11-06 10:00:00+00:00,35117.9,35277.3,35090.8,35235.5,19318.85077109
2023-11-06 12:00:00+00:00,35237.6,35253.9,34903.1,35030.6,21216.15844242
2023-11-06 14:00:00+00:00,35025.3,35216.9,35010.5,35070.8,18361.911819
2023-11-06 16:00:00+00:00,35080.0,35175.0,34900.1,34979.6,13089.24411277
2023-11-06 18:00:00+00:00,34979.5,35094.7,34811.8,35058.5,11104.35948562
2023-11-06 20:00:00+00:00,35058.6,35069.7,34902.0,35025.2,9225.08163918
2023-11-06 22:00:00+00:00,35025.3,35149.4,34945.9,35047.3,6830.09040443
2023-11-07 00:00:00+00:00,35047.2,35057.2,34830.0,34939.6,11545.08927884
2023-11-07 02:00:00+00:00,34947.1,34972.6,34799.2,34918.9,9085.33448178
2023-11-07 04:00:00+00:00,34919.8,34941.6,34825.0,34915.1,9559.42270193
2023-11-07 06:00:00+00:00,34913.4,34975.6,34838.7,34940.0,7437.68587892
2023-11-07 08:00:00+00:00,34940.6,34980.7,34686.1,34793.7,8060.56696423
2023-11-07 10:00:00+00:00,34793.7,34793.7,34560.0,34623.9,17057.18738725
2023-11-07 12:00:00+00:00,34626.5,34774.7,34521.2,34774.5,11159.85372149
2023-11-07 14:00:00+00:00,34774.8,34844.6,34633.6,34723.4,14293.2313522
2023-11-07 16:00:00+00:00,34723.5,34863.5,34564.7,34854.8,10727.95082392
2023-11-07 18:00:00+00:00,34854.8,35572.8,34845.7,35453.4,28857.84025082
2023-11-07 20:00:00+00:00,35455.0,35887.0,35350.0,35478.5,23773.0541536
2023-11-07 22:00:00+00:00,35478.8,35485.0,35204.1,35399.7,14082.77146092
2023-11-08 00:00:00+00:00,35399.7,35422.3,35250.8,35373.9,8047.13019904
2023-11-08 02:00:00+00:00,35374.0,35381.4,35230.0,35269.9,6880.88888092
2023-11-08 04:00:00+00:00,35269.9,35360.0,35239.1,35258.1,5828.53986013
2023-11-08 06:00:00+00:00,35258.1,35312.9,35142.9,35227.3,7206.15104408
2023-11-08 08:00:00+00:00,35227.3,35335.1,35182.1,35292.6,10048.62752245
2023-11-08 10:00:00+00:00,35292.5,35436.0,35273.4,35327.0,5753.34611004
2023-11-08 12:00:00+00:00,35327.0,35466.0,35300.0,35408.2,6467.37953328
2023-11-08 14:00:00+00:00,35408.1,35431.3,35094.7,35221.2,11947.06811024
2023-11-08 16:00:00+00:00,35221.0,35480.2,35175.3,35312.3,11771.20898132
2023-11-08 18:00:00+00:00,35312.3,35765.2,35247.7,35620.5,16983.45057556
2023-11-08 20:00:00+00:00,35620.5,35917.0,35391.9,35578.8,20044.71853211
2023-11-08 22:00:00+00:00,35553.5,36102.0,35533.4,35626.1,21649.60613662
2023-11-09 00:00:00+00:00,35626.0,36084.1,35541.4,35904.2,20696.71712899
2023-11-09 02:00:00+00:00,35913.0,36672.1,35848.0,36441.3,29308.62176959
2023-11-09 04:00:00+00:00,36439.2,36844.0,36414.4,36580.6,24059.80630474
2023-11-09 06:00:00+00:00,36575.8,36795.7,35515.7,36546.4,7421.63023589
2023-11-09 08:00:00+00:00,36562.0,36851.3,36101.5,36844.1,5035.30095169
2023-11-09 10:00:00+00:00,36837.3,36976.0,36650.0,36809.2,20735.76667522
2023-11-09 12:00:00+00:00,36809.2,37176.5,36734.2,37164.1,14191.63512988
2023-11-09 14:00:00+00:00,37164.1,38189.1,37060.8,37086.9,28217.74889401
2023-11-09 16:00:00+00:00,37088.7,37211.2,35625.0,36625.9,38036.83234431
2023-11-09 18:00:00+00:00,36620.0,36620.0,36151.2,36378.9,25291.52530447
2023-11-09 20:00:00+00:00,36371.9,36742.5,36137.3,36532.5,33266.45434801
2023-11-09 22:00:00+00:00,36533.5,36778.2,36500.0,36698.1,30099.09762359
2023-11-10 00:00:00+00:00,36699.3,36756.0,36450.7,36684.0,27008.6821697
2023-11-10 02:00:00+00:00,36684.0,36917.2,36600.0,36734.4,461.48694873
2023-11-10 04:00:00+00:00,36736.0,36769.7,36682.5,36756.0,125.78429309
2023-11-10 06:00:00+00:00,36756.0,36756.0,36756.0,36756.0,0.0
2023-11-10 08:00:00+00:00,36756.0,36756.2,36457.9,36558.1,423.53759216
2023-11-10 10:00:00+00:00,36558.0,37049.9,36400.0,37000.0,283.88127373
2023-11-10 12:00:00+00:00,37000.0,37233.3,36750.0,36961.9,530.87211765
2023-11-10 14:00:00+00:00,36963.0,37187.5,36840.2,37084.1,438.90332493
2023-11-10 16:00:00+00:00,37087.0,37497.3,37086.6,37201.3,1291.48450624
2023-11-10 18:00:00+00:00,37200.1,37424.5,37153.3,37221.4,236.44704131
2023-11-10 20:00:00+00:00,37244.8,37391.3,37084.0,37266.0,96.24918358
2023-11-10 22:00:00+00:00,37268.1,37533.3,37165.7,37293.1,527.80397326
2023-11-11 00:00:00+00:00,37305.9,37397.5,37012.7,37056.8,195.78020931
2023-11-11 02:00:00+00:00,37048.9,37120.0,36900.4,37039.2,343.62611491
2023-11-11 04:00:00+00:00,37041.8,37125.8,36922.8,37076.1,212.10982513
2023-11-11 06:00:00+00:00,37079.4,37128.3,36940.2,37010.9,7901.32379665
2023-11-11 08:00:00+00:00,37010.9,37061.2,36928.0,37032.9,11629.76429675
2023-11-11 10:00:00+00:00,37031.9,37038.9,36907.0,36989.5,8192.99248941
2023-11-11 12:00:00+00:00,36988.1,37194.5,36956.2,37145.3,10750.24037261
2023-11-11 14:00:00+00:00,37147.1,37270.4,37029.3,37050.0,12146.35480029
2023-11-11 16:00:00+00:00,37050.0,37187.5,37030.0,37110.4,8527.41531616
2023-11-11 18:00:00+00:00,37109.6,37178.0,37076.7,37156.4,4596.93656489
2023-11-11 20:00:00+00:00,37156.1,37157.8,36915.7,36978.5,7320.31977348
2023-11-11 22:00:00+00:00,36981.4,37158.0,36674.4,37128.1,11501.9991
2023-11-12 00:00:00+00:00,37136.5,37187.5,36675.5,36956.7,17111.37581669
2023-11-12 02:00:00+00:00,36956.7,36990.0,36852.3,36990.0,7489.62518561
2023-11-12 04:00:00+00:00,36990.0,37118.3,36900.0,37106.0,4960.52636144
2023-11-12 06:00:00+00:00,37108.0,37175.7,37078.0,37125.8,6584.73261992
2023-11-12 08:00:00+00:00,37125.8,37134.0,37030.4,37063.4,6110.69816264
2023-11-12 10:00:00+00:00,37063.5,37132.0,37030.0,37055.1,5026.77552005
2023-11-12 12:00:00+00:00,37060.9,37132.0,36880.0,37075.9,8344.23418101
2023-11-12 14:00:00+00:00,37075.9,37222.7,36880.0,37154.5,8561.72310821
2023-11-12 16:00:00+00:00,37154.5,37240.0,37066.8,37076.9,6070.11168008
2023-11-12 18:00:00+00:00,37076.8,37207.6,37051.2,37101.6,7033.98847099
2023-11-12 20:00:00+00:00,37101.9,37196.3,37077.6,37160.1,5080.00859151
2023-11-12 22:00:00+00:00,37160.1,37240.0,36947.5,37063.3,7754.0944676
2023-11-13 00:00:00+00:00,37063.2,37415.2,36955.8,37205.9,12482.87873167
2023-11-13 02:00:00+00:00,37199.1,37266.6,36857.5,36914.6,10181.58252689
2023-11-13 04:00:00+00:00,36914.7,36961.1,36800.0,36916.0,6072.24464348
2023-11-13 06:00:00+00:00,36917.2,37060.8,36767.8,36959.8,505.46098378
2023-11-13 08:00:00+00:00,36959.8,37205.8,36680.3,36982.0,4545.90914661
2023-11-13 10:00:00+00:00,36984.0,37009.1,36700.8,36817.3,8403.53335006
2023-11-13 12:00:00+00:00,36813.1,36946.8,36645.6,36825.0,9238.89736125
2023-11-13 14:00:00+00:00,36827.9,36910.6,36544.1,36840.9,29687.7716927
2023-11-13 16:00:00+00:00,36840.9,37034.4,36625.0,36665.3,16836.33280296
2023-11-13 18:00:00+00:00,36665.3,36846.6,36580.0,36846.6,7495.77710702
2023-11-13 20:00:00+00:00,36848.4,36874.5,36333.3,36480.1,27317.29930169
2023-11-13 22:00:00+00:00,36477.0,36625.0,36438.1,36470.0,12300.17526116
2023-11-14 00:00:00+00:00,36470.0,36515.2,36160.0,36331.0,22682.07577749
2023-11-14 02:00:00+00:00,36331.0,36517.8,36327.3,36446.0,6887.1616909
2023-11-14 04:00:00+00:00,36446.0,36630.3,36383.1,36629.1,6234.66537692
2023-11-14 06:00:00+00:00,36629.1,36700.0,36586.0,36685.3,2126.62568226
2023-11-14 08:00:00+00:00,36685.6,36727.8,36480.9,36480.9,611.04150636
2023-11-14 10:00:00+00:00,36486.1,36538.9,36230.0,36264.9,16474.49544593
2023-11-14 12:00:00+00:00,36254.5,36656.9,36207.4,36506.0,29337.62317631
2023-11-14 14:00:00+00:00,36504.7,36687.6,35678.0,36142.7,41080.08311013
2023-11-14 16:00:00+00:00,36142.8,36414.1,35941.3,36090.9,23205.70402266
2023-11-14 18:00:00+00:00,36093.5,36123.6,34166.6,35346.8,338105.34702605
2023-11-14 20:00:00+00:00,35346.8,35625.0,35137.5,35575.4,568.80590393
2023-11-14 22:00:00+00:00,35573.3,35675.8,35449.4,35544.6,304.68655892
2023-11-15 00:00:00+00:00,35542.7,35666.6,35407.8,35430.2,252.86120145
2023-11-15 02:00:00+00:00,35422.8,35515.7,35363.5,35385.1,2851.42108531
2023-11-15 04:00:00+00:00,35387.9,35615.0,35377.3,35599.9,7822.16877141
2023-11-15 06:00:00+00:00,35600.0,35665.8,35526.5,35578.3,8817.54521454
2023-11-15 08:00:00+00:00,35580.7,35956.9,35580.7,35786.0,13152.04295881
2023-11-15 10:00:00+00:00,35788.8,36278.3,35775.9,36240.0,14370.36920772
2023-11-15 12:00:00+00:00,36244.9,36384.7,36005.9,36099.4,22530.06055046
2023-11-15 14:00:00+00:00,36100.1,36413.3,36010.1,36410.0,23795.40594108
2023-11-15 16:00:00+00:00,36408.1,36551.9,36258.1,36497.6,21807.97653702
2023-11-15 18:00:00+00:00,36499.4,37784.5,36454.2,37499.9,147369.94486941
2023-11-15 20:00:00+00:00,37499.9,37844.0,37313.2,37622.9,29947.32848686
2023-11-15 22:00:00+00:00,37622.5,37963.6,37500.1,37857.0,20290.48067316
2023-11-16 00:00:00+00:00,37857.0,37929.7,37392.2,37431.6,23041.80487514
2023-11-16 02:00:00+00:00,37431.6,37534.9,37340.1,37454.8,16027.03617279
2023-11-16 04:00:00+00:00,37454.8,37501.9,37329.5,37462.1,9969.43748953
2023-11-16 06:00:00+00:00,37462.1,37613.6,37400.0,37438.0,13053.10576062
2023-11-16 08:00:00+00:00,37438.0,37500.0,37186.7,37355.0,21917.35547259
2023-11-16 10:00:00+00:00,37361.5,37539.9,37133.1,37250.0,19042.55876021
2023-11-16 12:00:00+00:00,37247.8,37319.9,36694.7,36767.9,98569.68058364
2023-11-16 14:00:00+00:00,36771.9,36900.4,36265.3,36401.8,107226.73008718
2023-11-16 16:00:00+00:00,36402.0,36638.0,36300.0,36317.4,23832.59709432
2023-11-16 18:00:00+00:00,36307.9,36433.9,35556.0,35674.0,148852.36213403
2023-11-16 20:00:00+00:00,35674.0,35680.0,35578.3,35580.0,221.09761332
2023-11-16 22:00:00+00:00,35580.5,36036.3,35578.0,35617.6,232.50457682
2023-11-17 00:00:00+00:00,35617.6,36568.0,35576.4,36563.5,211.98241832
2023-11-17 02:00:00+00:00,36558.1,36668.8,36300.8,36488.9,258.48030768
2023-11-17 04:00:00+00:00,36488.8,36525.7,36148.8,36355.7,376.43422878
2023-11-17 06:00:00+00:00,36357.8,36452.9,36000.0,36238.8,24353.91597833
2023-11-17 08:00:00+00:00,36242.0,36447.5,36168.1,36315.7,10516.67661085
2023-11-17 10:00:00+00:00,36316.1,36464.0,36133.3,36369.2,46206.18892943
2023-11-17 12:00:00+00:00,36369.1,36614.5,36250.1,36336.0,19576.29366331
2023-11-17 14:00:00+00:00,36336.0,36431.2,35861.0,36043.0,230172.42774755
2023-11-17 16:00:00+00:00,36043.0,36847.2,35910.4,36503.2,497.00798012
2023-11-17 18:00:00+00:00,36503.2,36573.9,36039.9,36325.0,461.47988994
2023-11-17 20:00:00+00:00,36325.0,36519.9,36300.0,36397.9,194.06099719
2023-11-17 22:00:00+00:00,36403.2,36720.0,36396.4,36610.5,371.78438361
2023-11-18 00:00:00+00:00,36610.2,36625.0,36375.0,36408.4,161.04392437
2023-11-18 02:00:00+00:00,36408.4,36482.9,36360.0,36372.2,233.81295705
2023-11-18 04:00:00+00:00,36377.9,36443.4,36305.6,36330.8,201.69447753
2023-11-18 06:00:00+00:00,36330.9,36428.6,36191.4,36414.0,363.74348534
2023-11-18 08:00:00+00:00,36418.5,36477.9,36369.1,36396.0,201.4221409
2023-11-18 10:00:00+00:00,36396.0,36550.4,36390.1,36401.6,258.99053367
2023-11-18 12:00:00+00:00,36401.6,36499.9,36352.3,36432.3,461.26451445
2023-11-18 14:00:00+00:00,36432.2,36684.9,36418.2,36665.7,482.54732507
2023-11-18 16:00:00+00:00,36665.8,36845.6,36500.0,36620.0,418.72046605
2023-11-18 18:00:00+00:00,36623.0,36770.0,36609.7,36678.3,192.87760398
2023-11-18 20:00:00+00:00,36679.7,36721.4,36527.9,36542.9,153.88901813
2023-11-18 22:00:00+00:00,36543.4,36575.4,36443.3,36575.4,90.34963132
2023-11-19 00:00:00+00:00,36576.0,36580.0,36397.9,36486.5,196.19562414
2023-11-19 02:00:00+00:00,36488.9,36529.5,36407.7,36524.0,298.66261553
2023-11-19 04:00:00+00:00,36524.1,36551.1,36489.9,36511.6,143.35433678
2023-11-19 06:00:00+00:00,36516.4,36700.0,36497.6,36615.8,719.3251926
2023-11-19 08:00:00+00:00,36616.8,36736.5,36586.6,36632.2,319.78935318
2023-11-19 10:00:00+00:00,36633.3,36635.0,36357.0,36458.7,449.85553108
2023-11-19 12:00:00+00:00,36458.7,36515.0,36404.2,36491.8,541.05391994
2023-11-19 14:00:00+00:00,36491.8,36592.4,36387.9,36566.6,595.658438
2023-11-19 16:00:00+00:00,36573.3,36633.5,36500.0,36606.0,445.5214318
2023-11-19 18:00:00+00:00,36609.1,36984.3,36558.1,36941.7,253.53158807
2023-11-19 20:00:00+00:00,36956.6,37070.6,36700.0,37003.2,168.44572482
2023-11-19 22:00:00+00:00,36993.2,37500.0,36925.0,37356.4,260.26751192
2023-11-20 00:00:00+00:00,37367.2,37409.2,37138.2,37293.2,555.26625036
2023-11-20 02:00:00+00:00,37293.3,37360.0,36975.0,37116.5,4771.07302886
2023-11-20 04:00:00+00:00,37116.5,37230.0,37041.4,37132.0,7819.80132678
2023-11-20 06:00:00+00:00,37131.9,37257.8,37000.0,37239.3,7902.54314535
2023-11-20 08:00:00+00:00,37246.2,37275.2,37000.0,37197.6,6689.73279716
2023-11-20 10:00:00+00:00,37197.6,37419.8,36905.6,37149.8,9184.81283637
2023-11-20 12:00:00+00:00,37149.9,37238.6,37055.2,37097.4,7442.36062477
2023-11-20 14:00:00+00:00,37097.4,37500.0,36662.0,37467.1,141250.45630026
2023-11-20 16:00:00+00:00,37462.7,37748.7,36828.9,37583.3,221036.69651595
2023-11-20 18:00:00+00:00,37582.6,37721.2,37133.3,37568.5,401142.76651918
2023-11-20 20:00:00+00:00,37570.1,37599.1,37274.9,37401.6,44445.79503067
2023-11-20 22:00:00+00:00,37405.6,37609.7,37350.0,37449.5,6675.35645453
2023-11-21 00:00:00+00:00,37449.5,37626.3,37284.2,37603.6,7044.71707675
2023-11-21 02:00:00+00:00,37603.5,37707.7,36700.0,37469.0,12401.74117072
2023-11-21 04:00:00+00:00,37468.7,37481.9,37300.0,37356.5,7641.98128655
2023-11-21 06:00:00+00:00,37356.5,37437.2,37244.3,37281.5,7640.57705115
2023-11-21 08:00:00+00:00,37280.1,37417.1,37205.8,37307.1,6427.12909487
2023-11-21 10:00:00+00:00,37307.1,37407.9,37149.7,37176.2,9247.63091985
2023-11-21 12:00:00+00:00,37170.0,37227.2,37002.2,37005.0,12331.0599081
2023-11-21 14:00:00+00:00,37005.0,37187.7,36044.3,36974.8,306093.34089461
2023-11-21 16:00:00+00:00,36974.8,37509.7,36612.4,36900.0,104472.98797927
2023-11-21 18:00:00+00:00,36903.9,37080.2,35640.9,36979.6,6937.66279412
2023-11-21 20:00:00+00:00,36981.8,37174.4,36722.1,36824.2,135.14605484
2023-11-21 22:00:00+00:00,36832.8,36900.0,35640.9,35734.3,423.52514172
2023-11-22 00:00:00+00:00,35739.0,36175.0,35636.3,36088.2,614.21176897
2023-11-22 02:00:00+00:00,36088.2,36400.0,36031.5,36382.2,1037.38102671
2023-11-22 04:00:00+00:00,36382.2,36498.6,36322.0,36360.0,5423.19602474
2023-11-22 06:00:00+00:00,36360.0,36561.4,36350.0,36445.0,5923.79218224
2023-11-22 08:00:00+00:00,36444.7,36698.4,36347.2,36690.7,5628.54425894
2023-11-22 10:00:00+00:00,36690.8,36780.1,36439.2,36468.8,8031.71634351
2023-11-22 12:00:00+00:00,36468.7,36702.2,36448.4,36588.6,11306.19471633
2023-11-22 14:00:00+00:00,36599.9,36651.3,36241.9,36480.0,17056.18006447
2023-11-22 16:00:00+00:00,36480.1,36643.4,36369.1,36594.0,9078.35892393
2023-11-22 18:00:00+00:00,36590.7,37438.1,36566.8,37294.0,44488.13663047
2023-11-22 20:00:00+00:00,37294.6,37865.7,37221.1,37614.6,16002.97754673
2023-11-22 22:00:00+00:00,37613.4,37757.8,37252.1,37409.6,7027.71448667
2023-11-23 00:00:00+00:00,37409.9,37537.1,37302.8,37409.1,6581.92250728
2023-11-23 02:00:00+00:00,37409.2,37443.7,37260.0,37303.3,2599.43101386
2023-11-23 04:00:00+00:00,37303.4,37480.0,37273.0,37328.0,579.20062101
2023-11-23 06:00:00+00:00,37328.2,37372.8,37265.7,37371.5,2065.06455972
2023-11-23 08:00:00+00:00,37371.5,37642.2,37358.7,37637.8,6789.3666283
2023-11-23 10:00:00+00:00,37637.7,37642.8,37155.1,37368.4,24288.90491034
2023-11-23 12:00:00+00:00,37368.4,37530.6,37218.4,37244.2,8158.48015956
2023-11-23 14:00:00+00:00,37237.5,37300.0,36888.1,36964.1,11089.41449262
2023-11-23 16:00:00+00:00,36946.1,37235.0,36923.4,37174.9,7476.11071797
2023-11-23 18:00:00+00:00,37173.1,37332.5,37169.0,37280.1,6356.82878179
2023-11-23 20:00:00+00:00,37280.1,37382.3,37246.2,37249.3,5142.74666923
2023-11-23 22:00:00+00:00,37249.3,37399.9,37209.9,37293.6,2525.38765642
2023-11-24 00:00:00+00:00,37297.0,37482.2,37238.3,37394.8,5919.92519399
2023-11-24 02:00:00+00:00,37397.8,37438.8,37305.0,37316.1,2782.74771282
2023-11-24 04:00:00+00:00,37316.1,37423.6,37299.9,37423.6,2572.45150802
2023-11-24 06:00:00+00:00,37424.9,37568.0,37353.1,37523.9,3306.04387814
2023-11-24 08:00:00+00:00,37523.9,37729.5,37421.7,37623.5,10653.96193807
2023-11-24 10:00:00+00:00,37623.9,38085.0,37574.0,37741.9,54278.29944445
2023-11-24 12:00:00+00:00,37747.4,37969.6,37627.5,37776.9,13199.20596645
2023-11-24 14:00:00+00:00,37776.1,38436.7,37602.0,38220.1,32477.76643797
2023-11-24 16:00:00+00:00,38222.6,38350.0,37506.2,37849.2,51764.02021517
2023-11-24 18:00:00+00:00,37849.9,37895.1,37577.7,37760.0,7382.834104
2023-11-24 20:00:00+00:00,37760.1,37940.0,37705.2,37828.0,4130.93770926
2023-11-24 22:00:00+00:00,37828.0,37846.1,37580.1,37718.1,8694.52378484
2023-11-25 00:00:00+00:00,37718.1,37817.3,37672.5,37788.2,3421.73541409
2023-11-25 02:00:00+00:00,37788.2,37843.1,37715.4,37796.5,2839.67603171
2023-11-25 04:00:00+00:00,37796.6,37814.9,37718.7,37812.7,2254.5975825
2023-11-25 06:00:00+00:00,37812.8,37830.2,37737.9,37801.4,1745.00240851
2023-11-25 08:00:00+00:00,37801.3,37828.2,37686.0,37738.5,1843.05767452
2023-11-25 10:00:00+00:00,37738.5,37739.7,37591.1,37651.9,3149.70021373
2023-11-25 12:00:00+00:00,37651.9,37734.5,37621.0,37720.7,2103.42247443
2023-11-25 14:00:00+00:00,37720.7,37725.1,37619.3,37702.1,2480.55006923
2023-11-25 16:00:00+00:00,37702.1,37799.3,37700.0,37770.0,2148.48183404
2023-11-25 18:00:00+00:00,37770.0,37840.0,37755.4,37818.3,1431.905959
2023-11-25 20:00:00+00:00,37818.3,37886.9,37766.6,37794.1,1962.52657728
2023-11-25 22:00:00+00:00,37794.1,37800.1,37717.8,37780.9,1200.58595232
2023-11-26 00:00:00+00:00,37780.9,37800.1,37682.1,37682.1,1336.6649985
2023-11-26 02:00:00+00:00,37684.1,37752.1,37669.9,37734.6,1249.30198916
2023-11-26 04:00:00+00:00,37734.5,37781.1,37696.2,37776.4,1156.20345332
2023-11-26 06:00:00+00:00,37776.4,56057.0,37734.0,37788.3,4171.04810543
2023-11-26 08:00:00+00:00,37788.3,37822.1,37740.0,37765.2,1272.24950331
2023-11-26 10:00:00+00:00,37765.2,37765.3,37663.8,37679.4,1810.19214764
2023-11-26 12:00:00+00:00,37679.4,37698.9,37348.2,37516.9,14501.67751244
2023-11-26 14:00:00+00:00,37516.7,37533.3,37285.9,37441.2,10667.27815459
2023-11-26 16:00:00+00:00,37439.7,37515.7,37146.5,37272.9,206912.20834525
2023-11-26 18:00:00+00:00,37272.9,37386.4,37157.8,37379.1,2517.80069099
2023-11-26 20:00:00+00:00,37376.8,37649.6,37315.9,37618.1,6093.73937089
2023-11-26 22:00:00+00:00,37618.1,37750.0,37328.9,37445.8,5790.24481575
2023-11-27 00:00:00+00:00,37445.8,37571.8,37387.0,37490.0,2842.14502062
2023-11-27 02:00:00+00:00,37490.0,37529.7,37190.2,37300.0,5201.32324999
2023-11-27 04:00:00+00:00,37300.0,37391.7,37219.2,37296.0,2899.52373002
2023-11-27 06:00:00+00:00,37301.7,37416.8,37000.0,37281.6,3985.77224113
2023-11-27 08:00:00+00:00,37281.7,37456.5,37248.0,37366.6,377.99619856
2023-11-27 10:00:00+00:00,37366.6,37375.9,36875.0,37030.8,24919.44606537
2023-11-27 12:00:00+00:00,37031.1,37098.0,36400.0,36946.1,17958.33341178
2023-11-27 14:00:00+00:00,36946.1,37056.7,36732.0,36747.6,18452.69645846
2023-11-27 16:00:00+00:00,36748.9,37141.7,36717.8,36918.5,21846.80467819
2023-11-27 18:00:00+00:00,36918.6,37076.9,36794.6,36876.0,14147.85318049
2023-11-27 20:00:00+00:00,36878.8,37055.2,36773.1,37031.4,8787.29623998
2023-11-27 22:00:00+00:00,37031.5,37282.3,36966.8,37244.4,6102.334995
2023-11-28 00:00:00+00:00,37247.7,37356.4,37150.0,37205.7,6079.70844594
2023-11-28 02:00:00+00:00,37205.7,37215.2,37103.7,37129.1,3978.98716628
2023-11-28 04:00:00+00:00,37129.1,37150.0,36874.0,36913.6,6428.72605453
2023-11-28 06:00:00+00:00,36913.6,37152.0,36866.6,37108.9,7197.85672617
2023-11-28 08:00:00+00:00,37108.3,37151.9,36929.5,37083.8,6431.87324373
2023-11-28 10:00:00+00:00,37085.6,37272.9,36945.9,37248.2,5827.94547128
2023-11-28 12:00:00+00:00,37248.2,37446.5,37125.0,37410.6,6394.63494439
2023-11-28 14:00:00+00:00,37410.6,37567.1,37041.2,37511.9,13102.73353257
2023-11-28 16:00:00+00:00,37516.5,38243.4,37459.3,38216.4,27442.78646676
2023-11-28 18:00:00+00:00,38216.4,38383.1,37733.4,38122.0,24164.9400327
2023-11-28 20:00:00+00:00,38122.1,38285.9,37932.2,37940.3,12881.73732901
2023-11-28 22:00:00+00:00,37940.3,38045.0,37560.6,37815.7,8977.15057378
2023-11-29 00:00:00+00:00,37816.0,38089.9,37675.3,37933.4,9476.39036187
2023-11-29 02:00:00+00:00,37932.1,38011.9,37840.1,37943.8,6671.34805864
2023-11-29 04:00:00+00:00,37944.5,38038.4,37868.8,38037.2,5269.60708042
2023-11-29 06:00:00+00:00,38037.2,38229.9,37980.4,38099.4,8275.89906595
2023-11-29 08:00:00+00:00,38103.5,38457.9,38000.0,38286.8,15063.34647281
2023-11-29 10:00:00+00:00,38278.3,38288.7,37900.0,38105.8,12398.97167006
2023-11-29 12:00:00+00:00,38101.4,38282.2,38049.8,38116.6,10637.06079354
2023-11-29 14:00:00+00:00,38115.1,38184.2,37564.0,37826.9,77755.97972357
2023-11-29 16:00:00+00:00,37826.9,37873.6,37500.6,37775.7,9737.51715087
2023-11-29 18:00:00+00:00,37775.2,37924.1,37671.7,37878.8,6638.20186673
2023-11-29 20:00:00+00:00,37875.0,37888.0,37594.3,37741.5,8816.26086228
2023-11-29 22:00:00+00:00,37742.2,37869.1,37719.0,37853.3,3105.20113598
2023-11-30 00:00:00+00:00,37853.3,37867.6,37700.1,37702.0,4885.02898812
2023-11-30 02:00:00+00:00,37701.3,38053.4,37688.1,38052.5,7163.27447583
2023-11-30 04:00:00+00:00,38052.5,38144.0,37854.4,37885.7,9495.12459519
2023-11-30 06:00:00+00:00,37885.7,37957.8,37771.1,37792.4,9829.60069628
2023-11-30 08:00:00+00:00,37792.5,37810.0,37583.0,37707.5,10488.77406917
2023-11-30 10:00:00+00:00,37707.5,37903.9,37650.1,37879.1,7001.77850198
2023-11-30 12:00:00+00:00,37879.1,38000.0,37627.5,37720.6,13043.83938595
2023-11-30 14:00:00+00:00,37720.6,37778.6,37462.8,37610.0,28307.03650508
2023-11-30 16:00:00+00:00,37613.0,37756.6,37527.3,37739.9,12553.65996263
2023-11-30 18:00:00+00:00,37738.1,37811.9,37690.8,37752.1,6323.81854557
2023-11-30 20:00:00+00:00,37756.1,37767.9,37693.8,37742.1,6420.27849879
2023-11-30 22:00:00+00:00,37742.1,37809.9,37605.7,37727.2,7260.21215032
2023-12-01 00:00:00+00:00,37729.2,37969.0,37612.1,37946.0,17264.30584099
2023-12-01 02:00:00+00:00,37945.7,38078.7,37864.5,38046.0,11747.72982846
2023-12-01 04:00:00+00:00,38046.1,38249.9,38025.8,38124.6,13262.58547233
2023-12-01 06:00:00+00:00,38126.0,38478.4,38075.2,38248.5,12647.48386939
2023-12-01 08:00:00+00:00,38242.4,38712.0,38220.8,38703.5,29738.11611136
2023-12-01 10:00:00+00:00,38712.0,38832.4,38313.0,38578.9,12339.12444754
2023-12-01 12:00:00+00:00,38588.2,38651.9,38292.5,38362.6,13594.0953538
2023-12-01 14:00:00+00:00,38362.6,38445.9,38214.3,38413.6,15740.40244607
2023-12-01 16:00:00+00:00,38413.6,38982.7,38392.2,38798.0,25357.62790691
2023-12-01 18:00:00+00:00,38798.0,38911.7,38615.6,38761.5,13847.0160671
2023-12-01 20:00:00+00:00,38761.5,38891.7,38433.3,38775.6,9229.2511248
2023-12-01 22:00:00+00:00,38770.0,38849.9,38646.8,38683.6,6653.76608687
2023-12-02 00:00:00+00:00,38683.6,38794.1,38634.3,38755.1,4669.00857629
2023-12-02 02:00:00+00:00,38752.2,38782.6,38666.2,38781.4,4092.66357792
2023-12-02 04:00:00+00:00,38781.3,38819.6,38716.3,38749.9,3637.41358517
2023-12-02 06:00:00+00:00,38749.9,38831.9,38699.7,38699.7,5576.93214913
2023-12-02 08:00:00+00:00,38699.4,38789.4,38660.0,38774.2,4486.30344899
2023-12-02 10:00:00+00:00,38774.2,38793.2,38703.8,38740.1,2916.88250611
2023-12-02 12:00:00+00:00,38738.1,38864.3,38730.0,38817.8,4594.65464071
2023-12-02 14:00:00+00:00,38817.3,38849.8,38709.0,38808.0,6909.09338938
2023-12-02 16:00:00+00:00,38806.5,38809.7,38706.4,38794.6,3700.33204423
2023-12-02 18:00:00+00:00,38794.6,39794.8,38700.0,39420.8,297601.51871203
2023-12-02 20:00:00+00:00,39420.8,39706.8,39280.6,39562.1,17181.60845691
2023-12-02 22:00:00+00:00,39561.5,39636.0,39250.0,39453.5,9294.70981
2023-12-03 00:00:00+00:00,39450.1,39555.5,39391.3,39484.3,5025.07824678
2023-12-03 02:00:00+00:00,39484.3,39548.5,39275.8,39380.0,7452.22057985
2023-12-03 04:00:00+00:00,39380.5,39438.5,39320.0,39416.2,3882.3796304
2023-12-03 06:00:00+00:00,39416.2,39487.5,39368.3,39476.9,4233.49381078
2023-12-03 08:00:00+00:00,39479.0,39482.4,39400.0,39460.0,3238.98061515
2023-12-03 10:00:00+00:00,39460.0,39544.1,39414.5,39477.4,4399.13512698
2023-12-03 12:00:00+00:00,39477.4,39768.0,39376.5,39673.9,12041.27843325
2023-12-03 14:00:00+00:00,39673.9,39800.0,39484.2,39762.2,15682.67436286
2023-12-03 16:00:00+00:00,39764.1,39837.0,39453.2,39521.3,11814.7245867
2023-12-03 18:00:00+00:00,39522.0,39579.2,39441.3,39563.4,6313.12132961
2023-12-03 20:00:00+00:00,39563.4,39760.3,39551.6,39709.9,6310.15340229
2023-12-03 22:00:00+00:00,39710.0,40264.9,39686.2,39970.3,40243.27548853
2023-12-04 00:00:00+00:00,39972.2,40857.0,39972.2,40606.7,62074.44679118
2023-12-04 02:00:00+00:00,40598.6,40875.4,40468.8,40704.5,14586.2783791
2023-12-04 04:00:00+00:00,40705.8,41516.1,40692.0,41493.9,36317.605653
2023-12-04 06:00:00+00:00,41495.8,41740.8,41311.9,41427.0,27693.3543848
2023-12-04 08:00:00+00:00,41440.0,41790.3,41365.0,41555.1,16337.72122475
2023-12-04 10:00:00+00:00,41555.1,42290.0,41331.1,41543.4,265327.0968883
2023-12-04 12:00:00+00:00,41537.8,41966.6,41498.9,41734.1,422167.23603978
2023-12-04 14:00:00+00:00,41736.2,41797.8,41130.4,41265.4,259830.294027
2023-12-04 16:00:00+00:00,41270.1,41763.6,41176.8,41608.2,11994.6392382
2023-12-04 18:00:00+00:00,41608.2,42063.3,41508.0,41989.5,10041.70238571
2023-12-04 20:00:00+00:00,41992.0,42054.3,41716.8,42042.4,9455.46133534
2023-12-04 22:00:00+00:00,42042.4,42430.4,41798.1,41983.9,12988.41509016
2023-12-05 00:00:00+00:00,41988.8,41988.8,41625.3,41802.1,10991.08258662
2023-12-05 02:00:00+00:00,41802.2,41835.4,41615.3,41829.9,6703.10497828
2023-12-05 04:00:00+00:00,41829.9,41930.1,41705.8,41912.0,6831.21294369
2023-12-05 06:00:00+00:00,41912.0,41918.1,41388.9,41524.4,24970.68604753
2023-12-05 08:00:00+00:00,41531.2,41723.0,41424.2,41700.5,11077.0726798
2023-12-05 10:00:00+00:00,41698.3,41756.0,41547.4,41727.5,10926.28261048
2023-12-05 12:00:00+00:00,41727.5,42066.1,41691.9,41827.8,17315.71900096
2023-12-05 14:00:00+00:00,41827.9,42500.0,41809.9,42266.8,30823.08903324
2023-12-05 16:00:00+00:00,42262.7,44320.6,42122.2,43398.8,238955.53959767
2023-12-05 18:00:00+00:00,43398.8,44104.4,43314.6,43802.1,765538.93463597
2023-12-05 20:00:00+00:00,43790.7,44231.9,43421.1,43882.0,408309.87750042
2023-12-05 22:00:00+00:00,43901.0,44496.2,43791.9,44070.0,22235.06927066
2023-12-06 00:00:00+00:00,44070.0,44156.6,43755.3,43875.7,19721.17753831
2023-12-06 02:00:00+00:00,43872.4,44095.0,43574.0,43737.0,19390.32688901
2023-12-06 04:00:00+00:00,43736.9,43853.0,43544.0,43675.6,106817.31990851
2023-12-06 06:00:00+00:00,43675.6,43734.7,43400.0,43713.3,33405.86815204
2023-12-06 08:00:00+00:00,43685.1,43994.1,43638.1,43873.9,14197.90692088
2023-12-06 10:00:00+00:00,43873.9,44285.7,43100.9,43838.0,30301.33970397
2023-12-06 12:00:00+00:00,43839.4,44203.0,43347.4,44099.7,15004.86269983
2023-12-06 14:00:00+00:00,44096.0,44278.1,43741.5,43785.8,21952.5097665
2023-12-06 16:00:00+00:00,43778.2,44142.8,43198.2,43957.7,17336.62809
2023-12-06 18:00:00+00:00,43957.1,44117.3,43794.6,43992.2,11747.97796465
2023-12-06 20:00:00+00:00,43992.2,44072.0,43608.3,43821.9,13708.97712044
2023-12-06 22:00:00+00:00,43823.9,43942.0,43600.1,43760.1,9449.03358073
2023-12-07 00:00:00+00:00,43765.9,43950.7,43706.1,43931.6,7766.98830623
2023-12-07 02:00:00+00:00,43931.6,43997.4,43911.1,43930.0,5172.23285881
2023-12-07 04:00:00+00:00,43930.0,44050.0,43884.8,44011.2,4321.7184272
2023-12-07 06:00:00+00:00,44011.2,44049.9,43836.1,43891.9,3509.05045625
2023-12-07 08:00:00+00:00,43892.0,43924.2,42848.0,43358.4,21901.05870653
2023-12-07 10:00:00+00:00,43358.4,43500.0,43037.5,43191.9,10648.11020699
2023-12-07 12:00:00+00:00,43191.9,43502.9,42961.3,43298.6,8771.78516127
2023-12-07 14:00:00+00:00,43298.6,43918.2,43244.4,43654.1,15894.42510672
2023-12-07 16:00:00+00:00,43658.1,43759.9,43229.4,43432.3,13643.47896919
2023-12-07 18:00:00+00:00,43423.9,43466.7,43069.9,43200.4,11195.5095644
2023-12-07 20:00:00+00:00,43202.8,43449.1,43088.6,43384.9,7857.50939262
2023-12-07 22:00:00+00:00,43376.7,43412.3,43130.0,43273.2,5727.66336512
2023-12-08 00:00:00+00:00,43270.0,43413.9,43180.0,43408.4,8015.97243576
2023-12-08 02:00:00+00:00,43404.1,43952.3,43365.1,43365.1,6667.15557021
2023-12-08 04:00:00+00:00,43365.1,43542.9,43352.9,43424.6,4447.11240183
2023-12-08 06:00:00+00:00,43424.6,43493.6,43125.0,43160.5,5386.19507618
2023-12-08 08:00:00+00:00,43160.6,43335.4,43080.0,43139.0,5673.54698571
2023-12-08 10:00:00+00:00,43136.0,43746.4,43088.8,43663.3,7785.81941388
2023-12-08 12:00:00+00:00,43656.5,43801.2,43494.1,43572.1,9147.56048169
2023-12-08 14:00:00+00:00,43570.1,44028.4,43568.4,43757.1,13787.48392293
2023-12-08 16:00:00+00:00,43757.2,43965.8,43643.1,43737.9,8842.67723009
2023-12-08 18:00:00+00:00,43737.9,43972.0,43734.6,43955.6,4524.16197953
2023-12-08 20:00:00+00:00,43960.8,44718.6,43959.6,44537.5,12403.59325479
2023-12-08 22:00:00+00:00,44536.3,44582.2,44124.0,44177.9,5982.95565645
2023-12-09 00:00:00+00:00,44180.0,44286.0,44043.8,44117.8,4391.00207887
2023-12-09 02:00:00+00:00,44123.8,44235.0,44101.9,44142.2,3519.53590936
2023-12-09 04:00:00+00:00,44147.8,44360.8,44147.8,44277.9,4578.35006719
2023-12-09 06:00:00+00:00,44276.1,44336.3,44114.4,44175.2,4455.31921431
2023-12-09 08:00:00+00:00,44175.2,44193.6,43737.8,43836.1,23149.68835025
2023-12-09 10:00:00+00:00,43844.3,43912.9,43751.8,43812.9,3740.49354586
2023-12-09 12:00:00+00:00,43810.7,44050.8,43740.5,44004.4,4748.62525086
2023-12-09 14:00:00+00:00,44004.3,44136.7,43772.0,44048.1,7054.05387822
2023-12-09 16:00:00+00:00,44049.3,44089.8,43892.6,43894.0,6717.62492764
2023-12-09 18:00:00+00:00,43894.1,44012.0,43888.0,43925.0,2091.00111924
2023-12-09 20:00:00+00:00,43922.8,44080.0,43888.0,43970.8,2869.79522514
2023-12-09 22:00:00+00:00,43975.1,44040.8,43604.3,43729.8,4041.69049593
2023-12-10 00:00:00+00:00,43721.1,43866.5,43674.2,43797.6,3646.99323289
2023-12-10 02:00:00+00:00,43797.6,43848.3,43720.1,43846.0,2357.56345908
2023-12-10 04:00:00+00:00,43846.0,43973.3,43797.5,43894.0,2417.7325345
2023-12-10 06:00:00+00:00,43894.0,44002.7,43849.9,43966.1,2456.53712167
2023-12-10 08:00:00+00:00,43966.1,44036.0,43600.0,43610.0,5456.19530679
2023-12-10 10:00:00+00:00,43610.1,43760.0,43610.0,43738.5,4348.53217052
2023-12-10 12:00:00+00:00,43739.8,43909.1,43726.0,43840.1,4571.7465834
2023-12-10 14:00:00+00:00,43840.2,43969.9,43756.2,43904.2,5771.43554525
2023-12-10 16:00:00+00:00,43911.8,43941.1,43732.0,43822.1,1921.73251965
2023-12-10 18:00:00+00:00,43822.1,43914.2,43732.0,43794.1,3211.71542384
2023-12-10 20:00:00+00:00,43794.1,44049.9,43780.2,43803.3,4680.51677479
2023-12-10 22:00:00+00:00,43803.4,43898.9,43600.0,43792.2,3412.37570269
2023-12-11 00:00:00+00:00,43793.7,43814.7,43213.4,43220.0,10777.99400657
2023-12-11 02:00:00+00:00,43220.0,43315.4,39828.6,42303.6,206576.41447227
2023-12-11 04:00:00+00:00,42305.9,42399.9,41651.0,42056.7,16996.32606994
2023-12-11 06:00:00+00:00,42055.6,42317.3,41740.7,42124.0,21337.61068039
2023-12-11 08:00:00+00:00,42128.7,42400.1,41960.0,42316.2,1833.34504758
2023-12-11 10:00:00+00:00,42380.4,42550.0,42165.7,42343.1,10043.57060618
2023-12-11 12:00:00+00:00,42343.1,42389.4,41696.9,42001.8,11526.7942423
2023-12-11 14:00:00+00:00,42002.0,42110.6,41677.7,41801.1,28147.14500695
2023-12-11 16:00:00+00:00,41801.1,41883.9,41294.0,41359.0,25627.26140327
2023-12-11 18:00:00+00:00,41348.5,41408.8,40231.5,40784.4,89354.16122334
2023-12-11 20:00:00+00:00,40782.3,41284.9,40500.0,41196.3,25312.70455004
2023-12-11 22:00:00+00:00,41196.4,41349.8,41134.0,41249.7,10528.18830744
2023-12-12 00:00:00+00:00,41246.9,41865.2,41180.0,41680.0,16359.61458834
2023-12-12 02:00:00+00:00,41685.9,41935.3,41670.5,41737.7,11590.43897328
2023-12-12 04:00:00+00:00,41737.6,41759.9,41381.5,41565.8,8246.55764522
2023-12-12 06:00:00+00:00,41558.8,42065.6,41400.6,41924.0,8692.28680933
2023-12-12 08:00:00+00:00,41919.0,42094.1,41769.5,41803.9,16533.75315017
2023-12-12 10:00:00+00:00,41803.9,41832.6,41554.6,41584.0,8266.6107664
2023-12-12 12:00:00+00:00,41584.1,42040.0,41584.1,41813.8,15473.39787817
2023-12-12 14:00:00+00:00,41812.2,41871.0,41160.0,41354.3,22985.28754851
2023-12-12 16:00:00+00:00,41354.0,41452.9,40700.0,40700.0,17952.8205192
2023-12-12 18:00:00+00:00,40701.6,41412.0,40685.8,41140.8,13136.38842284
2023-12-12 20:00:00+00:00,41140.8,41380.0,41005.5,41102.4,7344.54446922
2023-12-12 22:00:00+00:00,41103.7,41550.7,41026.6,41488.0,6140.1135385
2023-12-13 00:00:00+00:00,41490.4,41501.7,40900.5,41033.2,10007.20767146
2023-12-13 02:00:00+00:00,41028.8,41160.0,40636.3,40830.2,25302.9187061
2023-12-13 04:00:00+00:00,40836.7,41029.0,40500.5,41026.1,10252.07019726
2023-12-13 06:00:00+00:00,41028.7,41245.2,40542.1,41108.0,13626.60721204
2023-12-13 08:00:00+00:00,41121.0,41284.4,41045.4,41219.2,6193.00247426
2023-12-13 10:00:00+00:00,41219.2,41255.0,40962.7,41009.6,6783.64497008
2023-12-13 12:00:00+00:00,41009.7,41484.5,40960.0,41461.0,10479.92936647
2023-12-13 14:00:00+00:00,41461.7,41952.2,41200.0,41933.5,14650.03045637
2023-12-13 16:00:00+00:00,41935.5,42214.1,41720.4,42123.9,15009.50086133
2023-12-13 18:00:00+00:00,42123.6,42988.5,41985.9,42734.0,19002.88880828
2023-12-13 20:00:00+00:00,42734.3,43180.0,42579.9,42992.0,14219.27215343
2023-12-13 22:00:00+00:00,42992.0,43478.0,42841.0,42869.9,13494.36068912
2023-12-14 00:00:00+00:00,42869.6,42941.1,42608.6,42848.0,8797.20773635
2023-12-14 02:00:00+00:00,42846.0,42880.0,42666.4,42717.6,7785.77157472
2023-12-14 04:00:00+00:00,42718.5,42821.6,42684.1,42812.0,4643.31169197
2023-12-14 06:00:00+00:00,42812.0,43110.0,42751.1,42900.0,8319.74233882
2023-12-14 08:00:00+00:00,42900.1,42996.3,42697.0,42893.4,6901.86441561
2023-12-14 10:00:00+00:00,42893.6,43299.5,42787.6,43263.3,9600.61482383
2023-12-14 12:00:00+00:00,43265.5,43357.4,41294.1,42566.1,95556.93186649
2023-12-14 14:00:00+00:00,42561.3,42765.9,42217.0,42450.0,23086.30472568
2023-12-14 16:00:00+00:00,42449.0,43406.0,42444.0,43210.0,21036.72520901
2023-12-14 18:00:00+00:00,43210.0,43218.8,42811.6,43100.1,12915.77117797
2023-12-14 20:00:00+00:00,43100.1,43116.6,42856.3,42984.3,6832.68151748
2023-12-14 22:00:00+00:00,42984.2,43180.5,42922.1,43025.3,7595.56831629
2023-12-15 00:00:00+00:00,43025.6,43093.2,42871.9,42972.1,9713.06397176
2023-12-15 02:00:00+00:00,42974.5,43003.6,42535.0,42792.6,9328.85630074
2023-12-15 04:00:00+00:00,42792.6,42913.2,42559.0,42592.2,7977.52185019
2023-12-15 06:00:00+00:00,42592.2,42714.0,42533.5,42708.2,4456.76376309
2023-12-15 08:00:00+00:00,42708.0,43028.5,42634.3,42841.4,9984.02164714
2023-12-15 10:00:00+00:00,42844.2,42909.0,42600.0,42780.1,6389.2697853
2023-12-15 12:00:00+00:00,42780.1,42789.1,42220.1,42289.9,15587.36076586
2023-12-15 14:00:00+00:00,42292.2,42360.2,41443.7,41901.2,17611.57352051
2023-12-15 16:00:00+00:00,41901.4,42101.6,41704.4,41855.1,13860.35455315
2023-12-15 18:00:00+00:00,41855.2,42191.7,41830.3,42093.0,8864.49135403
2023-12-15 20:00:00+00:00,42096.6,42268.1,42074.8,42235.2,8065.16298449
2023-12-15 22:00:00+00:00,42237.8,42247.2,41898.3,41936.8,9206.58651038
2023-12-16 00:00:00+00:00,41939.1,42150.7,41627.6,42063.0,11050.22175118
2023-12-16 02:00:00+00:00,42066.0,42405.0,41937.5,42334.1,6282.70749868
2023-12-16 04:00:00+00:00,42334.3,42405.1,42202.5,42269.6,4479.42647785
2023-12-16 06:00:00+00:00,42269.6,42318.5,42138.0,42224.3,4353.59264783
2023-12-16 08:00:00+00:00,42224.3,42281.1,41999.9,42212.0,4887.59420117
2023-12-16 10:00:00+00:00,42212.1,42336.0,42191.8,42325.1,2994.08591661
2023-12-16 12:00:00+00:00,42325.3,42546.7,42240.0,42398.2,10464.40114442
2023-12-16 14:00:00+00:00,42400.1,42606.0,42304.3,42588.1,6747.28002161
2023-12-16 16:00:00+00:00,42588.1,42714.2,42469.7,42509.8,12382.04286677
2023-12-16 18:00:00+00:00,42514.7,42520.0,42330.0,42351.7,8557.7436253
2023-12-16 20:00:00+00:00,42351.7,42410.0,42250.1,42294.4,5606.97122309
2023-12-16 22:00:00+00:00,42293.4,42338.7,42160.4,42273.0,5171.06462261
2023-12-17 00:00:00+00:00,42272.9,42301.7,41883.9,42005.2,8317.33743991
2023-12-17 02:00:00+00:00,42008.1,42142.4,41843.2,41932.0,10262.63351181
2023-12-17 04:00:00+00:00,41931.4,42061.6,41775.9,41902.1,6351.80970778
2023-12-17 06:00:00+00:00,41902.1,42046.3,41764.7,41893.3,7611.82919624
2023-12-17 08:00:00+00:00,41886.7,41993.7,41669.9,41980.7,8754.950864
2023-12-17 10:00:00+00:00,41984.8,42020.6,41850.2,41959.6,6066.28305915
2023-12-17 12:00:00+00:00,41958.3,42010.8,41781.2,41857.9,7232.223821
2023-12-17 14:00:00+00:00,41857.8,42078.8,41534.4,41809.9,14542.6792489
2023-12-17 16:00:00+00:00,41809.8,42428.3,41687.5,42091.8,17036.63628641
2023-12-17 18:00:00+00:00,42090.3,42234.1,41800.7,42107.3,14043.99253512
2023-12-17 20:00:00+00:00,42107.3,42200.1,41910.3,41942.1,7761.64818796
2023-12-17 22:00:00+00:00,41937.0,41956.5,41264.2,41376.2,11917.57529678
2023-12-18 00:00:00+00:00,41377.9,41461.9,40898.4,40978.8,18579.38613502
2023-12-18 02:00:00+00:00,40978.0,41125.0,40800.0,41083.2,18733.98315862
2023-12-18 04:00:00+00:00,41087.5,41195.5,41002.0,41002.0,7364.4718942
2023-12-18 06:00:00+00:00,41007.8,41312.1,41000.0,41126.8,11190.32534895
2023-12-18 08:00:00+00:00,41127.9,41266.2,40588.2,41050.6,12963.11046212
2023-12-18 10:00:00+00:00,41050.5,41187.9,40547.9,41107.1,21698.64901443
2023-12-18 12:00:00+00:00,41107.1,41417.0,40891.1,41351.4,11507.40338526
2023-12-18 14:00:00+00:00,41350.1,41749.7,41252.3,41266.0,17134.95427445
2023-12-18 16:00:00+00:00,41265.1,41646.6,41151.0,41389.1,11591.81320607
2023-12-18 18:00:00+00:00,41388.1,41736.2,41339.8,41706.9,7707.38973841
2023-12-18 20:00:00+00:00,41702.3,42759.1,41590.9,42622.0,15213.52080765
2023-12-18 22:00:00+00:00,42621.9,42720.0,42433.3,42652.6,8879.34133155
2023-12-19 00:00:00+00:00,42652.3,43378.4,42575.8,43310.7,15188.85335002
2023-12-19 02:00:00+00:00,43316.1,43480.2,42995.1,43078.0,10503.91041152
2023-12-19 04:00:00+00:00,43076.6,43129.9,42847.0,42960.0,6618.07069803
2023-12-19 06:00:00+00:00,42960.0,43018.7,42818.0,42977.9,5549.38508475
2023-12-19 08:00:00+00:00,42978.0,43200.0,42941.1,43037.9,6150.59515126
2023-12-19 10:00:00+00:00,43037.5,43325.0,42941.1,42977.5,9498.01902854
2023-12-19 12:00:00+00:00,42979.4,43041.0,42857.5,42866.2,8106.45387671
2023-12-19 14:00:00+00:00,42858.3,42927.9,42235.2,42485.9,18122.94623917
2023-12-19 16:00:00+00:00,42483.0,42653.2,41800.0,41847.8,19079.17384285
2023-12-19 18:00:00+00:00,41847.0,42480.2,41819.1,42339.2,12143.36011536
2023-12-19 20:00:00+00:00,42341.5,42524.1,42125.0,42521.0,9647.19853836
2023-12-19 22:00:00+00:00,42523.2,42527.1,42208.0,42268.5,5870.97981648
2023-12-20 00:00:00+00:00,42279.1,42498.0,42238.7,42312.3,8577.31163309
2023-12-20 02:00:00+00:00,42310.3,42476.5,42205.9,42426.2,6961.14817791
2023-12-20 04:00:00+00:00,42425.4,42855.5,42377.6,42714.0,8715.77260556
2023-12-20 06:00:00+00:00,42713.9,43021.3,42634.0,42920.0,3441.56478896
2023-12-20 08:00:00+00:00,42918.1,42999.7,42723.0,42792.0,1992.05640838
2023-12-20 10:00:00+00:00,42793.4,42988.9,42647.0,42862.1,13566.28805359
2023-12-20 12:00:00+00:00,42867.7,43787.4,42761.0,43777.8,18177.81197296
2023-12-20 14:00:00+00:00,43777.8,44291.9,43613.2,44036.5,25015.47359638
2023-12-20 16:00:00+00:00,44037.4,44134.0,43492.1,44004.1,22130.10488869
2023-12-20 18:00:00+00:00,44004.1,44256.0,43742.8,43742.8,17948.53833817
2023-12-20 20:00:00+00:00,43742.3,43844.8,43232.5,43463.8,19515.73404088
2023-12-20 22:00:00+00:00,43463.9,43740.6,43424.0,43669.5,8130.02574611
2023-12-21 00:00:00+00:00,43670.1,43733.3,43356.0,43463.6,12386.09557037
2023-12-21 02:00:00+00:00,43463.7,43690.0,43300.0,43648.1,11060.3329093
2023-12-21 04:00:00+00:00,43649.9,43702.0,43457.1,43510.2,7178.93653246
2023-12-21 06:00:00+00:00,43506.2,43879.1,43456.5,43763.0,7948.2711929
2023-12-21 08:00:00+00:00,43761.0,43945.5,43579.1,43750.0,10749.63722628
2023-12-21 10:00:00+00:00,43752.3,44102.0,43749.4,43932.2,15309.09867903
2023-12-21 12:00:00+00:00,43931.7,44500.0,43929.5,44151.5,15040.80812095
2023-12-21 14:00:00+00:00,44151.5,44215.6,43398.3,43822.0,22516.87962013
2023-12-21 16:00:00+00:00,43822.4,43919.9,43371.7,43446.2,17072.77762927
2023-12-21 18:00:00+00:00,43454.0,43864.0,43409.7,43596.1,15470.44023851
2023-12-21 20:00:00+00:00,43596.1,44117.9,43563.8,43991.6,14962.31593505
2023-12-21 22:00:00+00:00,43991.6,44024.2,43796.1,43859.8,9184.77218207
2023-12-22 00:00:00+00:00,43859.9,44253.9,43752.0,44115.4,11546.63687835
2023-12-22 02:00:00+00:00,44116.9,44190.6,43896.1,44006.7,12480.27939539
2023-12-22 04:00:00+00:00,44006.8,44233.3,43928.0,44140.2,9388.21372362
2023-12-22 06:00:00+00:00,44135.9,44400.0,43529.9,43579.9,22703.4688703
2023-12-22 08:00:00+00:00,43580.0,43796.6,43463.9,43744.2,14698.51143518
2023-12-22 10:00:00+00:00,43748.5,43825.4,43631.5,43752.6,9402.45600721
2023-12-22 12:00:00+00:00,43752.6,43828.1,43507.1,43696.0,10078.40911727
2023-12-22 14:00:00+00:00,43695.6,43749.8,43415.0,43671.4,17112.79366182
2023-12-22 16:00:00+00:00,43671.4,43740.0,43478.6,43689.6,9789.0284558
2023-12-22 18:00:00+00:00,43689.5,43995.8,43623.8,43646.1,11150.73426359
2023-12-22 20:00:00+00:00,43646.1,43777.9,43600.0,43706.3,6556.66671326
2023-12-22 22:00:00+00:00,43706.4,44049.6,43664.1,43970.8,6790.66109334
2023-12-23 00:00:00+00:00,43970.8,44000.0,43634.1,43636.6,9956.10255078
2023-12-23 02:00:00+00:00,43636.1,43683.2,43458.7,43523.8,11034.46836202
2023-12-23 04:00:00+00:00,43521.7,43616.5,43294.4,43607.8,9521.02617606
2023-12-23 06:00:00+00:00,43610.5,43649.0,43397.2,43556.7,4651.75933471
2023-12-23 08:00:00+00:00,43556.8,43666.5,43524.0,43625.1,4728.69861385
2023-12-23 10:00:00+00:00,43625.4,43647.4,43490.1,43550.4,4805.15035972
2023-12-23 12:00:00+00:00,43550.4,43771.9,43546.1,43711.9,6195.34433534
2023-12-23 14:00:00+00:00,43711.9,43856.0,43670.2,43754.5,6856.32760035
2023-12-23 16:00:00+00:00,43757.5,43852.5,43706.1,43747.8,5949.67563624
2023-12-23 18:00:00+00:00,43747.8,43852.0,43692.9,43701.9,6657.2345025
2023-12-23 20:00:00+00:00,43700.5,43787.7,43638.0,43777.9,5317.20962886
2023-12-23 22:00:00+00:00,43778.0,43834.0,43701.8,43703.9,5335.61691996
2023-12-24 00:00:00+00:00,43703.9,43906.2,43610.2,43783.3,8570.59102442
2023-12-24 02:00:00+00:00,43780.8,43903.7,43776.4,43832.8,6261.33251474
2023-12-24 04:00:00+00:00,43833.1,43944.3,43433.7,43500.0,10283.71272213
2023-12-24 06:00:00+00:00,43501.0,43665.4,43440.2,43650.0,6954.01951525
2023-12-24 08:00:00+00:00,43650.1,43698.0,43567.0,43684.2,3871.88125337
2023-12-24 10:00:00+00:00,43684.7,43698.0,43405.2,43634.0,7193.85764496
2023-12-24 12:00:00+00:00,43636.1,43777.0,43514.8,43766.3,4156.5560293
2023-12-24 14:00:00+00:00,43766.3,43871.9,43672.9,43681.6,9832.57526555
2023-12-24 16:00:00+00:00,43685.3,43717.8,43548.0,43629.9,5867.15005989
2023-12-24 18:00:00+00:00,43629.9,43712.8,43560.7,43619.3,2929.67158684
2023-12-24 20:00:00+00:00,43619.4,43623.9,43437.6,43491.8,6105.40156974
2023-12-24 22:00:00+00:00,43494.1,43558.8,42602.4,42988.9,16919.67846521
2023-12-25 00:00:00+00:00,42986.0,43100.0,42737.5,43048.5,13103.09647724
2023-12-25 02:00:00+00:00,43041.2,43155.1,42868.4,43150.5,7337.1582306
2023-12-25 04:00:00+00:00,43150.6,43236.0,43076.0,43236.0,3785.95098628
2023-12-25 06:00:00+00:00,43236.0,43337.1,43153.6,43211.2,5847.44788574
2023-12-25 08:00:00+00:00,43214.4,43299.0,43059.8,43153.1,5182.45362886
2023-12-25 10:00:00+00:00,43153.2,43253.7,43081.8,43171.9,5439.08319754
2023-12-25 12:00:00+00:00,43172.0,43800.0,43090.9,43668.0,12872.64376503
2023-12-25 14:00:00+00:00,43669.0,43770.4,43432.6,43616.8,9740.41309045
2023-12-25 16:00:00+00:00,43616.8,43706.0,43428.0,43549.8,9468.27415506
2023-12-25 18:00:00+00:00,43549.0,43649.0,43345.0,43469.7,7265.90783531
2023-12-25 20:00:00+00:00,43469.8,43529.8,43325.0,43518.1,7747.78825486
2023-12-25 22:00:00+00:00,43516.1,43718.5,43424.8,43569.2,5936.71839798
2023-12-26 00:00:00+00:00,43569.1,43706.6,43389.0,43498.2,5359.72934492
2023-12-26 02:00:00+00:00,43498.1,43557.2,43365.7,43444.9,5570.68135672
2023-12-26 04:00:00+00:00,43444.9,43476.0,42671.7,42773.9,12354.67416473
2023-12-26 06:00:00+00:00,42773.7,42840.0,42550.0,42766.4,11192.15307873
2023-12-26 08:00:00+00:00,42766.7,42797.4,42158.0,42408.2,11346.37664591
2023-12-26 10:00:00+00:00,42413.9,42744.7,42359.9,42682.1,11178.57995191
2023-12-26 12:00:00+00:00,42677.9,42786.0,42625.1,42723.9,5609.05593012
2023-12-26 14:00:00+00:00,42723.9,42818.0,42266.6,42392.3,12732.87538722
2023-12-26 16:00:00+00:00,42392.1,42434.0,41644.6,42010.1,22701.45984897
2023-12-26 18:00:00+00:00,42007.0,42304.3,41831.6,42104.5,16041.1903997
2023-12-26 20:00:00+00:00,42104.6,42343.0,42040.0,42342.1,7862.90379928
2023-12-26 22:00:00+00:00,42338.3,42590.0,42308.3,42517.4,6088.34483064
2023-12-27 00:00:00+00:00,42513.3,42549.7,42250.1,42457.7,7038.94051525
2023-12-27 02:00:00+00:00,42460.4,42535.0,42110.8,42231.9,9914.74650603
2023-12-27 04:00:00+00:00,42229.9,42458.0,42185.6,42450.2,6508.42894834
2023-12-27 06:00:00+00:00,42450.2,42554.4,42398.4,42471.1,4425.46053191
2023-12-27 08:00:00+00:00,42471.1,42850.0,42400.0,42649.8,2329.85452965
2023-12-27 10:00:00+00:00,42654.2,43220.2,42399.9,42993.2,6109.03737523
2023-12-27 12:00:00+00:00,43021.7,43066.6,42718.3,42850.2,5914.80764275
2023-12-27 14:00:00+00:00,42850.2,42850.2,42850.2,42850.2,0.0
2023-12-27 16:00:00+00:00,42875.0,43190.0,42867.9,43026.0,13636.19392827
2023-12-27 18:00:00+00:00,43023.3,43219.7,42930.5,43151.8,6001.69368949
2023-12-27 20:00:00+00:00,43156.3,43542.0,43073.3,43367.1,9797.01607999
2023-12-27 22:00:00+00:00,43367.7,43678.0,43294.1,43439.4,6891.27617472
2023-12-28 00:00:00+00:00,43448.2,43788.0,43377.3,43426.9,13701.2006664
2023-12-28 02:00:00+00:00,43429.2,43465.9,43178.0,43250.0,6065.92491437
2023-12-28 04:00:00+00:00,43250.0,43578.7,42532.6,43220.3,5022.55371792
2023-12-28 06:00:00+00:00,43201.8,43557.2,42532.6,43047.7,5384.25635346
2023-12-28 08:00:00+00:00,43048.2,43095.4,42826.0,43038.9,5353.98549986
2023-12-28 10:00:00+00:00,43038.6,43192.1,43012.7,43065.3,2887.75174415
2023-12-28 12:00:00+00:00,43058.9,43131.4,42591.8,42792.0,9259.92496424
2023-12-28 14:00:00+00:00,42796.0,42827.9,42400.3,42446.1,13936.96288273
2023-12-28 16:00:00+00:00,42445.3,42641.5,42284.6,42541.5,10008.83374497
2023-12-28 18:00:00+00:00,42540.2,42713.6,42263.8,42606.1,7420.17241065
2023-12-28 20:00:00+00:00,42605.0,42618.5,42337.6,42458.8,7305.40338744
2023-12-28 22:00:00+00:00,42453.0,42741.7,42381.5,42562.6,5139.69172305
2023-12-29 00:00:00+00:00,42562.6,42691.4,42113.9,42324.2,24779.8096887
2023-12-29 02:00:00+00:00,42331.7,42779.7,42223.4,42696.2,8028.75207602
2023-12-29 04:00:00+00:00,42696.4,42773.8,42503.9,42682.5,4447.61099554
2023-12-29 06:00:00+00:00,42682.1,42694.0,42124.0,42257.3,5702.49861987
2023-12-29 08:00:00+00:00,42263.9,42684.4,42206.0,42656.2,4373.50785143
2023-12-29 10:00:00+00:00,42656.1,42928.0,42621.4,42862.7,5579.38489272
2023-12-29 12:00:00+00:00,42862.7,42931.3,42707.0,42821.9,5733.35286231
2023-12-29 14:00:00+00:00,42823.8,43118.0,42139.9,42259.3,12313.23786394
2023-12-29 16:00:00+00:00,42265.6,42354.9,41664.9,41810.0,17791.52044684
2023-12-29 18:00:00+00:00,41803.6,42155.9,41733.5,42114.9,6194.15313492
2023-12-29 20:00:00+00:00,42114.4,42231.2,41881.3,41942.0,7521.90330588
2023-12-29 22:00:00+00:00,41936.3,42093.3,41274.2,42071.4,6967.33267361
2023-12-30 00:00:00+00:00,42064.1,42208.7,42015.6,42166.2,4422.88343828
2023-12-30 02:00:00+00:00,42166.2,42189.6,41819.3,41975.6,3809.9086987
2023-12-30 04:00:00+00:00,41975.7,42128.1,41913.3,42105.7,4107.03147012
2023-12-30 06:00:00+00:00,42105.8,42156.2,41926.9,41950.0,3013.00452975
2023-12-30 08:00:00+00:00,41952.8,42005.0,41522.0,41688.6,7969.62324309
2023-12-30 10:00:00+00:00,41687.6,41961.5,41669.1,41893.2,3120.36431836
2023-12-30 12:00:00+00:00,41893.2,42102.0,41880.1,42031.4,3197.41327336
2023-12-30 14:00:00+00:00,42031.5,42430.0,42031.4,42374.2,6795.2400964
2023-12-30 16:00:00+00:00,42374.7,42610.2,42251.6,42486.1,8061.62096879
2023-12-30 18:00:00+00:00,42486.0,42518.0,42337.1,42362.3,4386.45299041
2023-12-30 20:00:00+00:00,42362.2,42403.5,42205.1,42307.0,3211.8266393
2023-12-30 22:00:00+00:00,42307.0,42349.6,42086.1,42147.5,2905.22441783
2023-12-31 00:00:00+00:00,42147.5,42432.1,42139.3,42169.0,3931.94869738
2023-12-31 02:00:00+00:00,42172.0,42237.5,41985.4,42174.0,3732.88436699
2023-12-31 04:00:00+00:00,42174.0,42318.6,42153.0,42198.3,3442.70164323
2023-12-31 06:00:00+00:00,42198.3,42678.4,42195.0,42539.5,4509.89255271
2023-12-31 08:00:00+00:00,42539.6,42887.9,42369.5,42740.0,6645.29570358
2023-12-31 10:00:00+00:00,42740.0,42779.8,42502.9,42521.9,4124.827453
2023-12-31 12:00:00+00:00,42522.0,42647.0,42350.0,42456.2,6665.16039408
2023-12-31 14:00:00+00:00,42456.9,42593.2,42358.7,42457.5,4613.5164151
2023-12-31 16:00:00+00:00,42457.6,42700.6,42430.2,42610.2,5242.67908518
2023-12-31 18:00:00+00:00,42610.4,42719.9,42400.0,42611.1,4670.95873442
2023-12-31 20:00:00+00:00,42615.9,42677.2,42500.0,42514.5,3765.91211052
2023-12-31 22:00:00+00:00,42514.5,42590.0,42076.1,42277.9,6113.22996606
2024-01-01 00:00:00+00:00,42284.0,42772.9,42267.6,42614.0,4891.26678867
2024-01-01 02:00:00+00:00,42614.0,42643.9,42237.7,42329.1,4850.44709541
2024-01-01 04:00:00+00:00,42335.6,42402.3,42194.1,42241.0,5671.35606765
2024-01-01 06:00:00+00:00,42239.6,42504.4,42206.3,42485.6,3789.58076941
2024-01-01 08:00:00+00:00,42495.3,42694.9,42456.0,42655.0,3773.14553127
2024-01-01 10:00:00+00:00,42650.1,42760.1,42602.1,42689.5,3319.04325078
2024-01-01 12:00:00+00:00,42694.7,42773.9,42616.0,42725.6,2771.18473455
2024-01-01 14:00:00+00:00,42724.5,42848.0,41575.6,42772.9,4558.53711441
2024-01-01 16:00:00+00:00,42781.4,42850.0,42662.9,42813.4,5314.46880804
2024-01-01 18:00:00+00:00,42813.5,43551.3,42763.2,43508.0,8429.73052699
2024-01-01 20:00:00+00:00,43518.7,43840.1,43485.7,43612.1,6393.5473022
2024-01-01 22:00:00+00:00,43625.8,44197.9,43378.4,44188.0,6189.38615403
2024-01-02 00:00:00+00:00,44188.1,45387.5,44153.9,44864.2,17307.89408841
2024-01-02 02:00:00+00:00,44864.6,45483.9,44864.5,45394.0,8135.22820687
2024-01-02 04:00:00+00:00,45407.9,45454.5,44975.1,45193.1,7007.85610658
2024-01-02 06:00:00+00:00,45175.3,45675.5,45125.3,45456.1,6507.07036204
2024-01-02 08:00:00+00:00,45458.0,45876.6,45332.0,45672.9,10986.88943444
2024-01-02 10:00:00+00:00,45674.1,45714.2,44975.1,45432.9,7413.63157981
2024-01-02 12:00:00+00:00,45433.3,45699.9,45270.0,45628.7,8761.24107367
2024-01-02 14:00:00+00:00,45633.8,45799.9,44832.2,45176.2,18348.49025204
2024-01-02 16:00:00+00:00,45184.0,45400.0,44884.0,44967.3,11818.35750453
2024-01-02 18:00:00+00:00,44964.6,45423.6,44793.1,45039.0,8511.22964701
2024-01-02 20:00:00+00:00,45035.9,45174.0,44633.9,45119.4,11274.58501507
2024-01-02 22:00:00+00:00,45119.7,45282.0,44800.2,44948.4,5584.87993543
2024-01-03 00:00:00+00:00,44954.7,45331.3,44861.9,45317.3,6711.14553918
2024-01-03 02:00:00+00:00,45314.5,45413.8,45057.2,45262.3,4465.59471512
2024-01-03 04:00:00+00:00,45262.4,45380.0,45118.3,45175.4,3591.81934568
2024-01-03 06:00:00+00:00,45170.1,45380.0,44940.0,45015.9,4762.94513037
2024-01-03 08:00:00+00:00,45010.1,45508.0,44839.2,45346.1,5033.92003954
2024-01-03 10:00:00+00:00,45346.1,45390.0,43512.5,43698.0,14683.70184149
2024-01-03 12:00:00+00:00,43696.4,43755.6,40281.0,42510.0,41269.33625499
2024-01-03 14:00:00+00:00,42511.0,42995.0,42000.0,42962.0,23563.66586795
2024-01-03 16:00:00+00:00,42983.9,43560.8,42617.0,42907.7,23941.06062774
2024-01-03 18:00:00+00:00,42906.0,43049.0,41795.2,42592.1,24104.15128591
2024-01-03 20:00:00+00:00,42591.2,42962.8,42523.6,42911.7,10202.49388791
2024-01-03 22:00:00+00:00,42922.0,42941.1,42591.3,42845.7,8171.98403595
2024-01-04 00:00:00+00:00,42839.5,42982.1,42616.5,42707.4,10110.09344053
2024-01-04 02:00:00+00:00,42705.9,43217.5,42684.2,43108.1,8152.49547856
2024-01-04 04:00:00+00:00,43108.1,43272.5,42968.0,43181.9,6656.03417019
2024-01-04 06:00:00+00:00,43182.0,43262.3,42761.0,42761.0,9424.94689223
2024-01-04 08:00:00+00:00,42762.0,43078.2,42728.0,43010.0,12191.85214994
2024-01-04 10:00:00+00:00,43017.1,43237.9,42666.1,43178.2,14248.17317688
2024-01-04 12:00:00+00:00,43180.0,43484.6,43095.4,43346.4,14942.26283644
2024-01-04 14:00:00+00:00,43346.0,44334.0,43256.9,44046.0,20813.49408629
2024-01-04 16:00:00+00:00,44058.0,44223.9,43788.2,43990.4,17572.57330616
2024-01-04 18:00:00+00:00,43989.1,44435.9,43720.0,43964.0,12985.7604264
2024-01-04 20:00:00+00:00,43956.1,44771.8,43900.9,44390.0,19593.35137597
2024-01-04 22:00:00+00:00,44436.0,44733.4,44073.9,44153.7,12925.66409529
2024-01-05 00:00:00+00:00,44153.7,44281.2,42438.5,43379.9,20596.23702909
2024-01-05 02:00:00+00:00,43383.8,43946.0,43200.0,43459.8,19688.56990318
2024-01-05 04:00:00+00:00,43464.4,43725.0,43244.0,43654.0,17031.57329295
2024-01-05 06:00:00+00:00,43650.5,43926.8,43578.0,43773.2,16006.16605203
2024-01-05 08:00:00+00:00,43772.5,44340.1,43744.9,44145.0,16360.40050905
2024-01-05 10:00:00+00:00,44145.2,44156.0,43501.9,43766.5,17109.61281318
2024-01-05 12:00:00+00:00,43770.6,44109.0,43649.0,43990.3,19353.31949562
2024-01-05 14:00:00+00:00,43984.6,44062.6,43190.2,43501.8,23532.81806409
2024-01-05 16:00:00+00:00,43496.0,43622.6,43108.5,43608.7,22138.53404391
2024-01-05 18:00:00+00:00,43617.1,43804.4,43413.7,43600.9,12643.7820985
2024-01-05 20:00:00+00:00,43600.9,44292.8,43597.6,43930.2,16567.70199229
2024-01-05 22:00:00+00:00,43933.0,44311.4,43770.0,44145.1,12272.5669087
2024-01-06 00:00:00+00:00,44146.4,44208.0,43900.0,43975.1,11556.28463469
2024-01-06 02:00:00+00:00,43975.1,44019.1,43818.4,43930.4,7484.80444265
2024-01-06 04:00:00+00:00,43930.5,43969.9,43593.8,43700.2,9412.78615203
2024-01-06 06:00:00+00:00,43692.2,43696.0,43397.2,43648.7,14390.42444502
2024-01-06 08:00:00+00:00,43645.9,43754.4,43545.5,43650.5,8572.90418696
2024-01-06 10:00:00+00:00,43650.5,43764.2,43584.1,43670.1,6630.83345778
2024-01-06 12:00:00+00:00,43670.1,43749.4,43545.2,43701.7,7366.30837495
2024-01-06 14:00:00+00:00,43701.6,43913.8,43700.0,43865.0,10545.41548039
2024-01-06 16:00:00+00:00,43865.0,44000.8,43827.0,43959.7,7049.17836539
2024-01-06 18:00:00+00:00,43963.1,44140.3,43833.2,43909.5,9670.50557921
2024-01-06 20:00:00+00:00,43906.1,43963.7,43686.0,43889.9,8742.00717356
2024-01-06 22:00:00+00:00,43889.1,43980.8,43733.0,43977.6,7087.22915281
2024-01-07 00:00:00+00:00,43968.2,44257.6,43800.0,43977.2,9691.60332302
2024-01-07 02:00:00+00:00,43971.5,44091.9,43842.4,43943.0,7189.80444169
2024-01-07 04:00:00+00:00,43943.0,44079.5,43844.8,43887.6,5327.3217086
2024-01-07 06:00:00+00:00,43890.0,44095.9,43860.1,44086.9,6985.23066004
2024-01-07 08:00:00+00:00,44087.0,44172.1,43881.9,43936.1,9667.97237435
2024-01-07 10:00:00+00:00,43936.1,44123.8,43910.2,44067.8,6607.07487227
2024-01-07 12:00:00+00:00,44067.7,44447.2,43973.3,44399.9,8713.48145981
2024-01-07 14:00:00+00:00,44400.0,44479.6,43941.3,44034.3,13777.49702094
2024-01-07 16:00:00+00:00,44048.1,44182.8,43666.6,44066.8,14209.09962178
2024-01-07 18:00:00+00:00,44066.7,44259.5,44034.1,44239.9,6774.36702009
2024-01-07 20:00:00+00:00,44247.0,44267.8,44114.2,44230.0,5493.01311416
2024-01-07 22:00:00+00:00,44228.1,44228.1,43608.0,43922.0,17465.83854093
2024-01-08 00:00:00+00:00,43920.5,43992.2,43605.5,43715.9,17463.73753858
2024-01-08 02:00:00+00:00,43715.9,43801.1,43188.4,43521.8,20115.37342353
2024-01-08 04:00:00+00:00,43518.7,43647.5,43422.0,43639.9,12278.23081265
2024-01-08 06:00:00+00:00,43642.2,44335.3,43598.1,43974.3,15375.29068133
2024-01-08 08:00:00+00:00,43974.3,44076.6,43638.7,43723.4,10636.29993713
2024-01-08 10:00:00+00:00,43723.3,44698.0,43688.1,44627.8,15145.54559937
2024-01-08 12:00:00+00:00,44628.0,45182.4,44416.0,44912.8,26826.76082265
2024-01-08 14:00:00+00:00,44918.0,45379.3,44673.8,44956.0,19430.90269293
2024-01-08 16:00:00+00:00,44958.2,45666.6,44794.8,45662.0,19635.86740751
2024-01-08 18:00:00+00:00,45664.0,47279.5,45648.0,46980.4,34951.25024321
2024-01-08 20:00:00+00:00,46985.3,47202.2,46662.1,47078.1,17411.54271546
2024-01-08 22:00:00+00:00,47078.1,47129.0,46822.0,46952.0,10774.96406725
2024-01-09 00:00:00+00:00,46953.0,47142.7,46266.5,46559.9,19034.05480384
2024-01-09 02:00:00+00:00,46558.1,46970.1,46488.0,46919.0,17025.37329255
2024-01-09 04:00:00+00:00,46925.9,46964.2,46480.5,46718.0,17256.06326484
2024-01-09 06:00:00+00:00,46723.2,46927.8,46671.9,46826.2,16689.00520812
2024-01-09 08:00:00+00:00,46826.2,46880.0,46437.8,46488.0,12049.62883073
2024-01-09 10:00:00+00:00,46488.0,46681.4,46400.0,46614.0,10574.20537883
2024-01-09 12:00:00+00:00,46614.1,47031.8,45525.6,46840.0,27587.22456443
2024-01-09 14:00:00+00:00,46838.5,47002.0,46435.6,46872.0,21604.70878837
2024-01-09 16:00:00+00:00,46865.5,46974.0,46639.1,46718.9,14215.19107033
2024-01-09 18:00:00+00:00,46723.6,46890.1,46504.7,46878.0,11934.37626259
2024-01-09 20:00:00+00:00,46878.0,47995.0,44895.4,45422.0,35167.14132649
2024-01-09 22:00:00+00:00,45426.1,46265.5,45305.7,46113.8,19748.81209544
2024-01-10 00:00:00+00:00,46112.2,46235.7,45623.2,45925.8,16896.6527963
2024-01-10 02:00:00+00:00,45922.3,46208.9,45872.6,46119.9,9823.27556497
2024-01-10 04:00:00+00:00,46120.0,46180.9,45896.3,45976.0,11083.47186341
2024-01-10 06:00:00+00:00,45978.0,46058.9,45735.9,45760.0,9187.24944344
2024-01-10 08:00:00+00:00,45760.1,45856.6,45324.1,45663.3,13222.02924654
2024-01-10 10:00:00+00:00,45664.0,45731.3,44975.7,45510.0,11487.84280457
2024-01-10 12:00:00+00:00,45508.1,45651.1,44322.0,45113.8,31511.60239055
2024-01-10 14:00:00+00:00,45108.2,45601.0,44803.8,45560.1,26371.40049608
2024-01-10 16:00:00+00:00,45559.6,46438.3,45197.1,46392.1,19712.88776019
2024-01-10 18:00:00+00:00,46392.1,46694.2,45979.3,46490.8,27592.5061753
2024-01-10 20:00:00+00:00,46490.8,46502.0,44875.6,45904.0,46343.20658482
2024-01-10 22:00:00+00:00,45940.8,47700.0,45758.9,46643.9,32367.3438447
2024-01-11 00:00:00+00:00,46650.7,46749.9,46200.0,46500.0,21336.11005334
2024-01-11 02:00:00+00:00,46500.9,46656.5,46212.0,46497.6,4151.84849665
2024-01-11 04:00:00+00:00,46495.4,46523.8,45905.3,46067.8,11190.57426215
2024-01-11 06:00:00+00:00,46067.9,46089.2,45473.3,45640.2,5467.66289452
2024-01-11 08:00:00+00:00,45640.2,46249.9,45409.2,46212.5,382.28018033
2024-01-11 10:00:00+00:00,46212.6,47142.6,46201.5,47052.4,17109.56076115
2024-01-11 12:00:00+00:00,47062.3,47456.0,46797.8,47327.1,22432.03675974
2024-01-11 14:00:00+00:00,47327.2,48974.0,46433.6,46775.7,48948.12533445
2024-01-11 16:00:00+00:00,46774.0,46994.2,45627.5,46502.0,38721.41051381
2024-01-11 18:00:00+00:00,46501.9,46740.8,46260.0,46693.0,15807.57200397
2024-01-11 20:00:00+00:00,46698.3,46975.0,46099.9,46155.9,19270.94495131
2024-01-11 22:00:00+00:00,46155.8,46490.0,46071.1,46339.0,7343.80234292
2024-01-12 00:00:00+00:00,46339.0,46516.3,45900.0,46131.4,12637.1870493
2024-01-12 02:00:00+00:00,46131.4,46500.0,45990.0,46438.0,6660.25653835
2024-01-12 04:00:00+00:00,46438.0,46666.6,46200.0,46290.0,443.04974598
2024-01-12 06:00:00+00:00,46394.8,46666.6,45900.0,46500.0,751.69803418
2024-01-12 08:00:00+00:00,46500.0,46800.0,45666.6,46000.0,649.81985117
2024-01-12 10:00:00+00:00,46100.0,46500.0,45600.0,46076.0,364.79751385
2024-01-12 12:00:00+00:00,46076.0,46500.0,45600.0,45850.0,403.30036246
2024-01-12 14:00:00+00:00,45850.0,46200.0,44400.0,44473.0,1492.93712837
2024-01-12 16:00:00+00:00,44467.2,44926.8,43219.8,43799.9,1713.32169347
2024-01-12 18:00:00+00:00,43799.9,43999.9,43333.3,43599.3,1967.41386502
2024-01-12 20:00:00+00:00,43599.3,44810.8,43333.3,43570.4,473.53930483
2024-01-12 22:00:00+00:00,43570.4,43682.5,41666.6,42910.7,1093.0569598
2024-01-13 00:00:00+00:00,42910.7,43400.0,42545.2,42667.6,345.30605242
2024-01-13 02:00:00+00:00,42685.9,43375.0,42578.5,42739.1,196.4266266
2024-01-13 04:00:00+00:00,42739.1,43416.8,42600.6,43397.2,295.84381003
2024-01-13 06:00:00+00:00,43397.2,44226.0,43000.0,43181.8,569.31415161
2024-01-13 08:00:00+00:00,43272.7,43579.1,42888.0,42949.9,252.07399509
2024-01-13 10:00:00+00:00,43046.1,43207.9,42580.1,42730.0,498.79188988
2024-01-13 12:00:00+00:00,42636.3,43100.0,42566.6,42755.5,316.3514193
2024-01-13 14:00:00+00:00,42755.5,43533.3,42653.2,43171.2,381.17805686
2024-01-13 16:00:00+00:00,43199.9,43400.0,42818.7,42994.9,282.8760393
2024-01-13 18:00:00+00:00,42994.9,43340.0,42760.0,42911.3,205.27792321
2024-01-13 20:00:00+00:00,42821.2,43200.0,42726.1,43080.0,204.44096445
2024-01-13 22:00:00+00:00,43106.6,43141.2,42807.0,42994.9,137.51104443
2024-01-14 00:00:00+00:00,42994.9,43200.0,42689.8,42778.3,326.40428685
2024-01-14 02:00:00+00:00,42880.0,43200.0,42653.0,42857.4,205.41863246
2024-01-14 04:00:00+00:00,42857.4,43429.5,42601.1,42752.2,445.09721769
2024-01-14 06:00:00+00:00,42844.4,43377.2,42754.0,43021.7,177.04329669
2024-01-14 08:00:00+00:00,43111.1,43200.0,42853.3,43150.0,183.3749411
2024-01-14 10:00:00+00:00,43060.0,43150.0,42800.0,42900.0,116.87518653
2024-01-14 12:00:00+00:00,42994.0,43828.2,42824.6,42899.9,512.99720358
2024-01-14 14:00:00+00:00,42900.0,43500.0,42818.1,43204.6,350.90364123
2024-01-14 16:00:00+00:00,43204.6,44075.9,42883.3,43970.0,269.6332581
2024-01-14 18:00:00+00:00,43970.1,43970.1,43000.0,43108.2,279.94241863
2024-01-14 20:00:00+00:00,43108.2,43325.0,42601.1,42714.0,319.73985065
2024-01-14 22:00:00+00:00,42714.0,43143.7,41725.7,42113.8,417.09027086
2024-01-15 00:00:00+00:00,42022.5,43325.0,42000.7,42606.1,282.249553
2024-01-15 02:00:00+00:00,42607.0,43416.8,42251.9,42570.5,2843.8741403
2024-01-15 04:00:00+00:00,42568.5,42825.1,42502.0,42746.1,429.27567964
2024-01-15 06:00:00+00:00,42746.1,42799.5,42525.8,42720.9,200.8249275
2024-01-15 08:00:00+00:00,42720.0,42800.0,42593.3,42754.0,610.02157065
2024-01-15 10:00:00+00:00,42752.5,42762.2,42545.4,42704.0,217.71883933
2024-01-15 12:00:00+00:00,42697.8,42953.7,42567.4,42850.5,438.81498234
2024-01-15 14:00:00+00:00,42844.8,42934.0,42199.0,42383.4,444.38557815
2024-01-15 16:00:00+00:00,42383.4,42778.3,42277.7,42701.3,365.11058863
2024-01-15 18:00:00+00:00,42701.4,43359.9,42679.1,42988.2,517.10764933
2024-01-15 20:00:00+00:00,42988.2,43300.0,42718.0,42718.0,312.48297215
2024-01-15 22:00:00+00:00,42717.7,42829.0,42374.1,42533.0,342.69876315
2024-01-16 00:00:00+00:00,42630.5,43000.0,42500.0,42593.0,501.33946237
2024-01-16 02:00:00+00:00,42593.0,42943.9,42555.0,42928.0,307.75580792
2024-01-16 04:00:00+00:00,42927.8,42950.0,42760.9,42771.9,728.10546205
2024-01-16 06:00:00+00:00,42770.8,42789.7,42611.3,42786.7,461.91913791
2024-01-16 08:00:00+00:00,42787.1,43156.3,42700.0,42954.0,3193.25800078
2024-01-16 10:00:00+00:00,43021.7,43021.7,42760.0,42903.9,450.62461533
2024-01-16 12:00:00+00:00,42900.0,43177.5,42742.5,42808.0,1601.50524579
2024-01-16 14:00:00+00:00,42800.0,43325.0,42067.4,43253.6,1396.64320308
2024-01-16 16:00:00+00:00,43253.6,43425.2,43010.4,43050.2,499.57072591
2024-01-16 18:00:00+00:00,43053.8,43183.9,42837.3,43163.1,250.11808294
2024-01-16 20:00:00+00:00,43167.5,43563.2,43054.0,43429.1,360.80485013
2024-01-16 22:00:00+00:00,43429.1,43488.3,43100.0,43139.7,326.88047774
2024-01-17 00:00:00+00:00,43138.2,43197.4,42959.0,42971.7,623.0958556
2024-01-17 02:00:00+00:00,42964.0,43065.3,42844.8,42844.8,453.44133485
2024-01-17 04:00:00+00:00,42844.4,42916.0,42766.6,42780.0,584.08837766
2024-01-17 06:00:00+00:00,42782.0,42877.2,42613.9,42658.1,4804.80340087
2024-01-17 08:00:00+00:00,42654.1,42828.3,42500.0,42679.0,8257.80576444
2024-01-17 10:00:00+00:00,42678.9,42855.2,42625.2,42677.4,7662.83573399
2024-01-17 12:00:00+00:00,42682.0,42785.9,42474.6,42606.9,11232.30707469
2024-01-17 14:00:00+00:00,42606.9,42927.0,42387.9,42477.8,24338.05247486
2024-01-17 16:00:00+00:00,42477.9,42598.9,42207.4,42375.9,24173.73773297
2024-01-17 18:00:00+00:00,42375.8,42748.4,42279.0,42611.4,13317.74223137
2024-01-17 20:00:00+00:00,42611.5,42860.9,42550.5,42680.4,11897.50253588
2024-01-17 22:00:00+00:00,42680.4,42783.9,42446.5,42777.1,7996.24952216
2024-01-18 00:00:00+00:00,42777.2,42786.3,42511.1,42584.5,9105.60029443
2024-01-18 02:00:00+00:00,42584.5,42750.0,42550.4,42588.2,4469.6038631
2024-01-18 04:00:00+00:00,42590.0,42782.9,42583.3,42772.0,5470.20130817
2024-01-18 06:00:00+00:00,42772.0,42926.6,42757.3,42914.2,8050.59567343
2024-01-18 08:00:00+00:00,42914.2,42928.7,42710.6,42742.2,5338.25153529
2024-01-18 10:00:00+00:00,42742.2,42792.2,42394.0,42544.1,6286.67636917
2024-01-18 12:00:00+00:00,42544.1,42654.1,42357.0,42507.5,6788.36359128
2024-01-18 14:00:00+00:00,42507.5,42808.1,42427.7,42619.1,8047.52817042
2024-01-18 16:00:00+00:00,42619.2,42655.8,41533.6,41816.1,22975.72149486
2024-01-18 18:00:00+00:00,41816.5,41910.0,40828.3,41030.7,25235.62390727
2024-01-18 20:00:00+00:00,41032.5,41310.4,40684.9,41125.2,24784.9738065
2024-01-18 22:00:00+00:00,41125.1,41370.3,41071.1,41256.0,6448.75772424
2024-01-19 00:00:00+00:00,41326.0,41364.0,41100.0,41273.7,8399.52635169
2024-01-19 02:00:00+00:00,41273.6,41317.2,40761.8,41060.1,8581.50199528
2024-01-19 04:00:00+00:00,41060.1,41245.4,40974.0,41213.1,5787.20736076
2024-01-19 06:00:00+00:00,41213.2,41573.3,40974.0,41285.4,8182.17521161
2024-01-19 08:00:00+00:00,41284.9,41456.5,41151.0,41402.4,8264.80407914
2024-01-19 10:00:00+00:00,41400.1,41513.3,41338.1,41479.2,8650.95511958
2024-01-19 12:00:00+00:00,41477.1,41499.5,41264.1,41395.1,7570.73190813
2024-01-19 14:00:00+00:00,41395.1,41459.1,40727.9,40898.5,22888.01516355
2024-01-19 16:00:00+00:00,40898.5,41242.7,40311.4,41235.1,31021.73903772
2024-01-19 18:00:00+00:00,41235.0,41978.0,41012.5,41818.1,21249.36194852
2024-01-19 20:00:00+00:00,41818.1,42332.0,41514.0,41638.0,17238.95102363
2024-01-19 22:00:00+00:00,41631.9,41735.9,41529.5,41660.1,5880.43160247
2024-01-20 00:00:00+00:00,41660.1,41702.8,41457.3,41659.9,11663.25084803
2024-01-20 02:00:00+00:00,41660.0,41666.6,41518.5,41634.0,4904.71201999
2024-01-20 04:00:00+00:00,41634.0,41659.9,41562.2,41630.9,3359.16855554
2024-01-20 06:00:00+00:00,41630.8,41780.0,41574.9,41651.6,4736.18254698
2024-01-20 08:00:00+00:00,41654.9,41668.8,41465.8,41525.8,7874.58847895
2024-01-20 10:00:00+00:00,41526.0,41614.0,41477.9,41579.7,4449.50893672
2024-01-20 12:00:00+00:00,41581.7,41692.8,41533.0,41631.9,4706.50633413
2024-01-20 14:00:00+00:00,41631.9,41683.3,41483.2,41566.3,6781.98887605
2024-01-20 16:00:00+00:00,41566.3,41648.1,41535.7,41589.5,4983.38081288
2024-01-20 18:00:00+00:00,41582.9,41696.1,41527.6,41634.5,4716.9078591
2024-01-20 20:00:00+00:00,41634.6,41865.8,41616.0,41736.2,5037.73705016
2024-01-20 22:00:00+00:00,41738.0,41822.8,41626.1,41693.7,4489.58910625
2024-01-21 00:00:00+00:00,41693.7,41731.4,41630.9,41667.6,3642.42884021
2024-01-21 02:00:00+00:00,41667.6,41740.2,41660.3,41684.5,2419.81246439
2024-01-21 04:00:00+00:00,41684.7,41730.0,41632.7,41635.5,1053.29755522
2024-01-21 06:00:00+00:00,41637.2,41668.6,41570.3,41651.7,1121.24526437
2024-01-21 08:00:00+00:00,41651.7,41745.0,41651.7,41744.9,996.42960961
2024-01-21 10:00:00+00:00,41745.0,41828.7,41689.9,41722.5,1976.26135717
2024-01-21 12:00:00+00:00,41722.6,41861.7,41702.1,41857.1,2156.68194203
2024-01-21 14:00:00+00:00,41863.6,41882.7,41611.2,41658.0,4163.53727865
2024-01-21 16:00:00+00:00,41658.0,41699.9,41526.0,41680.0,3912.16706819
2024-01-21 18:00:00+00:00,41680.0,41750.0,41631.0,41727.6,2366.61626156
2024-01-21 20:00:00+00:00,41727.7,41814.5,41623.2,41785.7,1774.06347248
2024-01-21 22:00:00+00:00,41785.2,41790.9,41504.3,41584.0,3135.48832868
2024-01-22 00:00:00+00:00,41582.9,41689.8,41276.1,41367.4,8731.56841512
2024-01-22 02:00:00+00:00,41367.5,41424.8,41066.6,41200.0,8753.02594226
2024-01-22 04:00:00+00:00,41200.1,41223.0,40687.4,41135.7,9596.90770933
2024-01-22 06:00:00+00:00,41138.0,41312.2,40929.6,41039.2,7021.80288383
2024-01-22 08:00:00+00:00,41045.4,41051.9,40613.4,40752.1,12347.37755691
2024-01-22 10:00:00+00:00,40752.1,40939.6,40363.6,40816.1,14253.88616015
2024-01-22 12:00:00+00:00,40815.0,41232.6,40698.1,40944.6,10533.35520193
2024-01-22 14:00:00+00:00,40944.7,40983.0,40355.6,40767.9,22723.49140451
2024-01-22 16:00:00+00:00,40768.0,40873.7,40405.8,40712.9,16012.90788131
2024-01-22 18:00:00+00:00,40712.9,40796.7,39428.1,39820.3,31678.25789528
2024-01-22 20:00:00+00:00,39820.1,40332.3,39758.8,39851.4,18321.88162257
2024-01-22 22:00:00+00:00,39852.0,40079.7,39440.0,39571.0,15204.52250427
2024-01-23 00:00:00+00:00,39571.0,39913.1,39503.8,39831.9,13129.85181997
2024-01-23 02:00:00+00:00,39832.0,40118.9,39806.2,40002.0,6164.87588411
2024-01-23 04:00:00+00:00,40000.2,40178.0,39999.9,40071.7,3570.39058295
2024-01-23 06:00:00+00:00,40071.7,40127.8,39671.8,39786.7,7786.40602538
2024-01-23 08:00:00+00:00,39786.2,39993.5,38913.8,38958.3,26814.15668363
2024-01-23 10:00:00+00:00,38962.8,39154.0,38650.0,38846.8,20002.63246995
2024-01-23 12:00:00+00:00,38846.8,39090.9,38700.0,38866.0,14594.81977065
2024-01-23 14:00:00+00:00,38865.3,39463.9,38546.6,39206.1,26528.88752034
2024-01-23 16:00:00+00:00,39204.1,39637.0,38922.0,39401.8,18964.30901072
2024-01-23 18:00:00+00:00,39401.5,39645.1,38995.7,39147.5,12694.65864463
2024-01-23 20:00:00+00:00,39147.6,39367.0,39035.8,39239.8,12079.29352161
2024-01-23 22:00:00+00:00,39239.8,39907.8,39201.0,39900.0,10504.53224524
2024-01-24 00:00:00+00:00,39900.0,40246.2,39762.9,39769.7,13159.06995982
2024-01-24 02:00:00+00:00,39773.1,39890.4,39570.1,39614.5,6620.40282127
2024-01-24 04:00:00+00:00,39614.5,39851.9,39561.2,39797.2,6913.66683287
2024-01-24 06:00:00+00:00,39797.8,40174.5,39664.2,39980.7,7711.07881793
2024-01-24 08:00:00+00:00,39982.5,40133.1,39861.9,40023.8,9342.0066382
2024-01-24 10:00:00+00:00,40023.8,40573.3,39984.0,40199.9,2214.59778993
2024-01-24 12:00:00+00:00,40200.0,40297.9,39882.1,39982.9,372.7506699
2024-01-24 14:00:00+00:00,39982.9,40217.3,39768.4,40051.0,454.22891954
2024-01-24 16:00:00+00:00,40050.0,40200.0,39919.9,40140.8,546.8535512
2024-01-24 18:00:00+00:00,40138.0,40150.0,39615.6,39809.0,654.67141448
2024-01-24 20:00:00+00:00,39809.0,39996.1,39501.0,39778.8,549.77112849
2024-01-24 22:00:00+00:00,39779.9,40175.9,39757.4,40085.2,466.2003169
2024-01-25 00:00:00+00:00,40085.2,40177.9,39922.0,39975.9,4497.41536377
2024-01-25 02:00:00+00:00,39975.9,40093.8,39911.9,40003.6,6769.16894267
2024-01-25 04:00:00+00:00,40003.6,40026.0,39788.0,39872.2,671.40955414
2024-01-25 06:00:00+00:00,39872.2,40133.2,39872.2,40126.4,234.27409957
2024-01-25 08:00:00+00:00,40124.0,40172.6,40020.2,40032.7,269.0391483
2024-01-25 10:00:00+00:00,40032.7,40306.0,39954.9,40177.7,8624.81237396
2024-01-25 12:00:00+00:00,40177.8,40282.9,39736.9,39912.6,14389.59367618
2024-01-25 14:00:00+00:00,39912.6,40089.8,39640.8,39801.1,14924.86780178
2024-01-25 16:00:00+00:00,39801.0,39850.9,39548.1,39806.4,14488.72536983
2024-01-25 18:00:00+00:00,39807.8,40042.0,39725.3,39986.6,13665.01050738
2024-01-25 20:00:00+00:00,39990.0,39997.9,39632.9,39925.3,10437.5738763
2024-01-25 22:00:00+00:00,39928.0,39989.1,39890.1,39962.6,4607.36610348
2024-01-26 00:00:00+00:00,39962.7,39970.8,39825.2,39936.4,5977.96841113
2024-01-26 02:00:00+00:00,39936.4,40220.1,39885.9,40070.0,7127.3794053
2024-01-26 04:00:00+00:00,40070.0,40214.9,40068.4,40106.8,5115.8502494
2024-01-26 06:00:00+00:00,40106.9,40158.7,39903.7,39975.7,5559.97719674
2024-01-26 08:00:00+00:00,39975.7,40413.9,39967.9,40079.0,2189.49558879
2024-01-26 10:00:00+00:00,40079.0,41347.9,40040.0,41284.0,17553.07721267
2024-01-26 12:00:00+00:00,41283.1,41499.9,40918.0,41022.6,14957.48551248
2024-01-26 14:00:00+00:00,41022.6,41588.7,41022.6,41418.0,12772.16137933
2024-01-26 16:00:00+00:00,41418.1,42019.4,41403.9,41914.0,19167.47703414
2024-01-26 18:00:00+00:00,41914.0,42197.9,41851.4,42066.0,13269.33822796
2024-01-26 20:00:00+00:00,42064.0,42243.9,41847.9,42002.4,12249.70852106
2024-01-26 22:00:00+00:00,42002.4,42013.7,41807.3,41819.9,5748.68788553
2024-01-27 00:00:00+00:00,41820.0,41933.2,41706.5,41811.6,7236.55641866
2024-01-27 02:00:00+00:00,41811.6,41900.3,41763.9,41816.1,4083.81095227
2024-01-27 04:00:00+00:00,41816.1,41888.0,41782.7,41814.4,2088.82201194
2024-01-27 06:00:00+00:00,41814.3,41816.0,41604.0,41710.2,4922.10229642
2024-01-27 08:00:00+00:00,41710.3,41736.3,41397.7,41672.3,6747.19707
2024-01-27 10:00:00+00:00,41672.3,41801.1,41651.1,41765.2,4850.65153057
2024-01-27 12:00:00+00:00,41765.2,41808.0,41713.1,41747.5,1753.20407367
2024-01-27 14:00:00+00:00,41747.4,41900.0,41718.5,41822.0,4300.23005598
2024-01-27 16:00:00+00:00,41822.0,41899.1,41777.7,41780.4,2884.67033365
2024-01-27 18:00:00+00:00,41780.3,41983.2,41742.0,41913.9,3859.50623505
2024-01-27 20:00:00+00:00,41914.0,42177.1,41814.5,42149.9,3207.91454224
2024-01-27 22:00:00+00:00,42150.0,42196.1,42044.4,42120.2,3183.43506653
2024-01-28 00:00:00+00:00,42120.2,42241.8,41938.5,42094.3,4986.07811156
2024-01-28 02:00:00+00:00,42094.3,42239.8,42090.6,42227.5,3054.49742749
2024-01-28 04:00:00+00:00,42227.5,42828.5,42224.0,42561.0,10793.28579681
2024-01-28 06:00:00+00:00,42560.0,42577.2,42299.1,42390.4,5450.20335121
2024-01-28 08:00:00+00:00,42390.5,42693.5,42327.7,42576.0,6011.38366024
2024-01-28 10:00:00+00:00,42576.0,42648.0,42363.0,42474.3,5284.99640683
2024-01-28 12:00:00+00:00,42474.3,42499.9,42254.3,42401.9,6120.31784161
2024-01-28 14:00:00+00:00,42401.9,42532.1,42160.1,42260.2,6765.03641597
2024-01-28 16:00:00+00:00,42260.2,42352.4,42099.6,42168.3,8680.3368549
2024-01-28 18:00:00+00:00,42165.9,42198.5,41723.2,41786.0,8238.37789216
2024-01-28 20:00:00+00:00,41786.0,42033.7,41681.1,41979.8,7140.39631126
2024-01-28 22:00:00+00:00,41979.8,42078.0,41620.5,42036.6,5419.74052121
2024-01-29 00:00:00+00:00,42036.7,42309.4,41866.6,42165.4,7580.49362671
2024-01-29 02:00:00+00:00,42165.4,42500.1,42129.7,42327.3,5620.36164474
2024-01-29 04:00:00+00:00,42327.3,42345.9,42123.5,42140.1,3103.40319238
2024-01-29 06:00:00+00:00,42140.1,42251.0,41992.5,42053.7,5522.71755277
2024-01-29 08:00:00+00:00,42058.1,42825.0,41707.5,42259.7,4952.92023756
2024-01-29 10:00:00+00:00,42259.7,42324.8,42190.3,42245.8,2738.8284585
2024-01-29 12:00:00+00:00,42245.8,42368.3,41937.5,42007.4,10839.01908143
2024-01-29 14:00:00+00:00,42007.3,42641.6,41809.7,42641.5,13042.29170008
2024-01-29 16:00:00+00:00,42641.5,43299.5,42521.4,42995.0,25069.76384701
2024-01-29 18:00:00+00:00,42995.0,43153.3,42882.6,43001.9,11685.67730874
2024-01-29 20:00:00+00:00,43003.8,43264.7,42978.5,43174.5,8522.82780586
2024-01-29 22:00:00+00:00,43174.4,43300.0,43076.6,43297.0,6081.64524501
2024-01-30 00:00:00+00:00,43297.0,43555.6,43090.0,43438.9,7109.07335807
2024-01-30 02:00:00+00:00,43439.0,43781.1,43439.0,43524.1,12478.15196131
2024-01-30 04:00:00+00:00,43524.2,43575.4,43342.1,43367.3,6725.31716834
2024-01-30 06:00:00+00:00,43367.4,43445.1,43258.9,43366.4,6045.57871594
2024-01-30 08:00:00+00:00,43366.4,43465.2,43229.6,43325.4,5974.60228989
2024-01-30 10:00:00+00:00,43325.5,43555.1,43297.1,43530.6,7553.53123128
2024-01-30 12:00:00+00:00,43530.6,43860.0,43152.0,43289.9,30583.32427149
2024-01-30 14:00:00+00:00,43290.0,43720.0,43115.7,43377.1,18784.54619689
2024-01-30 16:00:00+00:00,43377.1,43591.7,43220.9,43398.6,11630.26194786
2024-01-30 18:00:00+00:00,43398.6,43578.0,43279.9,43546.8,9560.37018738
2024-01-30 20:00:00+00:00,43550.1,43757.9,43481.1,43545.2,12092.75069622
2024-01-30 22:00:00+00:00,43545.3,43576.9,42689.5,42945.0,11759.6164921
2024-01-31 00:00:00+00:00,42942.0,43105.5,42722.8,42781.3,12536.84291417
2024-01-31 02:00:00+00:00,42782.4,42989.5,42677.6,42928.9,5631.83904899
2024-01-31 04:00:00+00:00,42929.1,43047.5,42871.2,42978.0,3044.29881645
2024-01-31 06:00:00+00:00,42977.0,43080.0,42909.4,43004.1,3292.35967046
2024-01-31 08:00:00+00:00,43080.0,43088.0,42620.4,42628.0,4334.62081019
2024-01-31 10:00:00+00:00,42648.0,42790.7,42351.4,42647.3,9237.92805681
2024-01-31 12:00:00+00:00,42644.1,42918.0,42518.1,42799.0,6586.31918936
2024-01-31 14:00:00+00:00,42799.4,43453.9,42565.1,43358.0,17504.5141963
2024-01-31 16:00:00+00:00,43357.9,43742.4,43286.5,43726.1,12448.26760833
2024-01-31 18:00:00+00:00,43722.8,43744.6,43034.8,43332.2,15646.71951787
2024-01-31 20:00:00+00:00,43328.5,43360.6,42291.9,42488.0,25342.41321455
2024-01-31 22:00:00+00:00,42484.2,42686.0,42363.4,42576.4,5824.08028811
2024-02-01 00:00:00+00:00,42576.1,42683.4,41884.0,41980.0,27137.92360946
2024-02-01 02:00:00+00:00,41978.3,42181.8,41953.3,42010.2,9078.92343533
2024-02-01 04:00:00+00:00,42050.7,42192.0,41893.9,42152.7,7618.33729468
2024-02-01 06:00:00+00:00,42152.7,42400.0,42116.0,42187.8,4868.64675245
2024-02-01 08:00:00+00:00,42187.8,42262.3,42103.7,42143.9,4713.38445868
2024-02-01 10:00:00+00:00,42143.8,42326.3,42049.9,42076.8,5367.62960772
2024-02-01 12:00:00+00:00,42077.0,42294.3,41945.4,42222.1,8263.94196103
2024-02-01 14:00:00+00:00,42215.3,42946.1,42179.6,42515.1,13628.93579312
2024-02-01 16:00:00+00:00,42513.9,43161.5,42361.4,42917.0,12944.38121415
2024-02-01 18:00:00+00:00,42920.2,43283.6,42769.2,43217.1,9919.62442909
2024-02-01 20:00:00+00:00,43217.0,43285.0,42900.0,43093.6,8356.71418216
2024-02-01 22:00:00+00:00,43093.6,43109.6,42882.2,43080.1,4768.84006887
2024-02-02 00:00:00+00:00,43086.8,43426.1,43022.2,43117.7,8220.25864803
2024-02-02 02:00:00+00:00,43117.7,43196.5,43023.4,43031.7,3210.08426965
2024-02-02 04:00:00+00:00,43031.3,43136.1,42933.3,43100.0,3958.74300112
2024-02-02 06:00:00+00:00,43100.1,43267.3,43018.6,43088.6,5920.59484411
2024-02-02 08:00:00+00:00,43088.0,43125.6,42956.0,42980.5,5064.79505472
2024-02-02 10:00:00+00:00,42984.0,43200.0,42944.4,43146.0,5586.6339633
2024-02-02 12:00:00+00:00,43147.0,43249.2,42549.5,42689.7,11280.97226811
2024-02-02 14:00:00+00:00,42689.0,43245.8,42608.0,43234.7,14758.8914039
2024-02-02 16:00:00+00:00,43234.8,43482.6,42902.5,42957.1,11545.29665698
2024-02-02 18:00:00+00:00,42956.0,43081.0,42779.0,43056.1,8157.01000504
2024-02-02 20:00:00+00:00,43062.1,43090.4,42896.8,42997.1,3914.59853965
2024-02-02 22:00:00+00:00,42991.3,43233.1,42991.3,43197.3,3059.82505035
2024-02-03 00:00:00+00:00,43197.3,43378.8,43151.1,43217.3,5257.05169499
2024-02-03 02:00:00+00:00,43215.1,43260.3,43146.8,43175.2,3252.204595
2024-02-03 04:00:00+00:00,43173.0,43225.7,43095.2,43168.0,2085.3788465
2024-02-03 06:00:00+00:00,43169.5,43169.5,43036.7,43053.2,1928.34450904
2024-02-03 08:00:00+00:00,43053.2,43132.5,43005.7,43090.1,2079.66560767
2024-02-03 10:00:00+00:00,43090.1,43124.1,42973.2,42995.3,1613.08817227
2024-02-03 12:00:00+00:00,42995.4,43095.0,42976.5,43073.9,1271.12238793
2024-02-03 14:00:00+00:00,43073.8,43190.3,42877.3,43121.6,3482.59845822
2024-02-03 16:00:00+00:00,43121.7,43268.0,43068.0,43225.5,4447.04197401
2024-02-03 18:00:00+00:00,43230.8,43263.0,43013.7,43042.5,3612.78492598
2024-02-03 20:00:00+00:00,43058.1,43103.2,43003.1,43044.0,2159.60479885
2024-02-03 22:00:00+00:00,43044.0,43077.8,42953.0,43004.1,2815.64868272
2024-02-04 00:00:00+00:00,43013.5,43048.6,42896.8,43040.9,3518.46582216
2024-02-04 02:00:00+00:00,43040.9,43080.0,43018.0,43027.6,1267.45562237
2024-02-04 04:00:00+00:00,43027.6,43031.4,42858.3,42884.5,5334.01527486
2024-02-04 06:00:00+00:00,42884.6,43000.0,42724.0,42840.1,4190.66379749
2024-02-04 08:00:00+00:00,42840.1,42987.8,42736.8,42940.6,3180.68849214
2024-02-04 10:00:00+00:00,42938.3,43112.1,42870.6,43056.7,3592.54271449
2024-02-04 12:00:00+00:00,43060.4,43116.7,42964.0,42993.3,3235.10175593
2024-02-04 14:00:00+00:00,42993.3,43014.4,42842.1,42938.1,3499.57919061
2024-02-04 16:00:00+00:00,42936.1,42967.0,42836.1,42899.1,2663.60365251
2024-02-04 18:00:00+00:00,42901.4,42942.9,42570.3,42627.4,5558.95078112
2024-02-04 20:00:00+00:00,42635.7,42982.2,42545.4,42774.3,5410.82159024
2024-02-04 22:00:00+00:00,42774.4,42879.8,42223.5,42587.9,5212.07757366
2024-02-05 00:00:00+00:00,42589.7,42626.0,42257.7,42525.8,7878.55366096
2024-02-05 02:00:00+00:00,42528.9,42725.8,42379.1,42716.8,22021.5149863
2024-02-05 04:00:00+00:00,42716.7,42817.7,42636.4,42780.1,27877.32763745
2024-02-05 06:00:00+00:00,42780.1,43172.4,42690.0,43073.3,48626.77762364
2024-02-05 08:00:00+00:00,43073.3,43194.3,42948.7,43039.2,43767.41612964
2024-02-05 10:00:00+00:00,43039.3,43256.1,43039.3,43196.2,40519.34663328
2024-02-05 12:00:00+00:00,43195.1,43565.5,43122.4,43446.3,55838.29616667
2024-02-05 14:00:00+00:00,43447.3,43494.8,42594.0,42638.8,115568.61859949
2024-02-05 16:00:00+00:00,42639.3,42835.6,42506.6,42720.4,85537.89013375
2024-02-05 18:00:00+00:00,42720.5,42866.6,42572.2,42767.0,44128.53431562
2024-02-05 20:00:00+00:00,42767.1,42798.5,42330.2,42390.0,71318.80310699
2024-02-05 22:00:00+00:00,42386.8,42721.6,42326.4,42706.7,34372.81284416
2024-02-06 00:00:00+00:00,42707.1,42769.8,42570.6,42669.9,30246.95916771
2024-02-06 02:00:00+00:00,42669.8,42958.2,42644.6,42851.1,33741.21279103
2024-02-06 04:00:00+00:00,42849.4,42926.8,42754.3,42782.2,21061.57984594
2024-02-06 06:00:00+00:00,42782.2,42915.9,42668.6,42891.0,23997.8870772
2024-02-06 08:00:00+00:00,42893.3,43114.0,42881.1,42996.5,43151.70269014
2024-02-06 10:00:00+00:00,42994.5,43104.5,42676.0,42824.6,65803.09473631
2024-02-06 12:00:00+00:00,42822.0,43002.0,42656.1,42875.2,62161.60456975
2024-02-06 14:00:00+00:00,42875.3,43271.0,42813.5,43247.7,74992.67217418
2024-02-06 16:00:00+00:00,43245.3,43388.0,43106.4,43181.7,57603.82019544
2024-02-06 18:00:00+00:00,43181.8,43294.0,43020.0,43280.7,41089.96236755
2024-02-06 20:00:00+00:00,43276.5,43320.0,43061.1,43162.4,31872.3220176
2024-02-06 22:00:00+00:00,43161.9,43221.2,43034.4,43095.5,19689.59789149
2024-02-07 00:00:00+00:00,43100.0,43191.5,43040.1,43049.6,24302.66024211
2024-02-07 02:00:00+00:00,43048.4,43101.3,42787.9,42802.6,27968.66885955
2024-02-07 04:00:00+00:00,42803.2,43050.0,42794.5,43026.4,31448.04795893
2024-02-07 06:00:00+00:00,43027.4,43031.8,42889.2,42916.2,18717.50168218
2024-02-07 08:00:00+00:00,42917.7,43200.0,42875.5,43145.0,31578.22577057
2024-02-07 10:00:00+00:00,43145.0,43156.0,42841.8,42931.5,36869.68604043
2024-02-07 12:00:00+00:00,42931.5,43175.6,42881.7,43138.7,37969.60741168
2024-02-07 14:00:00+00:00,43138.8,43319.9,42917.0,43066.5,89932.99148092
2024-02-07 16:00:00+00:00,43066.5,43718.1,43009.7,43499.7,102098.83948897
2024-02-07 18:00:00+00:00,43499.7,43696.9,43428.7,43615.0,73158.65917301
2024-02-07 20:00:00+00:00,43612.5,44391.3,43612.5,44189.8,138002.1902967
2024-02-07 22:00:00+00:00,44190.0,44357.1,44133.1,44348.8,39368.00565329
2024-02-08 00:00:00+00:00,44345.8,44702.8,44330.1,44655.1,86776.74285926
2024-02-08 02:00:00+00:00,44652.8,44771.5,44532.1,44541.8,49674.7414851
2024-02-08 04:00:00+00:00,44543.7,44634.9,44479.8,44558.3,26749.65204584
2024-02-08 06:00:00+00:00,44558.3,44575.9,44431.0,44515.9,28219.69148186
2024-02-08 08:00:00+00:00,44515.9,44784.3,44513.3,44694.3,43094.81446331
2024-02-08 10:00:00+00:00,44691.2,44889.9,44666.6,44701.6,51191.9174257
2024-02-08 12:00:00+00:00,44701.6,44992.3,44609.4,44973.6,52544.35633377
2024-02-08 14:00:00+00:00,44975.8,45477.5,44867.5,45437.7,147583.29131185
2024-02-08 16:00:00+00:00,45437.6,45492.3,44900.1,45038.5,110604.05725268
2024-02-08 18:00:00+00:00,45043.6,45433.5,44990.7,45282.0,67852.833616
2024-02-08 20:00:00+00:00,45282.0,45607.0,45267.5,45316.2,81823.28218462
2024-02-08 22:00:00+00:00,45317.7,45406.7,45221.5,45287.4,36197.23764198
2024-02-09 00:00:00+00:00,45287.5,45503.8,45245.0,45496.8,36267.23274532
2024-02-09 02:00:00+00:00,45495.5,46391.7,45440.0,46058.6,131739.94220244
2024-02-09 04:00:00+00:00,46060.2,46280.0,45859.9,46268.3,63388.6536684
2024-02-09 06:00:00+00:00,46268.3,46420.6,46132.0,46207.3,57820.76381353
2024-02-09 08:00:00+00:00,46207.3,46749.8,46202.7,46522.6,87548.57340038
2024-02-09 10:00:00+00:00,46524.9,47301.7,46522.7,47183.2,107410.63202525
2024-02-09 12:00:00+00:00,47180.0,47684.8,47124.2,47461.9,152713.87666988
2024-02-09 14:00:00+00:00,47461.9,47712.3,46680.3,47158.4,208210.44810822
2024-02-09 16:00:00+00:00,47158.6,47666.1,47128.4,47654.7,130951.22956512
2024-02-09 18:00:00+00:00,47654.7,48198.2,47262.7,47503.4,179481.1317209
2024-02-09 20:00:00+00:00,47503.4,47690.6,47302.1,47505.0,110251.58991503
2024-02-09 22:00:00+00:00,47505.5,47553.4,47040.0,47132.2,47390.11231407
2024-02-10 00:00:00+00:00,47132.2,47353.3,47042.2,47308.5,58152.54946033
2024-02-10 02:00:00+00:00,47297.5,47499.4,47270.0,47376.7,27639.62225699
2024-02-10 04:00:00+00:00,47378.7,47435.6,47273.6,47332.9,16181.5316139
2024-02-10 06:00:00+00:00,47333.5,47354.2,47143.8,47147.1,19873.91825437
2024-02-10 08:00:00+00:00,47145.5,47272.0,47052.4,47066.0,30303.03856278
2024-02-10 10:00:00+00:00,47066.0,47194.6,46844.0,47180.0,50353.38087442
2024-02-10 12:00:00+00:00,47180.0,47379.7,47100.1,47300.0,32031.30000418
2024-02-10 14:00:00+00:00,47300.1,47367.0,47234.3,47346.8,22890.24207349
2024-02-10 16:00:00+00:00,47346.8,47349.8,47157.2,47193.2,24277.13693921
2024-02-10 18:00:00+00:00,47193.3,47657.0,47178.4,47525.9,36889.70439728
2024-02-10 20:00:00+00:00,47528.0,48175.3,47456.6,47944.1,88758.43784899
2024-02-10 22:00:00+00:00,47944.1,47956.8,47600.7,47747.8,55233.50377401
2024-02-11 00:00:00+00:00,47747.8,47782.0,47566.1,47627.2,40647.53068734
2024-02-11 02:00:00+00:00,47627.2,48566.1,47624.4,48517.0,69625.60833322
2024-02-11 04:00:00+00:00,48518.0,48588.0,48134.8,48228.0,60451.70532916
2024-02-11 06:00:00+00:00,48228.9,48351.1,48058.8,48178.6,43061.82316505
2024-02-11 08:00:00+00:00,48180.0,48282.8,48076.0,48138.0,27263.08832145
2024-02-11 10:00:00+00:00,48138.1,48439.4,47922.6,48409.0,43042.71575247
2024-02-11 12:00:00+00:00,48409.0,48466.6,48028.8,48058.9,47389.41633681
2024-02-11 14:00:00+00:00,48060.4,48245.9,47929.3,48148.6,43602.05914485
2024-02-11 16:00:00+00:00,48148.4,48393.5,47951.9,48296.8,49933.34949955
2024-02-11 18:00:00+00:00,48296.9,48387.3,48015.9,48283.1,39993.39206444
2024-02-11 20:00:00+00:00,48283.1,48371.4,47967.3,48118.6,44384.12798676
2024-02-11 22:00:00+00:00,48118.7,48300.9,48022.4,48299.0,33784.01505974
2024-02-12 00:00:00+00:00,48300.0,48815.4,48227.4,48484.2,97590.81097252
2024-02-12 02:00:00+00:00,48485.0,48538.0,48016.2,48145.2,56602.63865358
2024-02-12 04:00:00+00:00,48145.3,48185.9,48026.0,48067.9,22984.12008499
2024-02-12 06:00:00+00:00,48067.9,48381.9,47757.7,48204.0,60142.47609505
2024-02-12 08:00:00+00:00,48205.8,48313.0,47832.5,47883.9,50610.78107407
2024-02-12 10:00:00+00:00,47884.0,48066.6,47706.0,47904.0,71269.07683487
2024-02-12 12:00:00+00:00,47904.0,48049.0,47839.2,47951.2,40162.02641379
2024-02-12 14:00:00+00:00,47951.2,49949.2,47928.0,49914.2,212588.04885549
2024-02-12 16:00:00+00:00,49914.2,50330.0,49403.7,49850.1,215702.06457369
2024-02-12 18:00:00+00:00,49847.9,49993.0,49512.7,49533.8,114254.5440568
2024-02-12 20:00:00+00:00,49533.8,50276.3,49533.8,49815.4,103101.02658771
2024-02-12 22:00:00+00:00,49817.0,50071.0,49814.9,49922.2,48235.44411874
2024-02-13 00:00:00+00:00,49920.0,50378.9,49903.4,50144.8,74621.70722996
2024-02-13 02:00:00+00:00,50142.6,50159.4,49740.0,49791.4,51574.24837276
2024-02-13 04:00:00+00:00,49793.0,50052.5,49791.1,50052.5,30470.6525465
2024-02-13 06:00:00+00:00,50053.9,50121.9,49897.9,49990.9,32552.62311114
2024-02-13 08:00:00+00:00,49991.0,50246.4,49966.2,50204.2,47121.86800539
2024-02-13 10:00:00+00:00,50201.0,50225.2,49650.6,49985.0,78458.10665938
2024-02-13 12:00:00+00:00,49986.9,49994.6,49198.8,49532.0,134568.18493143
2024-02-13 14:00:00+00:00,49530.1,49652.5,48400.0,48722.6,293843.90792528
2024-02-13 16:00:00+00:00,48724.0,48881.3,48311.1,48846.6,125337.12335905
2024-02-13 18:00:00+00:00,48841.0,49267.3,48820.4,49038.3,100420.15286223
2024-02-13 20:00:00+00:00,49040.0,49740.4,49019.2,49527.0,94166.79744961
2024-02-13 22:00:00+00:00,49527.4,49778.9,49350.9,49700.4,46507.17668053
2024-02-14 00:00:00+00:00,49699.2,49718.7,49335.0,49435.2,33817.85676909
2024-02-14 02:00:00+00:00,49433.3,49617.2,49360.7,49520.4,9842.57252031
2024-02-14 04:00:00+00:00,49520.5,49636.0,49230.2,49544.7,40445.25580893
2024-02-14 06:00:00+00:00,49544.8,49875.0,49512.9,49835.5,47663.28689944
2024-02-14 08:00:00+00:00,49835.5,51684.6,49734.7,51548.7,168485.39255251
2024-02-14 10:00:00+00:00,51542.0,51744.4,51000.1,51553.6,112323.74110039
2024-02-14 12:00:00+00:00,51553.0,51831.4,51422.1,51788.8,107296.49440276
2024-02-14 14:00:00+00:00,51785.5,52038.0,51299.9,51590.8,159322.86319317
2024-02-14 16:00:00+00:00,51590.9,51748.5,51205.0,51667.0,109978.02357328
2024-02-14 18:00:00+00:00,51668.0,51690.7,51201.1,51681.8,76209.8063576
2024-02-14 20:00:00+00:00,51680.0,51867.8,51464.7,51730.0,61806.62510843
2024-02-14 22:00:00+00:00,51731.9,51889.6,51607.2,51793.0,37094.63716397
2024-02-15 00:00:00+00:00,51797.5,52497.2,51722.0,51904.9,128316.66609838
2024-02-15 02:00:00+00:00,51903.4,52394.0,51866.8,52349.1,72893.24830148
2024-02-15 04:00:00+00:00,52348.7,52367.4,51819.1,51958.5,52186.08885955
2024-02-15 06:00:00+00:00,51957.8,52160.0,51100.0,51801.0,29095.35666531
2024-02-15 08:00:00+00:00,51784.5,52262.8,51640.0,52171.9,7584.76096037
2024-02-15 10:00:00+00:00,52169.2,52499.8,52098.0,52331.6,52592.62975933
2024-02-15 12:00:00+00:00,52329.3,52492.4,52076.8,52224.7,58219.10218281
2024-02-15 14:00:00+00:00,52216.0,52812.2,51719.4,51945.6,147885.72424593
2024-02-15 16:00:00+00:00,51948.1,52383.5,51738.0,51880.5,76735.34531079
2024-02-15 18:00:00+00:00,51882.5,52068.0,51734.0,52005.9,51962.9491332
2024-02-15 20:00:00+00:00,52005.1,52012.0,51312.5,51322.6,66782.43168242
2024-02-15 22:00:00+00:00,51320.4,51971.7,51316.1,51880.4,37844.98500174
2024-02-16 00:00:00+00:00,51880.4,52153.5,51808.1,51954.7,34422.41164146
2024-02-16 02:00:00+00:00,51954.1,52333.3,51851.3,52280.9,37285.15314303
2024-02-16 04:00:00+00:00,52274.3,52344.0,52013.2,52072.0,23055.35940851
2024-02-16 06:00:00+00:00,52072.1,52166.7,51726.7,51738.4,3239.65749641
2024-02-16 08:00:00+00:00,51746.0,52313.0,51480.0,51836.8,29145.62332922
2024-02-16 10:00:00+00:00,51834.8,52420.0,51791.4,52216.1,71556.42036142
2024-02-16 12:00:00+00:00,52213.4,52480.0,52098.5,52466.8,81809.29253379
2024-02-16 14:00:00+00:00,52463.4,52568.1,51594.5,51883.5,185390.80965801
2024-02-16 16:00:00+00:00,51878.8,52255.9,51805.5,52015.4,95973.58565161
2024-02-16 18:00:00+00:00,52015.5,52040.3,51666.1,51755.7,52920.07729744
2024-02-16 20:00:00+00:00,51755.7,52009.5,51688.3,51985.3,46358.78082756
2024-02-16 22:00:00+00:00,51982.1,52223.2,51888.9,52126.8,24951.56761201
2024-02-17 00:00:00+00:00,52126.8,52165.9,51852.0,51971.8,27660.80222204
2024-02-17 02:00:00+00:00,51971.8,52023.0,51880.1,51974.9,17716.26261412
2024-02-17 04:00:00+00:00,51974.9,52057.1,51791.9,51923.0,15724.71229501
2024-02-17 06:00:00+00:00,51923.1,51970.8,51884.0,51912.8,11689.2068875
2024-02-17 08:00:00+00:00,51912.8,51912.8,51666.0,51686.7,29632.29093702
2024-02-17 10:00:00+00:00,51680.1,51802.6,51502.2,51688.9,40767.92789389
2024-02-17 12:00:00+00:00,51690.9,51740.3,51091.8,51186.1,66933.30119783
2024-02-17 14:00:00+00:00,51182.3,51327.9,50620.7,50983.5,162772.50585511
2024-02-17 16:00:00+00:00,50980.1,51266.1,50740.0,51216.0,63129.48728242
2024-02-17 18:00:00+00:00,51210.0,51442.3,51138.5,51395.0,30801.03329813
2024-02-17 20:00:00+00:00,51395.1,52017.9,51300.1,51798.0,57743.90163709
2024-02-17 22:00:00+00:00,51794.7,51871.1,51589.2,51646.0,31012.20182063
2024-02-18 00:00:00+00:00,51646.0,51796.5,51478.3,51528.6,33720.0566082
2024-02-18 02:00:00+00:00,51529.1,51552.0,51162.5,51479.4,48224.14695283
2024-02-18 04:00:00+00:00,51479.9,51693.8,51471.9,51656.9,26871.82841943
2024-02-18 06:00:00+00:00,51658.3,51742.6,51401.4,51669.1,33963.479201
2024-02-18 08:00:00+00:00,51668.9,51988.4,51646.0,51978.6,33294.94272724
2024-02-18 10:00:00+00:00,51978.7,52070.0,51672.3,51824.9,32420.70901543
2024-02-18 12:00:00+00:00,51824.9,51866.1,51533.5,51622.7,31327.82680389
2024-02-18 14:00:00+00:00,51621.4,51949.9,51621.4,51781.6,36554.46657463
2024-02-18 16:00:00+00:00,51781.5,51979.5,51659.0,51836.0,33816.76609916
2024-02-18 18:00:00+00:00,51836.0,51872.6,51650.1,51762.1,30724.258583
2024-02-18 20:00:00+00:00,51760.1,51925.5,51594.8,51863.7,22768.36923963
2024-02-18 22:00:00+00:00,51861.2,52394.7,51830.0,52137.1,81377.40968349
2024-02-19 00:00:00+00:00,52138.5,52424.9,51902.7,52086.7,80910.90070163
2024-02-19 02:00:00+00:00,52086.6,52210.7,51980.3,52064.1,31041.46580223
2024-02-19 04:00:00+00:00,52064.1,52222.9,51987.1,52136.1,34291.39984298
2024-02-19 06:00:00+00:00,52136.2,52489.2,52136.2,52396.2,71847.34823725
2024-02-19 08:00:00+00:00,52396.2,52416.1,52066.7,52257.4,35849.27005882
2024-02-19 10:00:00+00:00,52257.4,52451.2,52159.3,52338.0,6534.77299064
2024-02-19 12:00:00+00:00,52338.1,52499.4,52100.0,52153.0,8661.91560567
2024-02-19 14:00:00+00:00,52148.9,52349.9,52028.7,52127.6,8477.52376932
2024-02-19 16:00:00+00:00,52127.7,52316.3,51683.9,52154.6,12822.02466754
2024-02-19 18:00:00+00:00,52156.0,52288.5,51770.7,51822.1,6884.32442983
2024-02-19 20:00:00+00:00,51820.9,51980.0,51702.5,51899.0,6777.10216814
2024-02-19 22:00:00+00:00,51900.8,52111.0,51698.6,51772.3,7623.68821763
2024-02-20 00:00:00+00:00,51775.6,51830.3,51298.1,51625.0,23399.40357988
2024-02-20 02:00:00+00:00,51625.0,51699.1,51540.0,51565.8,1948.61305471
2024-02-20 04:00:00+00:00,51565.2,51985.4,51564.8,51902.3,6508.33160524
2024-02-20 06:00:00+00:00,51909.0,52043.9,51814.0,51840.5,5850.66349802
2024-02-20 08:00:00+00:00,51838.9,51874.6,51553.0,51764.9,10891.70162305
2024-02-20 10:00:00+00:00,51757.7,52385.8,51560.0,52293.2,10359.37221546
2024-02-20 12:00:00+00:00,52293.2,53003.9,52133.6,52838.9,22632.50760503
2024-02-20 14:00:00+00:00,52838.9,52872.6,51353.4,51676.9,127315.62274829
2024-02-20 16:00:00+00:00,51676.9,51784.9,50762.4,51321.1,29980.06098396
2024-02-20 18:00:00+00:00,51321.2,52128.0,51234.0,52100.0,13949.44263619
2024-02-20 20:00:00+00:00,52100.0,52222.8,51830.7,52027.2,10311.47356191
2024-02-20 22:00:00+00:00,52027.2,52526.7,52002.0,52265.5,8210.69933385
2024-02-21 00:00:00+00:00,52265.5,52375.0,52049.3,52104.8,6640.26625039
2024-02-21 02:00:00+00:00,52104.8,52158.9,51989.5,52002.0,5429.13021867
2024-02-21 04:00:00+00:00,52002.0,52110.0,51816.6,51832.8,5910.93727243
2024-02-21 06:00:00+00:00,51832.8,51892.2,51470.0,51565.5,9560.76647479
2024-02-21 08:00:00+00:00,51565.6,51800.0,51008.8,51095.4,12283.02973017
2024-02-21 10:00:00+00:00,51095.5,51408.7,50813.4,50968.0,16088.32950526
2024-02-21 12:00:00+00:00,50964.1,51443.1,50625.2,51187.1,29433.56809777
2024-02-21 14:00:00+00:00,51187.2,51360.0,50763.9,51156.9,31329.08835149
2024-02-21 16:00:00+00:00,51156.9,51496.9,50892.8,50934.2,12153.36159646
2024-02-21 18:00:00+00:00,50946.1,51115.3,50657.3,51060.0,12031.20539686
2024-02-21 20:00:00+00:00,51060.9,51392.0,50700.0,51390.8,11372.57161772
2024-02-21 22:00:00+00:00,51378.0,51947.4,51200.0,51848.0,8790.39817574
2024-02-22 00:00:00+00:00,51848.0,51928.5,51150.1,51235.2,11183.06107193
2024-02-22 02:00:00+00:00,51236.0,51658.6,51220.9,51583.5,7114.9864015
2024-02-22 04:00:00+00:00,51583.5,51679.9,51350.1,51523.5,5951.89484695
2024-02-22 06:00:00+00:00,51523.5,51912.0,51523.4,51825.6,7765.8759743
2024-02-22 08:00:00+00:00,51825.6,52036.4,51624.3,51943.9,10877.60920355
2024-02-22 10:00:00+00:00,51943.9,52008.6,51520.0,51625.4,7808.43049217
2024-02-22 12:00:00+00:00,51625.5,51730.6,50936.2,51161.5,13448.95994437
2024-02-22 14:00:00+00:00,51161.6,51663.4,50717.9,51602.4,14216.44402726
2024-02-22 16:00:00+00:00,51602.4,51747.4,51357.9,51689.2,9899.54189463
2024-02-22 18:00:00+00:00,51689.2,51723.4,51465.2,51515.5,6646.2459873
2024-02-22 20:00:00+00:00,51515.6,52200.0,51440.0,51659.0,13289.75334021
2024-02-22 22:00:00+00:00,51659.1,51750.0,51182.1,51290.1,8028.8655511
2024-02-23 00:00:00+00:00,51290.1,51547.3,51265.0,51312.9,5665.019352
2024-02-23 02:00:00+00:00,51313.0,51424.2,50960.0,51099.9,10065.0831149
2024-02-23 04:00:00+00:00,51100.0,51323.9,51000.0,51233.2,6814.1105892
2024-02-23 06:00:00+00:00,51233.2,51341.6,50879.1,50916.0,9001.90964024
2024-02-23 08:00:00+00:00,50916.1,51162.1,50831.2,51010.7,10848.53299263
2024-02-23 10:00:00+00:00,51010.8,51266.1,50926.1,51212.0,5070.81810696
2024-02-23 12:00:00+00:00,51221.4,51226.0,50916.4,51055.8,7990.98949291
2024-02-23 14:00:00+00:00,51057.4,51330.0,50500.0,50911.8,24333.15099825
2024-02-23 16:00:00+00:00,50908.6,51219.0,50625.0,51130.5,56866.19529311
2024-02-23 18:00:00+00:00,51130.6,51200.0,50993.0,51100.2,5564.99032004
2024-02-23 20:00:00+00:00,51100.2,51165.5,50960.8,50977.8,4387.12225712
2024-02-23 22:00:00+00:00,50977.8,51022.1,50511.5,50746.4,6897.8352494
2024-02-24 00:00:00+00:00,50748.2,50943.4,50588.7,50593.7,7685.53901029
2024-02-24 02:00:00+00:00,50592.0,50859.7,50560.0,50849.6,4213.20714961
2024-02-24 04:00:00+00:00,50849.6,51064.8,50709.6,51042.6,3828.14533446
2024-02-24 06:00:00+00:00,51041.4,51105.3,50892.8,51077.6,3260.68500764
2024-02-24 08:00:00+00:00,51079.3,51122.0,50926.1,51080.0,4551.58873506
2024-02-24 10:00:00+00:00,51080.0,51171.0,51029.0,51123.3,3624.39726243
2024-02-24 12:00:00+00:00,51123.2,51174.5,51026.9,51139.9,3071.34308227
2024-02-24 14:00:00+00:00,51140.0,51161.9,51071.1,51101.0,2814.92241209
2024-02-24 16:00:00+00:00,51101.0,51695.9,51097.5,51520.0,6372.04502584
2024-02-24 18:00:00+00:00,51520.0,51700.0,51411.8,51558.7,6585.5896465
2024-02-24 20:00:00+00:00,51558.7,51641.5,51402.9,51562.2,5709.92033785
2024-02-24 22:00:00+00:00,51558.1,51681.6,51494.6,51563.5,3472.48434804
2024-02-25 00:00:00+00:00,51567.4,51690.0,51437.6,51683.8,4066.27855702
2024-02-25 02:00:00+00:00,51685.9,51894.6,51456.1,51624.9,8300.45594571
2024-02-25 04:00:00+00:00,51625.0,51726.0,51500.0,51665.3,4651.31957972
2024-02-25 06:00:00+00:00,51665.3,51817.8,51599.9,51724.7,5709.23040936
2024-02-25 08:00:00+00:00,51722.1,51817.8,51533.6,51644.4,4602.57516181
2024-02-25 10:00:00+00:00,51644.4,51714.2,51554.2,51644.1,3509.551261
2024-02-25 12:00:00+00:00,51644.1,51695.1,51541.5,51612.7,4488.35351268
2024-02-25 14:00:00+00:00,51612.7,51790.0,51430.4,51522.1,7519.18553809
2024-02-25 16:00:00+00:00,51522.1,51664.5,51260.5,51568.3,7312.47972476
2024-02-25 18:00:00+00:00,51568.3,51744.3,51250.0,51678.0,4055.83869975
2024-02-25 20:00:00+00:00,51672.3,51982.0,51553.1,51765.0,8114.89227701
2024-02-25 22:00:00+00:00,51765.0,51865.3,51630.6,51731.5,4443.85498881
2024-02-26 00:00:00+00:00,51731.5,51801.9,51470.8,51473.7,5962.63912187
2024-02-26 02:00:00+00:00,51473.8,51570.9,51402.9,51557.9,4165.13720848
2024-02-26 04:00:00+00:00,51558.1,51598.5,51402.9,51577.3,3799.21726127
2024-02-26 06:00:00+00:00,51577.1,51610.0,51292.2,51293.2,4133.46818521
2024-02-26 08:00:00+00:00,51293.2,51442.0,50906.4,50950.0,12520.42672042
2024-02-26 10:00:00+00:00,50950.0,51292.6,50940.0,51091.5,7284.9019579
2024-02-26 12:00:00+00:00,51091.5,51442.0,50949.0,51227.0,6796.04263063
2024-02-26 14:00:00+00:00,51227.0,52842.2,51200.0,52842.2,17377.754776
2024-02-26 16:00:00+00:00,52842.1,53605.7,52666.8,53487.4,26551.2856689
2024-02-26 18:00:00+00:00,53410.9,54533.9,53280.4,54489.5,28391.52236989
2024-02-26 20:00:00+00:00,54486.0,54908.0,54250.0,54634.1,16884.15862518
2024-02-26 22:00:00+00:00,54634.1,54800.0,54440.8,54471.0,7996.39794745
2024-02-27 00:00:00+00:00,54471.0,55800.0,54444.4,55782.1,15498.32776109
2024-02-27 02:00:00+00:00,55778.9,56920.1,55536.1,55677.8,64886.81948029
2024-02-27 04:00:00+00:00,55680.0,56196.8,55588.0,56064.1,13901.87908955
2024-02-27 06:00:00+00:00,56062.1,56455.3,55997.5,56050.6,9406.16935464
2024-02-27 08:00:00+00:00,56050.6,56735.8,56000.0,56614.9,12504.49097702
2024-02-27 10:00:00+00:00,56614.9,56811.0,56321.1,56526.2,11062.96176819
2024-02-27 12:00:00+00:00,56526.2,57423.6,56451.4,57113.9,26363.66727616
2024-02-27 14:00:00+00:00,57113.8,57328.0,56615.9,56747.9,36042.69804249
2024-02-27 16:00:00+00:00,56747.9,57209.7,56242.9,56764.8,48978.10626256
2024-02-27 18:00:00+00:00,56764.8,57588.8,56666.0,57335.8,14158.37795883
2024-02-27 20:00:00+00:00,57335.6,57375.0,56578.3,56708.5,15078.23350382
2024-02-27 22:00:00+00:00,56706.7,57109.9,56577.7,57036.4,5107.28768124
2024-02-28 00:00:00+00:00,57038.7,57103.7,56759.5,56775.4,7370.58731204
2024-02-28 02:00:00+00:00,56775.5,56980.0,56700.1,56920.5,5123.65849469
2024-02-28 04:00:00+00:00,56920.6,57272.7,56890.9,57076.2,5957.81401156
2024-02-28 06:00:00+00:00,57076.2,58370.7,57047.6,58150.0,13228.46627853
2024-02-28 08:00:00+00:00,58220.0,59485.7,57968.1,59297.7,31044.38309617
2024-02-28 10:00:00+00:00,59296.0,59499.0,58541.7,58988.0,40955.8844869
2024-02-28 12:00:00+00:00,58980.0,60716.6,58892.7,60446.0,86808.62936914
2024-02-28 14:00:00+00:00,60453.0,61400.0,59744.5,60966.8,39386.13450897
2024-02-28 16:00:00+00:00,60966.8,63999.0,58379.1,61200.0,154983.38859889
2024-02-28 18:00:00+00:00,61200.2,61630.0,59266.6,61086.1,435475.6139253
2024-02-28 20:00:00+00:00,61082.0,61100.7,59666.2,60549.9,76433.64595907
2024-02-28 22:00:00+00:00,60551.8,62649.8,60440.0,62427.9,768.52718626
2024-02-29 00:00:00+00:00,62426.0,62532.7,61009.9,61367.5,3845.0096564
2024-02-29 02:00:00+00:00,61367.5,61734.4,60795.7,61554.8,8972.97686062
2024-02-29 04:00:00+00:00,61558.0,62666.1,61310.1,62530.0,12513.61071339
2024-02-29 06:00:00+00:00,62531.8,63650.0,62461.5,62698.8,17319.43935021
2024-02-29 08:00:00+00:00,62705.3,63120.0,62266.1,62689.9,19897.99979101
2024-02-29 10:00:00+00:00,62689.1,63350.7,62114.9,62947.8,14518.08077505
2024-02-29 12:00:00+00:00,62944.3,63046.6,62076.3,62930.9,44192.69647798
2024-02-29 14:00:00+00:00,62930.9,63520.7,62337.9,62775.4,29504.41926265
2024-02-29 16:00:00+00:00,62768.8,62880.3,60524.6,61084.0,171555.54214784
2024-02-29 18:00:00+00:00,61094.9,61643.0,60384.4,61593.0,34929.49943174
2024-02-29 20:00:00+00:00,61603.2,62285.6,60563.8,61386.8,527.18067028
2024-02-29 22:00:00+00:00,61390.0,61539.0,60692.6,61142.0,281.2204759
2024-03-01 00:00:00+00:00,61153.8,61760.6,61122.7,61214.5,4463.58148263
2024-03-01 02:00:00+00:00,61215.6,61222.7,60563.8,61105.0,9090.96902619
2024-03-01 04:00:00+00:00,61103.3,61600.2,61058.0,61312.1,7114.80874473
2024-03-01 06:00:00+00:00,61312.1,61772.0,61204.2,61432.4,9100.23113651
2024-03-01 08:00:00+00:00,61442.0,62250.2,61326.8,62129.6,4951.8976869
2024-03-01 10:00:00+00:00,62129.6,62198.7,61800.0,61870.1,7526.67258638
2024-03-01 12:00:00+00:00,61864.6,62681.2,61838.7,62460.7,10963.00655207
2024-03-01 14:00:00+00:00,62460.7,62513.8,61136.3,61272.0,70189.19255662
2024-03-01 16:00:00+00:00,61272.6,62100.0,61000.0,61908.7,12268.15218892
2024-03-01 18:00:00+00:00,61908.7,62492.2,61821.0,62210.0,9514.1867941
2024-03-01 20:00:00+00:00,62210.0,63108.1,62200.0,62516.5,13878.57803963
2024-03-01 22:00:00+00:00,62516.6,62712.4,62299.3,62376.9,7441.35803398
2024-03-02 00:00:00+00:00,62376.9,62454.5,61941.5,62026.8,10431.5772103
2024-03-02 02:00:00+00:00,62025.7,62450.0,61946.1,62305.6,7118.7938442
2024-03-02 04:00:00+00:00,62305.6,62312.0,61755.1,62007.9,8936.74508003
2024-03-02 06:00:00+00:00,62008.0,62256.1,61760.6,62016.9,6798.66311751
2024-03-02 08:00:00+00:00,62016.9,62118.6,61654.2,61838.8,10828.57743344
2024-03-02 10:00:00+00:00,61838.8,62043.3,61740.1,61825.0,5773.81911133
2024-03-02 12:00:00+00:00,61825.0,62161.8,61803.4,61803.4,4925.10515537
2024-03-02 14:00:00+00:00,61802.3,61982.9,61566.3,61776.7,12137.63768067
2024-03-02 16:00:00+00:00,61781.0,61947.3,61600.0,61755.7,3753.19640074
2024-03-02 18:00:00+00:00,61755.8,62111.8,61743.9,62111.8,4278.42174714
2024-03-02 20:00:00+00:00,62111.8,62192.9,61725.5,61899.9,4561.36843344
2024-03-02 22:00:00+00:00,61900.0,62090.9,61692.3,62012.0,2898.41395201
2024-03-03 00:00:00+00:00,62010.0,62076.9,61718.3,61800.1,5009.02634238
2024-03-03 02:00:00+00:00,61800.1,61999.5,61644.0,61930.2,3606.40352232
2024-03-03 04:00:00+00:00,61930.2,62100.0,61888.5,61897.7,3848.10696462
2024-03-03 06:00:00+00:00,61897.7,62042.5,61342.2,61692.7,134210.16752514
2024-03-03 08:00:00+00:00,61692.7,61907.7,61026.9,61707.9,142192.40000214
2024-03-03 10:00:00+00:00,61720.0,61835.6,61400.0,61835.6,566.56941281
2024-03-03 12:00:00+00:00,61835.9,62639.8,61809.7,62399.0,669.10589713
2024-03-03 14:00:00+00:00,62399.0,62431.5,62098.0,62180.0,665.30736369
2024-03-03 16:00:00+00:00,62171.6,62990.3,62090.9,62575.0,746.5489361
2024-03-03 18:00:00+00:00,62575.0,62875.4,62512.9,62732.0,278.64308039
2024-03-03 20:00:00+00:00,62742.6,62860.0,62500.0,62824.0,218.5101816
2024-03-03 22:00:00+00:00,62828.0,63495.5,62691.2,63107.7,419.8683851
2024-03-04 00:00:00+00:00,63112.0,64264.7,62355.2,63514.0,804.82167166
2024-03-04 02:00:00+00:00,63516.1,63892.9,63108.7,63462.0,446.94511886
2024-03-04 04:00:00+00:00,63463.5,63778.2,63223.5,63352.0,837.89014625
2024-03-04 06:00:00+00:00,63362.0,64296.4,63328.0,64069.0,812.12434651
2024-03-04 08:00:00+00:00,64069.0,65551.1,64023.7,65288.7,21092.35370286
2024-03-04 10:00:00+00:00,65288.7,65307.5,64732.0,65230.1,35055.29205195
2024-03-04 12:00:00+00:00,65230.3,65641.8,64876.9,65098.9,20653.27622644
2024-03-04 14:00:00+00:00,65106.3,66900.0,64566.7,66456.3,62453.45136984
2024-03-04 16:00:00+00:00,66460.0,67708.2,66053.0,66895.9,55968.43941934
2024-03-04 18:00:00+00:00,66873.2,67440.0,66105.9,67403.5,44435.33812666
2024-03-04 20:00:00+00:00,67393.8,67769.7,66773.0,67382.0,36501.57377581
2024-03-04 22:00:00+00:00,67379.8,68700.0,67254.0,68245.9,38367.12872795
2024-03-05 00:00:00+00:00,68245.9,68694.0,67772.3,68503.8,39350.25677687
2024-03-05 02:00:00+00:00,68507.3,68540.0,67548.1,68113.9,29571.99728706
2024-03-05 04:00:00+00:00,68108.1,68387.8,65752.9,66969.6,49225.54734222
2024-03-05 06:00:00+00:00,66969.7,67469.1,66106.2,66160.2,42090.96901913
2024-03-05 08:00:00+00:00,66134.5,66883.0,65549.7,66406.0,48039.92697493
2024-03-05 10:00:00+00:00,66405.9,67141.9,66405.9,66653.8,28481.98405714
2024-03-05 12:00:00+00:00,66658.0,68024.0,66578.0,67768.0,39898.36870167
2024-03-05 14:00:00+00:00,67764.2,69057.8,66408.4,66969.5,72724.31261163
2024-03-05 16:00:00+00:00,66976.9,67022.2,63406.8,65173.1,76920.45603881
2024-03-05 18:00:00+00:00,65160.4,65615.1,60147.8,61687.9,2304.0078576
2024-03-05 20:00:00+00:00,61674.1,63966.6,60560.1,63519.8,1376.2161565
2024-03-05 22:00:00+00:00,63541.6,64370.6,62489.6,63745.9,636.97520549
2024-03-06 00:00:00+00:00,63719.8,64151.4,63080.0,63110.9,933.42858347
2024-03-06 02:00:00+00:00,63109.4,63571.4,62666.4,63279.7,802.12139076
2024-03-06 04:00:00+00:00,63269.0,66412.5,63264.0,66412.5,950.62200162
2024-03-06 06:00:00+00:00,66405.9,66759.0,65226.0,66674.6,2902.23087859
2024-03-06 08:00:00+00:00,66675.9,68000.0,66087.3,66127.7,55668.56459747
2024-03-06 10:00:00+00:00,66128.5,67324.3,66113.6,67306.8,18059.13365811
2024-03-06 12:00:00+00:00,67301.9,67574.8,64712.3,66372.3,160439.39115168
2024-03-06 14:00:00+00:00,66374.2,67223.6,65285.6,66474.6,1125.75192769
2024-03-06 16:00:00+00:00,66482.1,67500.0,66000.0,67321.0,1496.92017845
2024-03-06 18:00:00+00:00,67309.3,67500.0,66602.9,66746.1,1017.19103947
2024-03-06 20:00:00+00:00,66746.1,67365.9,66233.6,66418.2,362.7604411
2024-03-06 22:00:00+00:00,66420.9,66567.2,65656.3,66078.1,379.0511618
2024-03-07 00:00:00+00:00,66078.1,66418.0,65546.8,66385.8,557.14049235
2024-03-07 02:00:00+00:00,66415.3,66800.0,65800.0,65850.0,10759.70715555
2024-03-07 04:00:00+00:00,65855.6,66177.6,65641.8,65801.9,10453.30537828
2024-03-07 06:00:00+00:00,65802.0,66457.0,65673.9,66384.9,8163.97768183
2024-03-07 08:00:00+00:00,66384.9,67020.3,66341.7,66712.1,9820.88276
2024-03-07 10:00:00+00:00,66709.8,67500.0,66488.9,66894.3,24963.41815393
2024-03-07 12:00:00+00:00,66899.9,67108.0,66334.4,66907.1,5643.56858165
2024-03-07 14:00:00+00:00,66910.0,67896.6,66540.1,67256.0,170517.49722927
2024-03-07 16:00:00+00:00,67254.6,67975.3,66982.0,67593.0,11681.96323517
2024-03-07 18:00:00+00:00,67597.4,67847.9,67200.0,67495.6,6147.98860281
2024-03-07 20:00:00+00:00,67495.6,68000.0,67018.0,67240.0,7698.43410238
2024-03-07 22:00:00+00:00,67241.6,67475.7,66800.0,66829.0,4733.50512099
2024-03-08 00:00:00+00:00,66829.0,67255.5,66727.5,66935.0,5648.91985462
2024-03-08 02:00:00+00:00,66934.9,67273.4,66731.0,67147.6,3533.53772292
2024-03-08 04:00:00+00:00,67160.2,67243.0,66783.3,66905.8,2958.77331243
2024-03-08 06:00:00+00:00,66905.8,67632.9,66542.7,67225.2,6226.34851961
2024-03-08 08:00:00+00:00,67225.2,67400.0,67021.2,67128.6,4104.94759024
2024-03-08 10:00:00+00:00,67130.7,67758.7,67096.0,67753.8,8195.92159915
2024-03-08 12:00:00+00:00,67745.7,67880.0,67249.1,67770.1,9546.76060218
2024-03-08 14:00:00+00:00,67774.8,69998.4,67249.1,68591.5,51379.93727678
2024-03-08 16:00:00+00:00,68591.5,68785.0,65500.0,68364.3,25067.43251401
2024-03-08 18:00:00+00:00,68334.2,68867.9,68086.6,68867.9,20323.41036181
2024-03-08 20:00:00+00:00,68868.2,69365.6,67816.0,68169.3,17921.85780031
2024-03-08 22:00:00+00:00,68177.9,68426.5,67855.0,68124.9,5665.92905807
2024-03-09 00:00:00+00:00,68124.9,68268.4,67859.1,67917.9,4777.52685335
2024-03-09 02:00:00+00:00,67917.9,68277.2,67872.3,68242.9,4169.88370553
2024-03-09 04:00:00+00:00,68249.6,68361.9,68129.0,68244.9,2625.65328166
2024-03-09 06:00:00+00:00,68245.0,68566.3,68151.8,68296.4,3996.11302747
2024-03-09 08:00:00+00:00,68292.4,68463.1,68171.0,68309.2,3246.29061879
2024-03-09 10:00:00+00:00,68309.2,68366.6,67950.1,68302.0,6054.25317099
2024-03-09 12:00:00+00:00,68306.8,68516.0,68192.8,68342.5,3010.15269994
2024-03-09 14:00:00+00:00,68342.6,68395.5,68101.2,68288.8,3933.92997503
2024-03-09 16:00:00+00:00,68288.8,68317.0,68000.0,68160.4,4543.8376757
2024-03-09 18:00:00+00:00,68160.5,68333.3,68120.0,68195.9,2963.55394752
2024-03-09 20:00:00+00:00,68196.1,68417.9,68196.1,68377.7,2343.59676444
2024-03-09 22:00:00+00:00,68377.7,68435.4,68269.6,68311.6,2035.07254694
2024-03-10 00:00:00+00:00,68318.4,69250.0,68203.4,68959.0,11033.95133345
2024-03-10 02:00:00+00:00,68966.5,69213.8,68709.2,69129.8,5829.90174818
2024-03-10 04:00:00+00:00,69129.7,69655.1,69018.0,69400.0,7255.36225724
2024-03-10 06:00:00+00:00,69329.3,69444.7,69077.9,69362.8,3391.18342469
2024-03-10 08:00:00+00:00,69370.2,69868.1,69176.6,69796.0,19880.38813993
2024-03-10 10:00:00+00:00,69828.7,69905.7,69300.0,69566.0,6639.3329405
2024-03-10 12:00:00+00:00,69566.0,69847.8,69144.0,69324.4,12512.0175491
2024-03-10 14:00:00+00:00,69324.4,69479.0,68661.3,69191.4,40953.25472415
2024-03-10 16:00:00+00:00,69191.5,70000.0,69162.2,69421.8,5750.63443927
2024-03-10 18:00:00+00:00,69421.7,69480.2,69128.7,69412.4,3813.82464695
2024-03-10 20:00:00+00:00,69412.5,69465.0,69084.6,69102.7,2445.32373405
2024-03-10 22:00:00+00:00,69102.9,69104.6,68095.9,68953.6,32926.75514191
2024-03-11 00:00:00+00:00,68953.7,68953.7,67560.0,68297.7,103496.27322655
2024-03-11 02:00:00+00:00,68299.1,68625.1,68124.8,68601.0,8016.21398319
2024-03-11 04:00:00+00:00,68597.6,68807.5,68471.0,68551.2,5600.34837137
2024-03-11 06:00:00+00:00,68547.5,71236.9,68448.0,70932.0,78215.067857
2024-03-11 08:00:00+00:00,70948.0,71833.3,70917.1,71770.7,34664.13844885
2024-03-11 10:00:00+00:00,71770.7,72201.8,71100.0,71519.0,21455.92798279
2024-03-11 12:00:00+00:00,71509.8,72443.5,71343.4,71503.7,42935.31253584
2024-03-11 14:00:00+00:00,71504.4,72662.4,71504.4,72008.1,18424.78023519
2024-03-11 16:00:00+00:00,72008.1,72733.3,71805.4,72477.3,125917.8341773
2024-03-11 18:00:00+00:00,72477.4,72800.2,71778.9,71983.0,10849.51190138
2024-03-11 20:00:00+00:00,71982.8,72593.4,71848.0,72520.0,2784.70621912
2024-03-11 22:00:00+00:00,72520.1,72750.0,72000.8,72085.5,6106.70690674
2024-03-12 00:00:00+00:00,72085.6,72650.0,71906.2,72435.0,5592.42460731
2024-03-12 02:00:00+00:00,72434.9,72615.3,71450.9,71615.5,28140.62070335
2024-03-12 04:00:00+00:00,71615.4,72071.9,71317.5,71980.1,6769.07921048
2024-03-12 06:00:00+00:00,71980.1,72343.9,71451.7,72121.8,7954.57163961
2024-03-12 08:00:00+00:00,72121.8,72196.0,71404.9,71941.4,64890.25426749
2024-03-12 10:00:00+00:00,71941.4,72360.5,71641.7,72028.0,9987.31316057
2024-03-12 12:00:00+00:00,72024.2,72403.3,71467.7,72300.0,53624.4097502
2024-03-12 14:00:00+00:00,72297.0,73003.0,70876.8,71702.0,69195.23185962
2024-03-12 16:00:00+00:00,71702.2,71833.3,68892.1,70965.0,36073.98033416
2024-03-12 18:00:00+00:00,70982.3,71664.8,70160.0,71341.6,23218.37976135
2024-03-12 20:00:00+00:00,71341.6,71350.1,70604.0,70851.5,5968.93434707
2024-03-12 22:00:00+00:00,70851.6,71545.0,70678.6,71451.8,6156.15197328
2024-03-13 00:00:00+00:00,71450.0,72114.3,71120.9,72008.1,7796.09628034
2024-03-13 02:00:00+00:00,72001.7,72200.0,71450.0,72055.6,5075.34293532
2024-03-13 04:00:00+00:00,72060.9,72213.3,71924.8,72155.3,4956.07654112
2024-03-13 06:00:00+00:00,72152.1,73184.2,72046.5,72857.2,10892.5726461
2024-03-13 08:00:00+00:00,72856.3,73631.9,72827.6,73304.2,10194.6801638
2024-03-13 10:00:00+00:00,73304.1,73468.9,73001.7,73069.5,5215.87410223
2024-03-13 12:00:00+00:00,73087.8,73192.1,71999.9,72020.0,83338.7898434
2024-03-13 14:00:00+00:00,72048.0,73087.5,71170.3,72624.1,79024.168848
2024-03-13 16:00:00+00:00,72624.2,73181.8,72300.0,72818.1,12924.88694842
2024-03-13 18:00:00+00:00,72824.2,73376.8,72600.0,73337.5,7766.83839743
2024-03-13 20:00:00+00:00,73363.8,73416.1,72932.7,73241.0,5775.13071901
2024-03-13 22:00:00+00:00,73244.0,73396.5,72840.1,73082.8,6006.07833341
2024-03-14 00:00:00+00:00,73082.8,73173.2,72504.7,72929.6,11014.66689259
2024-03-14 02:00:00+00:00,72929.5,73292.8,72808.5,73264.3,4645.63102749
2024-03-14 04:00:00+00:00,73265.6,73666.9,72683.2,73147.9,20119.66081661
2024-03-14 06:00:00+00:00,73147.9,73775.0,72884.0,73216.8,10784.11315777
2024-03-14 08:00:00+00:00,73228.3,73532.0,73170.7,73331.8,16803.77929869
2024-03-14 10:00:00+00:00,73331.8,73342.1,72619.4,72884.2,18689.17896751
2024-03-14 12:00:00+00:00,72884.1,73200.0,71487.1,71678.1,32972.53130495
2024-03-14 14:00:00+00:00,71678.1,72200.0,70691.4,70864.6,32570.66266655
2024-03-14 16:00:00+00:00,70869.4,71454.1,68911.7,71032.6,51540.79025213
2024-03-14 18:00:00+00:00,71032.6,71063.3,69992.5,70100.0,21823.57588871
2024-03-14 20:00:00+00:00,70110.0,71183.3,69990.2,71103.2,24707.56324735
2024-03-14 22:00:00+00:00,71103.3,71713.8,71028.0,71399.3,10291.38485077
2024-03-15 00:00:00+00:00,71399.3,72427.5,71260.5,71630.5,15052.55386985
2024-03-15 02:00:00+00:00,71630.4,72000.9,66666.0,68212.0,4884.91252913
2024-03-15 04:00:00+00:00,68212.0,68499.9,66890.3,67445.8,1339.36644771
2024-03-15 06:00:00+00:00,67452.1,68860.7,67303.0,68449.7,19694.67146674
2024-03-15 08:00:00+00:00,68449.9,68609.2,64772.6,65379.3,29263.74699241
2024-03-15 10:00:00+00:00,65379.3,68263.2,65379.3,67694.7,24202.24029534
2024-03-15 12:00:00+00:00,67708.2,68654.1,67200.0,68471.4,129537.6868942
2024-03-15 14:00:00+00:00,68472.5,68839.9,67555.0,68161.6,16539.38794376
2024-03-15 16:00:00+00:00,68161.6,68700.0,67569.9,68208.1,12878.5517623
2024-03-15 18:00:00+00:00,68218.3,70586.9,67746.4,68627.3,24906.38120917
2024-03-15 20:00:00+00:00,68627.3,68631.4,67602.0,68191.9,3170.01075327
2024-03-15 22:00:00+00:00,68300.0,69733.8,68191.9,69497.3,7237.77026538
2024-03-16 00:00:00+00:00,69494.4,70053.0,68928.5,69255.0,3992.46847058
2024-03-16 02:00:00+00:00,69160.0,69332.0,68552.7,69200.0,2344.56613123
2024-03-16 04:00:00+00:00,69200.1,69300.0,68566.3,68983.0,6725.10007815
2024-03-16 06:00:00+00:00,68985.6,69460.0,68600.0,69428.1,3149.50398643
2024-03-16 08:00:00+00:00,69429.7,69442.7,68762.1,68954.0,3586.75214817
2024-03-16 10:00:00+00:00,68953.9,69067.9,67757.7,68266.6,9686.03853923
2024-03-16 12:00:00+00:00,68266.6,68767.2,67500.0,67737.1,9181.41226494
2024-03-16 14:00:00+00:00,67740.1,68499.9,67400.0,68366.8,6752.23974813
2024-03-16 16:00:00+00:00,68385.9,68469.9,67386.2,67472.1,7509.81485101
2024-03-16 18:00:00+00:00,67472.1,68600.0,66918.7,66931.0,499.03464693
2024-03-16 20:00:00+00:00,66931.0,67533.1,66000.0,66245.2,7769.99448228
2024-03-16 22:00:00+00:00,66245.2,66800.0,63184.6,63497.1,7361.31500416
2024-03-17 00:00:00+00:00,63497.1,66304.7,63497.1,66171.9,11370.48484782
2024-03-17 02:00:00+00:00,66171.9,66984.3,65600.0,66544.1,4238.51602829
2024-03-17 04:00:00+00:00,66544.0,66647.0,66002.7,66236.8,4748.97284521
2024-03-17 06:00:00+00:00,66236.8,66500.0,62934.3,65634.6,8072.03182209
2024-03-17 08:00:00+00:00,65636.3,67103.5,65200.0,66461.8,10385.34376004
2024-03-17 10:00:00+00:00,66462.1,67559.0,66412.9,66947.2,8030.71665199
2024-03-17 12:00:00+00:00,66948.0,67429.8,66036.9,67104.2,8889.62126147
2024-03-17 14:00:00+00:00,67126.2,68128.8,66915.6,67959.1,4432.54326212
2024-03-17 16:00:00+00:00,67981.6,68687.7,67593.3,68598.0,6830.55752141
2024-03-17 18:00:00+00:00,68687.7,68687.7,67747.5,68532.9,4798.11623833
2024-03-17 20:00:00+00:00,68536.0,68666.5,67980.0,68150.3,3219.71035099
2024-03-17 22:00:00+00:00,68153.3,68879.6,68000.0,68399.1,8890.70396446
2024-03-18 00:00:00+00:00,68399.0,68450.7,66705.6,67634.5,13258.46683551
2024-03-18 02:00:00+00:00,67634.6,68151.8,67082.2,67975.2,7318.16516608
2024-03-18 04:00:00+00:00,67975.2,68949.1,67650.0,68697.0,8667.81823007
2024-03-18 06:00:00+00:00,68695.9,68770.6,68000.0,68211.9,6753.21900302
2024-03-18 08:00:00+00:00,68212.2,68263.2,66943.3,67840.5,13609.65860203
2024-03-18 10:00:00+00:00,67842.9,68949.0,67479.6,68251.6,8701.3912089
2024-03-18 12:00:00+00:00,68253.4,68612.9,67432.2,67564.9,5258.97794883
2024-03-18 14:00:00+00:00,67598.8,68000.0,66666.0,67482.7,27629.48398148
2024-03-18 16:00:00+00:00,67490.3,68404.0,66568.1,67383.6,12858.48365921
2024-03-18 18:00:00+00:00,67383.6,67446.9,66886.0,66947.8,9681.44688177
2024-03-18 20:00:00+00:00,66955.7,67879.9,66946.4,67610.9,5392.6622202
2024-03-18 22:00:00+00:00,67612.1,67992.4,67255.9,67611.9,4189.79579119
2024-03-19 00:00:00+00:00,67612.0,68120.0,64158.5,64179.8,11426.8856788
2024-03-19 02:00:00+00:00,64179.8,66400.0,63948.8,65850.0,12304.64092224
2024-03-19 04:00:00+00:00,65894.4,65988.5,64323.5,65210.6,17396.37127724
2024-03-19 06:00:00+00:00,65210.5,65426.6,61998.0,64699.9,9610.636854
2024-03-19 08:00:00+00:00,64699.9,64705.9,61418.7,61958.0,9254.06438717
2024-03-19 10:00:00+00:00,61958.0,63450.0,61573.0,63082.9,1189.52297678
2024-03-19 12:00:00+00:00,63082.9,64000.0,62800.0,63558.1,845.84339244
2024-03-19 14:00:00+00:00,63560.0,64151.3,62067.2,64081.6,1186.44437808
2024-03-19 16:00:00+00:00,64060.0,65748.1,63822.8,64876.0,1209.73425805
2024-03-19 18:00:00+00:00,64873.5,65310.0,64208.0,64409.4,539.74117055
2024-03-19 20:00:00+00:00,64407.7,64499.6,63554.2,63976.5,403.88741626
2024-03-19 22:00:00+00:00,63959.5,64029.2,61496.8,62044.3,831.69244262
2024-03-20 00:00:00+00:00,61949.0,63380.2,61643.0,62344.0,801.43651135
2024-03-20 02:00:00+00:00,62359.6,63425.0,61675.2,61746.5,937.27294035
2024-03-20 04:00:00+00:00,61746.5,62410.0,60761.5,61565.9,2116.57233578
2024-03-20 06:00:00+00:00,61552.8,63175.9,61500.0,62969.3,7691.42686457
2024-03-20 08:00:00+00:00,62969.3,63567.8,62405.9,63220.5,11966.19214367
2024-03-20 10:00:00+00:00,63221.8,63902.3,62855.7,63383.2,9868.57813246
2024-03-20 12:00:00+00:00,63384.9,64319.2,63076.8,63604.2,14616.11380098
2024-03-20 14:00:00+00:00,63604.3,64394.2,63400.0,63600.0,14307.62411976
2024-03-20 16:00:00+00:00,63607.8,64577.9,62075.3,64127.4,5594.56716857
2024-03-20 18:00:00+00:00,64127.4,65975.3,63941.6,65766.5,26283.4765797
2024-03-20 20:00:00+00:00,65766.5,68000.0,65452.1,67680.3,7097.78595514
2024-03-20 22:00:00+00:00,67683.3,68092.3,67360.0,67843.4,9603.50782754
2024-03-21 00:00:00+00:00,67843.3,68308.2,67365.8,67815.1,6905.94069523
2024-03-21 02:00:00+00:00,67796.0,68000.0,66356.5,66674.0,8234.59903557
2024-03-21 04:00:00+00:00,66674.0,67062.2,66091.9,66990.0,13121.41823026
2024-03-21 06:00:00+00:00,66992.0,67400.0,66645.1,66993.9,7143.24658561
2024-03-21 08:00:00+00:00,66994.0,67739.5,66653.5,66840.1,5827.48147964
2024-03-21 10:00:00+00:00,66841.8,67200.0,66582.6,67054.9,7402.35387568
2024-03-21 12:00:00+00:00,67055.0,67674.0,66640.3,66738.0,10738.76233381
2024-03-21 14:00:00+00:00,66738.1,67390.6,66000.0,66547.1,14265.49179016
2024-03-21 16:00:00+00:00,66547.1,67075.9,65673.8,65716.0,11142.48247411
2024-03-21 18:00:00+00:00,65727.2,66200.0,64800.0,65243.9,12984.45610787
2024-03-21 20:00:00+00:00,65243.9,65939.3,64565.8,65657.1,9779.13151268
2024-03-21 22:00:00+00:00,65654.2,65910.2,64956.5,65509.9,6881.914828
2024-03-22 00:00:00+00:00,65507.8,65999.9,65242.1,65242.1,9538.01460821
2024-03-22 02:00:00+00:00,65242.6,66165.7,65137.0,65972.3,11014.54646827
2024-03-22 04:00:00+00:00,65972.3,66427.7,65458.3,66426.0,6572.5859758
2024-03-22 06:00:00+00:00,66426.0,66630.0,66130.5,66175.3,5803.24874469
2024-03-22 08:00:00+00:00,66176.5,66578.6,65346.1,65477.9,3814.18432429
2024-03-22 10:00:00+00:00,65488.0,65619.6,64071.0,64230.4,13816.23618659
2024-03-22 12:00:00+00:00,64236.1,64663.4,61255.9,61262.1,11754.92269249
2024-03-22 14:00:00+00:00,61262.1,64310.0,61044.0,63878.1,3729.35927311
2024-03-22 16:00:00+00:00,63878.1,64046.7,62636.0,63581.0,13043.77851402
2024-03-22 18:00:00+00:00,63575.9,64333.3,63423.3,63961.9,7103.86960656
2024-03-22 20:00:00+00:00,64100.0,64120.0,62335.5,62969.5,4795.15747406
2024-03-22 22:00:00+00:00,62974.6,63808.0,62400.0,63802.9,6191.59019454
2024-03-23 00:00:00+00:00,63802.9,64360.0,63330.0,64103.4,4713.26679956
2024-03-23 02:00:00+00:00,64104.0,64333.3,62932.6,63558.7,7031.11465069
2024-03-23 04:00:00+00:00,63565.2,64135.5,63530.6,64078.0,6912.11021229
2024-03-23 06:00:00+00:00,64071.5,64832.5,63977.5,64576.0,4349.07320271
2024-03-23 08:00:00+00:00,64574.1,64826.1,64090.2,64472.0,5858.18237922
2024-03-23 10:00:00+00:00,64473.9,64714.1,64048.2,64639.0,4362.13555151
2024-03-23 12:00:00+00:00,64640.0,64907.3,64217.9,64604.9,5529.46690542
2024-03-23 14:00:00+00:00,64605.0,65376.8,64404.8,65085.1,7188.69046832
2024-03-23 16:00:00+00:00,65100.0,65985.3,64902.0,65652.1,7311.610182
2024-03-23 18:00:00+00:00,65652.1,65652.1,64800.0,64874.1,4721.53510053
2024-03-23 20:00:00+00:00,64875.0,65257.2,64512.7,64946.3,4431.9316736
2024-03-23 22:00:00+00:00,64944.6,65080.0,63947.3,64002.3,5055.23967677
2024-03-24 00:00:00+00:00,64002.3,64706.4,63960.0,64476.4,4974.72816199
2024-03-24 02:00:00+00:00,64479.9,64678.1,63800.0,63976.0,5793.96017237
2024-03-24 04:00:00+00:00,63969.9,64366.7,63674.3,64300.8,6029.80855818
2024-03-24 06:00:00+00:00,64300.1,64588.0,64050.0,64586.6,2422.99923597
2024-03-24 08:00:00+00:00,64586.6,65600.0,64400.0,64887.9,4258.54279497
2024-03-24 10:00:00+00:00,64887.9,65360.3,64885.4,65333.9,5864.16535342
2024-03-24 12:00:00+00:00,65337.4,65809.5,65096.0,65358.2,7510.51561075
2024-03-24 14:00:00+00:00,65358.2,65928.1,65200.0,65668.0,6876.5168334
2024-03-24 16:00:00+00:00,65673.1,65848.0,64660.0,65342.0,10569.12620429
2024-03-24 18:00:00+00:00,65342.0,66018.0,65341.8,65842.2,8421.66324782
2024-03-24 20:00:00+00:00,65838.9,66624.0,65740.9,66536.6,5607.35585211
2024-03-24 22:00:00+00:00,66552.2,67600.0,66494.4,67193.0,7961.92898616
2024-03-25 00:00:00+00:00,67190.3,67350.0,66440.2,66549.1,5228.03757064
2024-03-25 02:00:00+00:00,66550.9,67324.2,66396.4,67324.0,3397.23757199
2024-03-25 04:00:00+00:00,67324.0,67736.8,66894.7,67359.2,4627.74035034
2024-03-25 06:00:00+00:00,67354.1,67392.2,66602.7,66832.6,4486.86695569
2024-03-25 08:00:00+00:00,66832.0,67192.6,66494.0,67058.1,3997.28683696
2024-03-25 10:00:00+00:00,67058.1,67331.9,66500.0,66806.0,2523.94628953
2024-03-25 12:00:00+00:00,66807.6,67976.0,66789.0,67976.0,5902.45854443
2024-03-25 14:00:00+00:00,67976.0,70000.0,67528.2,69786.7,18455.55219023
2024-03-25 16:00:00+00:00,69785.8,71000.0,69421.0,70530.0,11528.31393393
2024-03-25 18:00:00+00:00,70531.8,71000.0,69922.1,70886.8,6574.28169506
2024-03-25 20:00:00+00:00,70886.8,71119.7,69329.9,69860.7,4314.60235735
2024-03-25 22:00:00+00:00,69860.7,70673.9,69500.0,69884.0,5294.71150729
2024-03-26 00:00:00+00:00,69881.9,70500.0,69590.0,70292.2,4210.20777289
2024-03-26 02:00:00+00:00,70289.4,70772.6,69999.9,70431.0,3315.91683378
2024-03-26 04:00:00+00:00,70439.3,70673.4,70050.0,70305.7,4271.24483567
2024-03-26 06:00:00+00:00,70305.4,71539.0,70000.0,70481.9,6588.53764971
2024-03-26 08:00:00+00:00,70481.9,71326.8,70293.3,71161.0,7621.41634318
2024-03-26 10:00:00+00:00,71161.0,71200.0,70282.6,70699.9,4945.38742881
2024-03-26 12:00:00+00:00,70699.9,71146.6,69654.9,70393.9,8899.12665833
2024-03-26 14:00:00+00:00,70393.9,70799.5,69310.3,70254.3,14833.89219926
2024-03-26 16:00:00+00:00,70254.3,70690.8,69271.4,70043.8,17155.10648072
2024-03-26 18:00:00+00:00,70043.9,70525.6,69449.9,69453.4,7945.71451557
2024-03-26 20:00:00+00:00,69453.4,70194.7,69423.9,70005.4,4647.736156
2024-03-26 22:00:00+00:00,70005.5,70305.8,69602.0,69995.7,4862.79762874
2024-03-27 00:00:00+00:00,69995.7,70736.9,69793.4,70326.6,7853.01309844
2024-03-27 02:00:00+00:00,70324.5,70673.1,70027.2,70394.0,4695.37482111
2024-03-27 04:00:00+00:00,70394.0,70523.7,70065.8,70474.5,3314.4146551
2024-03-27 06:00:00+00:00,70474.5,70575.0,69643.0,69706.8,6446.86020807
2024-03-27 08:00:00+00:00,69706.8,70120.8,69187.6,70047.4,7883.81903708
2024-03-27 10:00:00+00:00,70046.2,70500.0,69907.9,70209.9,6495.04059169
2024-03-27 12:00:00+00:00,70210.6,71738.8,69849.7,70057.6,8197.54531962
2024-03-27 14:00:00+00:00,70013.4,70799.6,68866.6,68887.2,1762.68390434
2024-03-27 16:00:00+00:00,68887.2,69421.0,68400.0,68683.6,11684.02872486
2024-03-27 18:00:00+00:00,68684.0,69199.9,68421.7,68672.9,11941.61414382
2024-03-27 20:00:00+00:00,68681.7,69239.8,68639.8,68939.9,5357.83230929
2024-03-27 22:00:00+00:00,68940.0,69842.0,68921.6,69461.2,5731.92218865
2024-03-28 00:00:00+00:00,69461.2,69946.5,69326.1,69441.6,5168.97818828
2024-03-28 02:00:00+00:00,69448.1,69587.2,68944.0,69291.9,5659.565181
2024-03-28 04:00:00+00:00,69291.9,69914.0,69274.6,69710.9,4344.03977288
2024-03-28 06:00:00+00:00,69710.9,70456.9,69646.1,70396.0,9637.04667967
2024-03-28 08:00:00+00:00,70396.0,71000.0,70297.8,70566.5,7564.40307104
2024-03-28 10:00:00+00:00,70566.6,70943.9,70210.4,70634.0,6883.98329924
2024-03-28 12:00:00+00:00,70633.7,71419.8,70107.2,70893.7,11378.87130497
2024-03-28 14:00:00+00:00,70900.5,71537.6,70588.2,71270.0,9075.58289163
2024-03-28 16:00:00+00:00,71270.0,71314.0,70122.8,70788.5,10479.60445799
2024-03-28 18:00:00+00:00,70788.5,70986.8,70416.5,70811.8,4218.99639327
2024-03-28 20:00:00+00:00,70812.3,70908.0,70432.1,70784.3,2956.60354387
2024-03-28 22:00:00+00:00,70784.3,71065.3,70546.7,70785.2,3174.04202234
2024-03-29 00:00:00+00:00,70785.2,70920.2,70333.3,70792.1,2363.3414933
2024-03-29 02:00:00+00:00,70792.1,70821.5,70139.4,70450.3,2594.51635446
2024-03-29 04:00:00+00:00,70450.6,70544.3,70189.8,70189.8,3321.80224059
2024-03-29 06:00:00+00:00,70188.9,70494.1,69623.9,69760.4,7348.99027747
2024-03-29 08:00:00+00:00,69764.0,70116.4,69500.0,69735.3,5778.87538355
2024-03-29 10:00:00+00:00,69735.4,70667.2,69575.8,70142.0,4929.15574049
2024-03-29 12:00:00+00:00,70142.0,71000.0,69842.0,70408.8,3854.97975952
2024-03-29 14:00:00+00:00,70408.9,71000.0,68920.0,69142.0,6990.66128947
2024-03-29 16:00:00+00:00,69141.9,69704.0,69056.6,69408.1,4460.95907287
2024-03-29 18:00:00+00:00,69408.2,69660.0,68999.9,69660.0,3253.70087036
2024-03-29 20:00:00+00:00,69661.4,69718.1,69291.0,69427.9,1567.55091457
2024-03-29 22:00:00+00:00,69428.0,69917.5,69404.3,69857.8,3199.85442076
2024-03-30 00:00:00+00:00,69857.8,70159.4,69720.0,69983.8,2586.03617312
2024-03-30 02:00:00+00:00,69983.9,70030.0,69600.0,69780.0,2840.93808999
2024-03-30 04:00:00+00:00,69780.0,70311.9,69752.1,70012.4,3069.52845692
2024-03-30 06:00:00+00:00,70012.4,70110.4,69829.9,69864.1,3333.19853026
2024-03-30 08:00:00+00:00,69865.1,70147.5,69815.5,70008.3,3394.99752534
2024-03-30 10:00:00+00:00,70008.4,70181.5,69933.9,70175.3,1742.9230756
2024-03-30 12:00:00+00:00,70175.8,70255.4,70076.8,70153.3,2166.06654422
2024-03-30 14:00:00+00:00,70153.3,70189.8,69920.5,70001.9,3275.91086337
2024-03-30 16:00:00+00:00,70001.9,70283.7,69900.0,70033.5,2426.24937908
2024-03-30 18:00:00+00:00,70033.5,70033.5,69676.0,69895.6,2215.97764229
2024-03-30 20:00:00+00:00,69886.4,69900.0,69622.7,69723.5,2492.47300315
2024-03-30 22:00:00+00:00,69716.2,70000.0,69560.0,69602.8,3147.04720971
2024-03-31 00:00:00+00:00,69613.2,70099.1,69372.7,70045.5,3487.0523848
2024-03-31 02:00:00+00:00,70045.5,70140.3,69775.6,69916.1,3041.70616504
2024-03-31 04:00:00+00:00,69916.1,70461.4,69874.2,70340.0,3227.07199656
2024-03-31 06:00:00+00:00,70340.0,70392.0,69933.3,70304.2,3141.66419569
2024-03-31 08:00:00+00:00,70305.9,70463.0,70163.1,70229.2,2843.2090432
2024-03-31 10:00:00+00:00,70229.1,70434.0,70182.4,70385.5,2219.46493289
2024-03-31 12:00:00+00:00,70385.5,70733.0,70359.0,70586.2,3389.28157127
2024-03-31 14:00:00+00:00,70592.7,70696.4,70290.2,70391.0,2758.79605378
2024-03-31 16:00:00+00:00,70391.0,70677.9,70263.0,70511.5,2513.54356543
2024-03-31 18:00:00+00:00,70511.6,71236.9,70400.0,71010.1,5287.28122586
2024-03-31 20:00:00+00:00,71021.9,71120.0,70626.7,70845.3,3119.93427639
2024-03-31 22:00:00+00:00,70850.0,71382.8,70822.8,71296.8,2971.07202219
2024-04-01 00:00:00+00:00,71296.5,71383.4,70800.0,70825.0,2228.95034281
2024-04-01 02:00:00+00:00,70825.0,70901.8,70527.7,70605.0,2932.236697
2024-04-01 04:00:00+00:00,70590.8,70649.9,69450.0,69450.0,3740.10816922
2024-04-01 06:00:00+00:00,69495.8,70000.0,67457.5,69603.0,4363.23546341
2024-04-01 08:00:00+00:00,69603.0,69606.3,69171.4,69389.7,5576.75763485
2024-04-01 10:00:00+00:00,69389.7,69842.0,69000.0,69457.9,4492.09155169
2024-04-01 12:00:00+00:00,69463.9,70078.4,69000.0,69882.5,4258.49720587
2024-04-01 14:00:00+00:00,69891.9,69940.1,66495.7,68248.0,10983.58414202
2024-04-01 16:00:00+00:00,68248.0,68778.0,68080.7,68736.9,11458.81102575
2024-04-01 18:00:00+00:00,68737.0,69799.0,68450.0,69657.0,8137.67587335
2024-04-01 20:00:00+00:00,69654.8,70217.9,69100.0,69586.6,4864.51391348
2024-04-01 22:00:00+00:00,69585.2,69859.8,69421.0,69665.0,4554.5254254
2024-04-02 00:00:00+00:00,69661.9,69742.8,69000.0,69393.1,4863.18229142
2024-04-02 02:00:00+00:00,69394.4,69420.0,64896.9,66693.8,5385.95837186
2024-04-02 04:00:00+00:00,66707.9,66897.4,66043.9,66754.2,6539.55588103
2024-04-02 06:00:00+00:00,66754.2,67104.1,66452.2,66467.8,5243.17210858
2024-04-02 08:00:00+00:00,66467.8,66692.9,64312.2,66095.9,11553.72131867
2024-04-02 10:00:00+00:00,66080.0,66295.7,65200.0,65625.3,11881.64577393
2024-04-02 12:00:00+00:00,65626.7,66200.0,64500.0,65224.1,14222.75977553
2024-04-02 14:00:00+00:00,65224.1,66333.3,64577.9,64812.2,11902.07575601
2024-04-02 16:00:00+00:00,64812.2,65731.0,64666.6,65621.2,11048.67203481
2024-04-02 18:00:00+00:00,65620.5,66189.8,65385.6,66072.4,8473.5053017
2024-04-02 20:00:00+00:00,66166.6,66197.1,65220.7,65667.9,5373.2644243
2024-04-02 22:00:00+00:00,65684.8,65913.5,65260.0,65449.6,5104.85718378
2024-04-03 00:00:00+00:00,65463.3,65918.2,64799.0,65822.9,10197.97134081
2024-04-03 02:00:00+00:00,65802.6,66290.3,64106.5,64382.1,533.93902494
2024-04-03 04:00:00+00:00,64382.1,64639.7,64278.7,64301.0,96.37665628
2024-04-03 06:00:00+00:00,64301.0,64543.9,64301.0,64462.5,33.56268796
2024-04-03 08:00:00+00:00,64462.5,66629.6,64348.8,66480.3,4397.53844426
2024-04-03 10:00:00+00:00,66480.4,66508.5,65562.1,66057.9,6920.20831677
2024-04-03 12:00:00+00:00,66056.9,66234.8,65600.0,65800.1,6444.01388596
2024-04-03 14:00:00+00:00,65801.0,66900.0,65600.0,65837.2,12398.77835108
2024-04-03 16:00:00+00:00,65837.2,66595.3,65500.0,65967.3,4532.5595075
2024-04-03 18:00:00+00:00,65963.3,66151.7,65500.0,65816.8,6910.03226348
2024-04-03 20:00:00+00:00,65797.8,65984.7,65360.4,65926.9,5283.87430735
2024-04-03 22:00:00+00:00,65928.9,66300.0,65659.9,65965.9,3983.9269938
2024-04-04 00:00:00+00:00,65966.5,66360.0,65722.7,66140.1,3613.6232409
2024-04-04 02:00:00+00:00,66140.0,66333.3,65500.0,65611.4,7104.97483359
2024-04-04 04:00:00+00:00,65610.6,65800.0,64800.0,65591.9,5417.22486478
2024-04-04 06:00:00+00:00,65599.8,66272.7,65478.6,66076.2,4394.73959918
2024-04-04 08:00:00+00:00,66076.2,66705.8,66000.0,66275.5,4372.37656975
2024-04-04 10:00:00+00:00,66275.5,66818.8,66140.0,66348.0,5346.22374885
2024-04-04 12:00:00+00:00,66345.8,67955.3,66270.5,67238.7,9621.74569313
2024-04-04 14:00:00+00:00,67239.0,67909.0,67084.9,67633.3,7998.5644562
2024-04-04 16:00:00+00:00,67633.9,68877.9,67400.0,68810.0,6973.82215138
2024-04-04 18:00:00+00:00,68790.0,69468.2,68300.0,68432.0,7352.77742662
2024-04-04 20:00:00+00:00,68460.1,68553.5,67400.0,67786.3,4589.97983253
2024-04-04 22:00:00+00:00,67788.3,68553.5,67603.5,68496.9,4506.4812012
2024-04-05 00:00:00+00:00,68498.0,68703.8,67840.4,68166.0,4086.76103644
2024-04-05 02:00:00+00:00,68165.8,68189.8,67404.0,67874.7,5211.32898833
2024-04-05 04:00:00+00:00,67875.4,68071.1,66397.0,66882.7,8217.0239161
2024-04-05 06:00:00+00:00,66883.2,67187.3,66433.6,66927.1,2317.9546508
2024-04-05 08:00:00+00:00,66932.8,67656.0,66258.4,66802.8,8143.45715283
2024-04-05 10:00:00+00:00,66802.8,67200.0,66398.0,66463.8,7720.95501238
2024-04-05 12:00:00+00:00,66458.0,67697.7,65577.0,67511.8,13812.44986441
2024-04-05 14:00:00+00:00,67511.3,68565.5,67011.1,68216.9,12249.16977435
2024-04-05 16:00:00+00:00,68217.8,68617.5,67356.8,67419.9,9058.4501552
2024-04-05 18:00:00+00:00,67421.9,68061.0,67318.3,67402.6,8140.2618791
2024-04-05 20:00:00+00:00,67402.0,67855.0,67349.9,67522.3,3167.37686494
2024-04-05 22:00:00+00:00,67520.0,67972.8,67510.0,67833.5,4219.8971856
2024-04-06 00:00:00+00:00,67833.5,68050.0,67505.9,67695.9,4945.7798023
2024-04-06 02:00:00+00:00,67695.9,67882.2,67461.5,67729.8,3928.83835422
2024-04-06 04:00:00+00:00,67729.9,68228.0,67729.8,68032.4,1481.97773662
2024-04-06 06:00:00+00:00,68032.4,68200.0,67776.5,68003.9,3933.23301825
2024-04-06 08:00:00+00:00,68003.9,68125.0,67780.0,67809.8,3734.94102639
2024-04-06 10:00:00+00:00,67809.8,67904.0,67636.3,67661.0,4061.84638868
2024-04-06 12:00:00+00:00,67661.1,67800.0,67399.0,67700.5,3955.15270608
2024-04-06 14:00:00+00:00,67700.6,68302.0,67338.3,68111.5,2389.75848909
2024-04-06 16:00:00+00:00,68111.5,68479.4,67736.8,68297.8,2227.40845556
2024-04-06 18:00:00+00:00,68297.8,68578.9,68181.8,68264.4,1524.95826401
2024-04-06 20:00:00+00:00,68264.4,68439.8,68179.5,68307.3,1323.26603721
2024-04-06 22:00:00+00:00,68307.3,69656.0,68291.7,68883.7,6708.22124554
2024-04-07 00:00:00+00:00,68883.7,69649.1,68833.3,69546.5,4632.53342753
2024-04-07 02:00:00+00:00,69546.5,69769.4,68926.9,69407.8,3173.66086873
2024-04-07 04:00:00+00:00,69407.9,69500.0,69071.6,69396.2,2834.08590247
2024-04-07 06:00:00+00:00,69396.6,69500.0,69000.0,69364.0,2244.53067953
2024-04-07 08:00:00+00:00,69364.0,69562.0,69203.9,69284.0,2859.67644007
2024-04-07 10:00:00+00:00,69284.0,69500.0,69200.0,69357.8,2220.52281987
2024-04-07 12:00:00+00:00,69354.8,69546.0,69207.9,69358.1,3538.3883518
2024-04-07 14:00:00+00:00,69358.2,69876.1,69225.0,69555.2,6477.47434869
2024-04-07 16:00:00+00:00,69552.1,70296.0,69233.4,69808.0,8318.21443669
2024-04-07 18:00:00+00:00,69806.1,69825.7,68899.7,69066.1,5809.66216208
2024-04-07 20:00:00+00:00,69066.1,69416.0,68960.0,69029.9,3613.26954606
2024-04-07 22:00:00+00:00,69030.0,69477.7,68672.4,69359.4,5739.95219923
2024-04-08 00:00:00+00:00,69359.5,70000.0,69068.4,69443.9,6982.55703395
2024-04-08 02:00:00+00:00,69444.0,70000.0,69120.8,69447.9,4374.98121368
2024-04-08 04:00:00+00:00,69447.9,69800.1,69279.9,69714.0,2440.50829043
2024-04-08 06:00:00+00:00,69712.4,70853.9,69414.0,70712.0,2186.67206813
2024-04-08 08:00:00+00:00,70713.0,72888.0,70357.1,72194.3,3137.65017741
2024-04-08 10:00:00+00:00,72196.0,72666.5,71660.7,72395.0,1591.6385897
2024-04-08 12:00:00+00:00,72395.1,72792.6,71409.3,71946.1,1236.01551954
2024-04-08 14:00:00+00:00,71944.0,71987.6,71253.5,71782.1,1205.24607029
2024-04-08 16:00:00+00:00,71780.1,72300.0,71250.0,71689.3,639.14561304
2024-04-08 18:00:00+00:00,71689.2,72122.0,71564.6,71733.2,402.79259023
2024-04-08 20:00:00+00:00,71733.3,71910.3,71500.3,71701.4,194.27738617
2024-04-08 22:00:00+00:00,71701.5,72016.5,71602.0,71636.9,291.59178374
2024-04-09 00:00:00+00:00,71636.9,71756.0,70857.6,71274.4,846.31761271
2024-04-09 02:00:00+00:00,71274.4,71647.4,71157.8,71291.9,691.4326015
2024-04-09 04:00:00+00:00,71291.9,71357.0,70925.0,71064.9,809.79847174
2024-04-09 06:00:00+00:00,71064.9,71265.4,70000.0,70368.1,2241.09100455
2024-04-09 08:00:00+00:00,70368.1,70847.3,68372.5,70387.1,1155.41092124
2024-04-09 10:00:00+00:00,70387.0,70895.9,70150.5,70802.2,843.05505799
2024-04-09 12:00:00+00:00,70802.2,70956.4,70000.0,70111.4,1925.9256479
2024-04-09 14:00:00+00:00,70111.9,70666.6,68284.0,69141.8,1384.0952061
2024-04-09 16:00:00+00:00,69100.0,69387.2,66550.3,68824.1,1529.51710421
2024-04-09 18:00:00+00:00,68828.0,69150.4,68666.5,69002.5,863.23993273
2024-04-09 20:00:00+00:00,69002.6,69249.8,68938.4,69210.7,352.79583376
2024-04-09 22:00:00+00:00,69210.2,69430.5,68888.7,69144.0,288.07966536
2024-04-10 00:00:00+00:00,69142.0,69316.1,68608.5,69273.4,1008.96221244
2024-04-10 02:00:00+00:00,69273.5,69586.0,66959.9,69147.9,1549.49275155
2024-04-10 04:00:00+00:00,69146.1,69411.9,69011.7,69239.8,877.38497733
2024-04-10 06:00:00+00:00,69255.3,69645.3,69200.1,69340.2,714.20390638
2024-04-10 08:00:00+00:00,69340.1,69340.8,68799.5,69137.8,1327.63606933
2024-04-10 10:00:00+00:00,69139.2,69179.4,68636.3,69044.2,1071.63297534
2024-04-10 12:00:00+00:00,69044.3,69350.0,65827.5,66026.2,970.84912888
2024-04-10 14:00:00+00:00,66026.2,68970.1,66026.2,68660.0,2247.64034618
2024-04-10 16:00:00+00:00,68650.1,69921.1,68578.5,69339.9,1321.5012743
2024-04-10 18:00:00+00:00,69365.8,70081.1,69067.4,70081.1,911.323671
2024-04-10 20:00:00+00:00,70081.1,70140.3,69560.0,70014.7,517.92390699
2024-04-10 22:00:00+00:00,70010.0,71180.0,69978.7,70637.1,501.33189071
2024-04-11 00:00:00+00:00,70644.0,70799.6,70289.3,70560.0,491.44794101
2024-04-11 02:00:00+00:00,70560.0,71057.4,70505.6,70908.6,824.8904696
2024-04-11 04:00:00+00:00,70908.6,70932.1,70375.1,70592.6,567.51588285
2024-04-11 06:00:00+00:00,70592.7,71500.0,70524.1,70736.9,1061.16958727
2024-04-11 08:00:00+00:00,70731.8,71251.9,70577.9,70609.6,976.29641463
2024-04-11 10:00:00+00:00,70610.0,70784.0,69885.1,70001.9,1266.1164797
2024-04-11 12:00:00+00:00,70002.7,70980.3,69912.8,70038.9,1796.61478214
2024-04-11 14:00:00+00:00,70041.8,70252.7,69216.3,70001.3,1204.59789715
2024-04-11 16:00:00+00:00,70001.4,70431.9,69577.4,70201.3,826.79171002
2024-04-11 18:00:00+00:00,70196.0,70530.9,69951.4,70467.4,382.7930555
2024-04-11 20:00:00+00:00,70456.1,70739.0,70049.5,70121.9,427.79439376
2024-04-11 22:00:00+00:00,70122.0,70265.0,69838.2,70016.7,203.88449119
2024-04-12 00:00:00+00:00,70012.1,70379.5,69994.2,70280.1,520.833833
2024-04-12 02:00:00+00:00,70280.1,70994.7,70210.5,70984.0,568.81651661
2024-04-12 04:00:00+00:00,70979.2,71224.0,70600.0,70960.7,500.33095814
2024-04-12 06:00:00+00:00,70960.8,71011.2,70579.3,70758.3,653.86969501
2024-04-12 08:00:00+00:00,70755.3,70893.9,70511.7,70641.2,637.11384131
2024-04-12 10:00:00+00:00,70641.2,71000.0,70524.9,70903.6,380.27591175
2024-04-12 12:00:00+00:00,70903.7,70972.5,68400.0,69610.0,3102.65903348
2024-04-12 14:00:00+00:00,69757.2,70230.4,69217.5,69346.1,1894.47135471
2024-04-12 16:00:00+00:00,69346.2,69589.7,65747.2,66393.8,2594.594383
2024-04-12 18:00:00+00:00,66393.8,66550.0,63520.5,65154.4,599.57980551
2024-04-12 20:00:00+00:00,65156.6,65540.7,65023.5,65172.9,204.31179194
2024-04-12 22:00:00+00:00,65172.9,67235.5,65146.2,67124.4,849.52662066
2024-04-13 00:00:00+00:00,67117.4,67146.1,64500.0,64642.7,2513.25004983
2024-04-13 02:00:00+00:00,64647.8,67160.0,64420.9,67145.9,1486.24508234
2024-04-13 04:00:00+00:00,67145.9,67938.3,67007.0,67337.2,1003.83311803
2024-04-13 06:00:00+00:00,67339.1,67558.7,67121.2,67455.5,902.66242855
2024-04-13 08:00:00+00:00,67444.0,67474.5,67084.5,67384.6,635.39054402
2024-04-13 10:00:00+00:00,67384.6,67822.5,67303.0,67358.5,724.13183821
2024-04-13 12:00:00+00:00,67358.6,67769.9,67167.7,67544.1,874.90204218
2024-04-13 14:00:00+00:00,67544.0,67932.2,67351.2,67668.1,1158.15466601
2024-04-13 16:00:00+00:00,67668.2,67758.2,64999.0,65069.8,696.9560181
2024-04-13 18:00:00+00:00,65093.3,66525.0,62127.0,62297.3,374.80233275
2024-04-13 20:00:00+00:00,62297.3,62383.0,58815.9,60900.0,726.14661077
2024-04-13 22:00:00+00:00,60900.0,61654.0,60580.0,61654.0,191.41829242
2024-04-14 00:00:00+00:00,61654.5,62383.0,61331.7,62159.0,459.65060103
2024-04-14 02:00:00+00:00,62150.4,64000.0,61500.0,61632.2,2795.79246505
2024-04-14 04:00:00+00:00,61632.2,64787.8,61632.2,64382.6,1500.06402339
2024-04-14 06:00:00+00:00,64386.0,64874.1,64096.4,64456.5,697.43167842
2024-04-14 08:00:00+00:00,64460.3,64875.4,63920.0,64138.7,641.62243993
2024-04-14 10:00:00+00:00,64138.7,64663.7,63877.5,64172.1,764.98656161
2024-04-14 12:00:00+00:00,64172.8,65210.5,63000.0,64387.2,783.14709434
2024-04-14 14:00:00+00:00,64516.0,64516.0,62067.7,62735.7,585.63097723
2024-04-14 16:00:00+00:00,62875.2,64576.3,62495.0,63280.0,668.21073848
2024-04-14 18:00:00+00:00,63281.5,63917.6,62500.0,62595.8,275.94413604
2024-04-14 20:00:00+00:00,62595.8,64337.0,62535.0,63690.7,384.23917816
2024-04-14 22:00:00+00:00,63680.0,65825.7,63154.2,65670.2,306.17233912
2024-04-15 00:00:00+00:00,65670.5,65910.2,65064.1,65273.0,487.69665213
2024-04-15 02:00:00+00:00,65272.9,65364.0,64789.4,65147.9,611.46138836
2024-04-15 04:00:00+00:00,65143.9,65512.0,64532.8,65464.1,1018.77594103
2024-04-15 06:00:00+00:00,65460.6,66537.5,64911.4,66256.1,1360.84947102
2024-04-15 08:00:00+00:00,66258.3,66837.8,66064.0,66580.0,1644.29720244
2024-04-15 10:00:00+00:00,66585.8,66715.8,65826.1,65861.5,971.15637137
2024-04-15 12:00:00+00:00,65861.6,66400.0,65406.5,65497.9,1713.8512557
2024-04-15 14:00:00+00:00,65497.9,65600.0,62477.5,63371.7,361.02544156
2024-04-15 16:00:00+00:00,63371.7,64117.9,61766.1,61831.9,326.37812108
2024-04-15 18:00:00+00:00,61831.9,63400.0,61263.8,61971.8,324.29961289
2024-04-15 20:00:00+00:00,61971.8,64644.7,61695.0,62060.7,206.89640842
2024-04-15 22:00:00+00:00,62060.7,63563.5,61600.0,63428.9,172.79756908
2024-04-16 00:00:00+00:00,63432.0,64141.9,62500.0,63139.6,419.91052151
2024-04-16 02:00:00+00:00,63134.8,63548.3,62744.8,62957.1,2892.22046434
2024-04-16 04:00:00+00:00,62957.1,63041.0,60812.7,62700.0,876.63804725
2024-04-16 06:00:00+00:00,62701.6,63792.1,62512.4,63517.4,2218.5889725
2024-04-16 08:00:00+00:00,63517.4,63666.6,63076.1,63225.0,1183.04676495
2024-04-16 10:00:00+00:00,63247.8,63343.9,61320.0,62092.6,857.96640103
2024-04-16 12:00:00+00:00,62237.8,63600.0,61680.0,63200.0,363.44437559
2024-04-16 14:00:00+00:00,63292.5,63822.8,61099.9,61860.0,1986.71867817
2024-04-16 16:00:00+00:00,61868.0,63000.0,61577.5,62896.0,6583.26395482
2024-04-16 18:00:00+00:00,62912.0,63276.4,62288.1,62952.1,7601.93907049
2024-04-16 20:00:00+00:00,62952.1,63212.1,62562.2,63140.1,8016.92143211
2024-04-16 22:00:00+00:00,63134.5,64350.9,63088.2,63671.4,6415.81145587
2024-04-17 00:00:00+00:00,63674.5,64230.4,63580.3,64018.3,2528.11186405
2024-04-17 02:00:00+00:00,64021.7,64298.5,63500.0,63840.0,993.38632825
2024-04-17 04:00:00+00:00,63840.1,64523.9,63600.0,63934.2,1528.94282925
2024-04-17 06:00:00+00:00,63934.2,64002.8,63186.0,63255.3,2080.47859833
2024-04-17 08:00:00+00:00,63255.3,63589.3,63009.1,63305.5,940.80078245
2024-04-17 10:00:00+00:00,63305.5,63502.1,62550.1,62603.9,2382.66183663
2024-04-17 12:00:00+00:00,62604.0,63000.0,62076.0,62684.7,4108.63926689
2024-04-17 14:00:00+00:00,62690.1,62702.7,60411.0,60940.1,8940.2925215
2024-04-17 16:00:00+00:00,60947.6,61103.9,59457.1,60003.6,7467.6361582
2024-04-17 18:00:00+00:00,60008.5,61959.9,59926.9,61834.0,6282.86813913
2024-04-17 20:00:00+00:00,61837.6,61882.7,60726.6,61320.0,8460.65673094
2024-04-17 22:00:00+00:00,61320.2,61695.0,60772.5,61512.8,6081.12901481
2024-04-18 00:00:00+00:00,61515.8,62100.0,60953.9,61645.6,4413.3084817
2024-04-18 02:00:00+00:00,61645.7,62226.0,61421.2,61994.6,690.85134297
2024-04-18 04:00:00+00:00,61994.7,62083.6,60991.9,61038.4,852.01100871
2024-04-18 06:00:00+00:00,61040.4,61281.9,61007.7,61096.9,300.62848554
2024-04-18 08:00:00+00:00,61096.9,61096.9,61096.9,61096.9,0.0
2024-04-18 10:00:00+00:00,61096.9,61096.9,61096.9,61096.9,0.0
2024-04-18 12:00:00+00:00,61100.0,61100.0,61095.9,61095.9,7.81052331
2024-04-18 14:00:00+00:00,61102.1,64288.9,61102.1,63630.0,595.02012322
2024-04-18 16:00:00+00:00,63630.0,64000.0,62763.2,62763.2,420.14597909
2024-04-18 18:00:00+00:00,62836.4,63601.1,62217.5,63488.0,332.50704029
2024-04-18 20:00:00+00:00,63484.0,63999.2,62814.5,63530.0,310.53840392
2024-04-18 22:00:00+00:00,63473.5,63665.7,62799.8,63479.4,243.14929017
2024-04-19 00:00:00+00:00,63480.2,63600.0,60903.3,61347.6,247.48175742
2024-04-19 02:00:00+00:00,61348.3,61975.0,58520.4,61775.9,1547.8155199
2024-04-19 04:00:00+00:00,61783.9,62738.5,61743.9,62076.0,475.72132527
2024-04-19 06:00:00+00:00,62082.1,65307.0,61657.0,64485.6,1190.37158901
2024-04-19 08:00:00+00:00,64466.6,65194.5,64066.6,64776.0,222.04028806
2024-04-19 10:00:00+00:00,64775.9,65990.0,64082.5,64810.5,616.89834663
2024-04-19 12:00:00+00:00,64777.0,66000.0,64350.0,64889.5,815.08195356
2024-04-19 14:00:00+00:00,64904.1,64971.5,63886.3,64439.7,1166.13433993
2024-04-19 16:00:00+00:00,64439.8,64803.4,63502.1,64631.2,821.34157059
2024-04-19 18:00:00+00:00,64629.7,64663.0,64089.2,64295.2,284.60849494
2024-04-19 20:00:00+00:00,64338.2,64444.6,63682.0,64395.9,272.42081689
2024-04-19 22:00:00+00:00,64398.9,64492.3,62962.0,63779.9,537.091634
2024-04-20 00:00:00+00:00,63814.2,64218.1,63110.0,63656.0,313.26459129
2024-04-20 02:00:00+00:00,63656.0,64095.1,63538.6,63976.0,344.36040431
2024-04-20 04:00:00+00:00,63955.7,64262.0,63819.6,64164.9,298.23609208
2024-04-20 06:00:00+00:00,64156.3,64220.0,63800.0,63962.1,288.18967643
2024-04-20 08:00:00+00:00,63964.0,64143.6,63283.5,63618.5,561.10722425
2024-04-20 10:00:00+00:00,63623.1,64000.0,63385.2,63709.9,234.94495987
2024-04-20 12:00:00+00:00,63712.8,64030.1,63480.0,63873.8,437.54060471
2024-04-20 14:00:00+00:00,63870.2,64962.7,63741.4,64811.0,463.76518076
2024-04-20 16:00:00+00:00,64806.0,65730.0,64233.4,65206.0,830.73212658
2024-04-20 18:00:00+00:00,65205.9,65500.0,64800.0,64862.0,289.74109308
2024-04-20 20:00:00+00:00,64861.8,65030.0,64626.4,64720.4,209.8957382
2024-04-20 22:00:00+00:00,64726.5,64993.1,64464.4,64938.2,166.1522534
2024-04-21 00:00:00+00:00,64938.2,65107.7,64601.9,64956.4,342.60772634
2024-04-21 02:00:00+00:00,64956.8,65704.6,64901.7,65188.0,322.46446503
2024-04-21 04:00:00+00:00,65178.1,65250.8,64789.4,65033.6,231.4194189
2024-04-21 06:00:00+00:00,65037.1,65209.8,64785.1,65149.8,356.29034161
2024-04-21 08:00:00+00:00,65146.0,65230.0,64789.4,64895.9,269.10963813
2024-04-21 10:00:00+00:00,64907.9,65449.9,64782.0,65234.1,304.03886893
2024-04-21 12:00:00+00:00,65230.8,65375.2,64787.1,64880.0,451.79420754
2024-04-21 14:00:00+00:00,64880.1,65130.8,64793.6,65043.9,550.80956518
2024-04-21 16:00:00+00:00,65044.0,65111.1,64232.8,64818.1,433.78046599
2024-04-21 18:00:00+00:00,64818.1,64870.3,64532.2,64538.5,262.95108264
2024-04-21 20:00:00+00:00,64537.7,65164.5,64360.0,64658.1,55.86613955
2024-04-21 22:00:00+00:00,64702.6,65109.3,64575.7,64937.9,147.38558166
2024-04-22 00:00:00+00:00,64938.0,65660.2,64544.3,64660.1,336.45853792
2024-04-22 02:00:00+00:00,64660.2,66430.0,64511.1,65705.9,506.43091499
2024-04-22 04:00:00+00:00,65708.0,66418.0,65378.2,66372.4,445.17132619
2024-04-22 06:00:00+00:00,66375.4,66482.2,65721.9,65976.0,381.94087845
2024-04-22 08:00:00+00:00,65978.0,66213.3,65700.0,65938.0,524.84238292
2024-04-22 10:00:00+00:00,65941.9,66190.4,65650.8,65886.0,569.19877003
2024-04-22 12:00:00+00:00,65886.0,66280.0,65649.9,66118.0,928.58618982
2024-04-22 14:00:00+00:00,66120.8,66479.2,65644.6,65994.2,986.53139135
2024-04-22 16:00:00+00:00,65996.0,66829.2,65916.6,66534.9,881.90110679
2024-04-22 18:00:00+00:00,66535.0,66690.0,66144.8,66545.7,468.39084542
2024-04-22 20:00:00+00:00,66539.8,66765.8,66331.1,66526.1,267.32007083
2024-04-22 22:00:00+00:00,66526.2,67248.0,66480.0,66824.0,535.15030278
2024-04-23 00:00:00+00:00,66815.9,67279.4,66623.6,66783.3,402.36809938
2024-04-23 02:00:00+00:00,66782.1,66911.1,66417.9,66433.9,312.03269845
2024-04-23 04:00:00+00:00,66430.9,66640.0,66173.1,66487.4,525.43756421
2024-04-23 06:00:00+00:00,66489.6,66649.9,66051.5,66103.9,387.86818198
2024-04-23 08:00:00+00:00,66104.0,66308.7,65972.3,66071.8,485.44945693
2024-04-23 10:00:00+00:00,66071.8,66315.8,65852.3,66053.9,435.70698474
2024-04-23 12:00:00+00:00,66053.9,66565.2,65737.4,66506.2,635.58397776
2024-04-23 14:00:00+00:00,66506.2,67128.4,66327.5,66416.4,1562.40371824
2024-04-23 16:00:00+00:00,66422.7,66907.2,66352.8,66759.9,470.72037647
2024-04-23 18:00:00+00:00,66759.9,66852.7,66387.4,66454.1,479.59982286
2024-04-23 20:00:00+00:00,66479.9,66828.0,65975.4,66347.9,344.32555334
2024-04-23 22:00:00+00:00,66347.7,66458.4,66114.4,66413.9,238.40320787
2024-04-24 00:00:00+00:00,66414.0,66894.7,66000.0,66740.2,312.57172672
2024-04-24 02:00:00+00:00,66740.2,66776.0,66441.6,66613.9,415.9655804
2024-04-24 04:00:00+00:00,66614.3,67091.8,66531.1,66734.1,453.89105985
2024-04-24 06:00:00+00:00,66734.1,66896.5,66499.9,66623.8,469.68394685
2024-04-24 08:00:00+00:00,66624.0,66750.0,66274.5,66361.3,392.36740839
2024-04-24 10:00:00+00:00,66361.3,66631.5,66214.4,66573.5,363.90261607
2024-04-24 12:00:00+00:00,66573.5,66729.9,65800.0,66058.6,1276.90379479
2024-04-24 14:00:00+00:00,66068.1,66237.5,64519.5,64619.7,4995.92699256
2024-04-24 16:00:00+00:00,64619.7,65130.0,64352.6,64884.6,5257.92638316
2024-04-24 18:00:00+00:00,64885.7,64920.0,63787.1,63972.0,1688.66158677
2024-04-24 20:00:00+00:00,63971.9,64444.4,63608.0,64398.1,713.04626855
2024-04-24 22:00:00+00:00,64398.0,64408.0,63827.7,64278.6,900.0090356
2024-04-25 00:00:00+00:00,64278.6,64740.9,64054.1,64068.0,443.68084972
2024-04-25 02:00:00+00:00,64066.2,64471.1,63858.5,64287.9,1095.79737001
2024-04-25 04:00:00+00:00,64288.0,64392.1,64034.8,64224.9,605.7353908
2024-04-25 06:00:00+00:00,64225.0,64397.9,63829.9,64027.3,584.21539141
2024-04-25 08:00:00+00:00,64027.2,64507.0,63718.8,63966.5,1294.49796585
2024-04-25 10:00:00+00:00,63966.6,63997.9,63234.3,63856.2,3264.87351798
2024-04-25 12:00:00+00:00,63856.3,64268.0,62783.0,63433.6,5595.95300941
2024-04-25 14:00:00+00:00,63430.0,64200.0,63200.0,64134.0,2493.63327877
2024-04-25 16:00:00+00:00,64134.1,64846.0,63971.7,64705.9,1195.75082515
2024-04-25 18:00:00+00:00,64705.9,64938.0,64400.0,64744.6,795.45570936
2024-04-25 20:00:00+00:00,64745.2,65284.2,64485.6,64706.2,729.06911991
2024-04-25 22:00:00+00:00,64706.1,64800.0,64452.1,64500.2,273.21487179
2024-04-26 00:00:00+00:00,64500.2,64666.4,63914.8,64406.6,1151.39071253
2024-04-26 02:00:00+00:00,64406.0,64755.0,64285.7,64386.1,549.33188321
2024-04-26 04:00:00+00:00,64386.0,64569.9,64039.9,64567.3,414.8542673
2024-04-26 06:00:00+00:00,64567.3,64607.9,64242.6,64278.0,516.40230006
2024-04-26 08:00:00+00:00,64278.0,64576.0,64225.0,64490.0,380.9595028
2024-04-26 10:00:00+00:00,64490.0,64570.9,64065.2,64244.0,404.81106445
2024-04-26 12:00:00+00:00,64244.1,64583.5,63687.2,64497.8,1527.05887534
2024-04-26 14:00:00+00:00,64496.0,64807.9,63347.3,63503.8,3462.08439747
2024-04-26 16:00:00+00:00,63503.7,64111.6,63326.0,63997.9,617.10870973
2024-04-26 18:00:00+00:00,63998.0,64156.1,63747.8,63747.8,315.36139071
2024-04-26 20:00:00+00:00,63747.9,64113.9,63746.0,64059.5,238.00414698
2024-04-26 22:00:00+00:00,64059.4,64078.9,63692.0,63774.1,246.17658503
2024-04-27 00:00:00+00:00,63774.2,63925.0,62396.2,62596.0,4067.07776594
2024-04-27 02:00:00+00:00,62596.0,63320.0,62494.2,63078.0,1296.43149874
2024-04-27 04:00:00+00:00,63078.1,63175.7,62787.5,62982.3,509.96289899
2024-04-27 06:00:00+00:00,62982.3,63200.0,62860.3,62972.2,439.02451652
2024-04-27 08:00:00+00:00,62972.2,63083.8,62760.0,62982.0,477.43817965
2024-04-27 10:00:00+00:00,62981.9,62991.9,62671.8,62860.2,465.53025187
2024-04-27 12:00:00+00:00,62860.2,63254.5,62807.6,63216.9,485.52460544
2024-04-27 14:00:00+00:00,63216.3,63407.7,62849.9,62955.8,461.10597367
2024-04-27 16:00:00+00:00,62955.8,63650.0,62745.2,63424.4,1017.97580357
2024-04-27 18:00:00+00:00,63422.1,63617.6,62600.5,63362.7,888.54272356
2024-04-27 20:00:00+00:00,63362.7,63465.8,63102.5,63290.3,151.13754298
2024-04-27 22:00:00+00:00,63290.4,63561.9,63166.6,63460.1,228.28097074
2024-04-28 00:00:00+00:00,63460.1,63750.0,63390.8,63607.5,263.07635635
2024-04-28 02:00:00+00:00,63607.6,64378.5,63554.2,64026.2,527.41893946
2024-04-28 04:00:00+00:00,64026.1,64060.0,63820.0,63961.1,414.41806276
2024-04-28 06:00:00+00:00,63961.2,64072.0,63804.0,63920.0,409.84760257
2024-04-28 08:00:00+00:00,63920.0,63986.1,63674.7,63758.7,536.48993837
2024-04-28 10:00:00+00:00,63758.7,63791.5,63368.7,63484.1,582.47101035
2024-04-28 12:00:00+00:00,63484.1,63866.1,63305.6,63765.4,491.84404298
2024-04-28 14:00:00+00:00,63765.5,63781.9,63454.5,63536.3,804.53712008
2024-04-28 16:00:00+00:00,63536.4,63806.0,63336.9,63760.9,422.45277999
2024-04-28 18:00:00+00:00,63761.0,63969.0,63666.6,63725.0,442.65423052
2024-04-28 20:00:00+00:00,63724.8,63780.1,63586.9,63665.4,298.25010779
2024-04-28 22:00:00+00:00,63665.5,63733.3,62791.6,63122.1,1094.48501468
2024-04-29 00:00:00+00:00,63122.0,63420.0,63007.4,63233.8,279.62630597
2024-04-29 02:00:00+00:00,63234.0,63292.2,62164.8,62291.6,2247.77161499
2024-04-29 04:00:00+00:00,62298.2,62632.8,62055.9,62447.3,1053.08690502
2024-04-29 06:00:00+00:00,62447.1,62469.6,61919.5,62409.0,2425.83094877
2024-04-29 08:00:00+00:00,62408.1,62700.0,62200.0,62530.6,803.64605379
2024-04-29 10:00:00+00:00,62530.6,62678.5,62105.2,62260.0,366.84054044
2024-04-29 12:00:00+00:00,62259.8,62661.2,61766.0,62027.4,2874.27604175
2024-04-29 14:00:00+00:00,62027.4,63106.1,61820.5,63040.0,1571.7802034
2024-04-29 16:00:00+00:00,63045.3,63205.9,62499.9,63027.4,640.66149398
2024-04-29 18:00:00+00:00,63027.4,63050.0,62542.5,62994.4,625.59758559
2024-04-29 20:00:00+00:00,62994.5,63176.6,62821.0,63089.4,264.61940489
2024-04-29 22:00:00+00:00,63088.6,64222.0,63000.0,63864.5,669.2067396
2024-04-30 00:00:00+00:00,63876.0,64750.8,63600.0,63609.6,1102.77286019
2024-04-30 02:00:00+00:00,63609.6,63896.2,63143.9,63650.8,1510.75630305
2024-04-30 04:00:00+00:00,63650.8,63708.5,63073.2,63326.3,584.11103777
2024-04-30 06:00:00+00:00,63324.4,63459.9,63129.9,63138.4,417.47278103
2024-04-30 08:00:00+00:00,63140.0,63315.5,61581.3,61684.1,6521.13334698
2024-04-30 10:00:00+00:00,61684.2,61800.0,61468.6,61581.4,1882.99697972
2024-04-30 12:00:00+00:00,61589.9,61589.9,60793.2,60827.5,1903.87221958
2024-04-30 14:00:00+00:00,60828.0,61549.0,60568.2,60778.0,4551.06763617
2024-04-30 16:00:00+00:00,60791.9,60902.0,60000.0,60366.1,5698.53520184
2024-04-30 18:00:00+00:00,60366.1,60532.7,59121.0,59281.9,3555.97241451
2024-04-30 20:00:00+00:00,59281.9,60386.8,59243.0,60177.5,4118.14757444
2024-04-30 22:00:00+00:00,60177.4,61076.7,60147.0,60685.9,568.13556658
2024-05-01 00:00:00+00:00,60675.2,60846.2,59862.0,60138.2,932.72825322
2024-05-01 02:00:00+00:00,60162.4,60313.8,59590.8,60238.7,814.01885405
2024-05-01 04:00:00+00:00,60240.5,60349.7,59617.7,60049.7,440.93057244
2024-05-01 06:00:00+00:00,60049.8,60115.9,57104.0,57500.3,4245.91477102
2024-05-01 08:00:00+00:00,57500.3,57909.5,56445.3,57120.1,6867.24024746
2024-05-01 10:00:00+00:00,57120.1,57911.8,56800.0,57901.8,7103.87197975
2024-05-01 12:00:00+00:00,57896.2,58282.1,57250.1,57279.4,2990.18862794
2024-05-01 14:00:00+00:00,57298.9,57585.7,56445.3,56881.2,3183.34056116
2024-05-01 16:00:00+00:00,56882.0,57665.9,56581.7,57492.2,2944.76091746
2024-05-01 18:00:00+00:00,57494.0,59664.1,56885.3,56963.2,3955.58977089
2024-05-01 20:00:00+00:00,56963.6,58165.9,56600.0,57906.0,5860.22650083
2024-05-01 22:00:00+00:00,57905.9,58544.1,57732.8,58350.6,3676.60140794
2024-05-02 00:00:00+00:00,58341.9,58582.5,56866.6,57114.3,1892.49947688
2024-05-02 02:00:00+00:00,57114.3,57800.0,57039.0,57436.3,1120.89380822
2024-05-02 04:00:00+00:00,57436.9,57642.3,57213.2,57483.9,498.91272949
2024-05-02 06:00:00+00:00,57486.7,57913.0,57412.2,57674.9,456.60683516
2024-05-02 08:00:00+00:00,57675.0,57972.8,57609.6,57799.2,706.47415068
2024-05-02 10:00:00+00:00,57799.3,58667.4,57581.1,58554.3,992.96278398
2024-05-02 12:00:00+00:00,58554.3,59160.7,58238.3,58449.9,1546.18160122
2024-05-02 14:00:00+00:00,58459.6,59652.9,58229.2,59270.4,2227.25297015
2024-05-02 16:00:00+00:00,59270.4,59316.9,58946.1,59196.6,637.80040952
2024-05-02 18:00:00+00:00,59197.0,59567.8,58987.8,59363.1,618.43091821
2024-05-02 20:00:00+00:00,59353.1,59621.0,58678.7,59115.7,492.46871715
2024-05-02 22:00:00+00:00,59110.4,59452.3,58813.0,59059.5,337.36308985
2024-05-03 00:00:00+00:00,59062.2,59498.2,58813.9,59315.3,364.83906065
2024-05-03 02:00:00+00:00,59315.3,59998.1,59243.1,59725.9,705.10003664
2024-05-03 04:00:00+00:00,59726.0,59840.0,59469.0,59511.9,470.97390336
2024-05-03 06:00:00+00:00,59522.0,59597.8,59074.6,59187.2,498.6659072
2024-05-03 08:00:00+00:00,59187.3,59579.8,59054.1,59482.6,426.44544365
2024-05-03 10:00:00+00:00,59482.7,59583.3,58323.8,59289.1,1652.59326157
2024-05-03 12:00:00+00:00,59295.2,61800.1,58999.0,61688.9,5809.79511333
2024-05-03 14:00:00+00:00,61688.9,62104.1,61240.0,61681.9,4559.65747805
2024-05-03 16:00:00+00:00,61683.1,62203.4,61400.0,61821.3,1071.67788872
2024-05-03 18:00:00+00:00,61812.0,62102.8,61590.0,62085.0,559.52824996
2024-05-03 20:00:00+00:00,62060.1,63200.0,61967.5,62732.0,774.11331857
2024-05-03 22:00:00+00:00,62732.4,63328.1,62399.9,62875.9,549.23501546
2024-05-04 00:00:00+00:00,62876.0,63594.1,62758.0,62869.6,479.6588441
2024-05-04 02:00:00+00:00,62863.5,62912.2,62565.9,62726.0,743.83067584
2024-05-04 04:00:00+00:00,62726.0,63446.0,62661.2,63382.0,576.10944743
2024-05-04 06:00:00+00:00,63382.1,63394.1,62876.7,62949.9,485.12553882
2024-05-04 08:00:00+00:00,62949.1,63297.2,62921.7,63168.3,589.80209581
2024-05-04 10:00:00+00:00,63174.0,64536.1,63094.9,63882.2,1932.29225196
2024-05-04 12:00:00+00:00,63882.2,64159.9,63457.6,63725.0,806.5347457
2024-05-04 14:00:00+00:00,63725.1,63958.3,63270.0,63611.9,614.27110121
2024-05-04 16:00:00+00:00,63618.8,63751.7,63342.2,63468.1,643.91824253
2024-05-04 18:00:00+00:00,63463.9,64017.7,63407.4,63920.3,451.77541494
2024-05-04 20:00:00+00:00,63920.4,64201.8,63552.0,63909.7,384.60447512
2024-05-04 22:00:00+00:00,63909.8,63948.4,63588.9,63897.9,211.8183888
2024-05-05 00:00:00+00:00,63894.2,64186.2,62890.3,63316.9,769.63161621
2024-05-05 02:00:00+00:00,63316.1,63418.5,63007.2,63239.1,449.45224839
2024-05-05 04:00:00+00:00,63238.4,63493.0,63146.0,63213.9,371.09187541
2024-05-05 06:00:00+00:00,63196.0,63951.9,63167.2,63741.8,440.3619678
2024-05-05 08:00:00+00:00,63745.2,63928.0,63554.7,63672.1,425.24360668
2024-05-05 10:00:00+00:00,63672.1,63942.0,63561.5,63863.2,318.58375872
2024-05-05 12:00:00+00:00,63863.2,64280.0,63502.1,64122.0,717.05484747
2024-05-05 14:00:00+00:00,64125.6,64637.5,63759.3,64420.0,936.14787569
2024-05-05 16:00:00+00:00,64430.2,64542.3,64165.0,64217.8,597.72222716
2024-05-05 18:00:00+00:00,64218.3,64251.9,63828.5,63880.7,341.16186449
2024-05-05 20:00:00+00:00,63880.8,63880.8,63587.3,63875.5,375.81121468
2024-05-05 22:00:00+00:00,63875.5,64233.4,63704.8,64017.0,389.3454152
2024-05-06 00:00:00+00:00,64017.7,64468.4,63966.1,64146.6,347.5229702
2024-05-06 02:00:00+00:00,64146.7,64230.6,63705.2,63870.0,399.04649224
2024-05-06 04:00:00+00:00,63870.1,64330.0,63771.4,64182.7,372.77958413
2024-05-06 06:00:00+00:00,64182.8,64565.9,64000.0,64529.0,476.24623971
2024-05-06 08:00:00+00:00,64533.4,65491.2,64440.5,65158.6,1454.83222753
2024-05-06 10:00:00+00:00,65164.1,65266.0,63826.0,64213.9,2070.47102471
2024-05-06 12:00:00+00:00,64218.0,64318.0,63286.3,63875.3,3523.38268675
2024-05-06 14:00:00+00:00,63875.3,64209.0,62900.0,63632.0,1864.68166366
2024-05-06 16:00:00+00:00,63633.7,63745.5,62958.9,63159.4,851.73840534
2024-05-06 18:00:00+00:00,63163.2,63525.0,62712.0,63218.6,568.51395331
2024-05-06 20:00:00+00:00,63220.1,63622.0,63044.1,63551.0,239.37233658
2024-05-06 22:00:00+00:00,63551.1,63589.6,63127.9,63166.6,268.39351546
2024-05-07 00:00:00+00:00,63166.7,63998.3,62958.9,63903.4,470.47175078
2024-05-07 02:00:00+00:00,63903.4,63962.0,62850.6,63230.2,961.01135173
2024-05-07 04:00:00+00:00,63230.2,63733.7,63009.7,63572.0,493.46622055
2024-05-07 06:00:00+00:00,63570.0,63841.2,63391.4,63666.9,374.71577333
2024-05-07 08:00:00+00:00,63667.7,64406.3,63595.9,64119.4,640.60918746
2024-05-07 10:00:00+00:00,64119.1,64171.0,63359.7,63488.1,560.24873773
2024-05-07 12:00:00+00:00,63495.8,63758.1,63115.8,63209.5,760.39795767
2024-05-07 14:00:00+00:00,63213.1,64328.4,63100.0,63741.9,904.19562537
2024-05-07 16:00:00+00:00,63742.0,63896.2,63315.0,63389.5,521.82378682
2024-05-07 18:00:00+00:00,63385.0,63398.0,62810.0,63063.0,381.95920262
2024-05-07 20:00:00+00:00,63062.0,63192.7,62839.6,63072.0,314.83548434
2024-05-07 22:00:00+00:00,63072.1,63114.2,62260.2,62318.1,1094.02162518
2024-05-08 00:00:00+00:00,62318.1,62712.5,62117.9,62528.0,664.95226549
2024-05-08 02:00:00+00:00,62528.0,62975.0,62527.9,62904.4,424.97258703
2024-05-08 04:00:00+00:00,62907.2,63029.3,62360.1,62609.9,469.43935539
2024-05-08 06:00:00+00:00,62609.9,62711.8,62093.0,62211.9,785.64176908
2024-05-08 08:00:00+00:00,62211.9,62500.0,62035.3,62307.9,780.15060782
2024-05-08 10:00:00+00:00,62308.0,62539.8,61874.0,62237.5,456.82196042
2024-05-08 12:00:00+00:00,62237.3,62459.9,61790.0,62440.0,1038.3791737
2024-05-08 14:00:00+00:00,62445.1,62829.2,61897.5,62277.9,937.7034098
2024-05-08 16:00:00+00:00,62279.3,62675.9,61992.7,62592.3,391.96063274
2024-05-08 18:00:00+00:00,62592.4,62766.1,61950.1,62173.8,433.45878859
2024-05-08 20:00:00+00:00,62173.8,62253.9,61389.9,61492.3,1723.89662564
2024-05-08 22:00:00+00:00,61492.3,61640.1,60847.8,61187.5,356.19070412
2024-05-09 00:00:00+00:00,61187.5,61569.4,61135.0,61562.4,350.88717331
2024-05-09 02:00:00+00:00,61563.3,61810.4,61423.0,61676.0,1026.26859899
2024-05-09 04:00:00+00:00,61672.9,61754.2,61432.2,61573.4,312.41881353
2024-05-09 06:00:00+00:00,61573.3,61785.7,61130.2,61259.9,303.68240649
2024-05-09 08:00:00+00:00,61260.0,61443.9,60847.8,61289.9,775.683695
2024-05-09 10:00:00+00:00,61289.9,61316.0,60625.1,61061.7,868.70184117
2024-05-09 12:00:00+00:00,61059.1,61620.9,60890.7,61191.8,767.06907728
2024-05-09 14:00:00+00:00,61191.8,62284.4,61065.6,62157.7,908.82540088
2024-05-09 16:00:00+00:00,62157.7,62673.7,61751.8,61946.2,769.28894827
2024-05-09 18:00:00+00:00,61946.1,62542.1,61885.1,62450.1,485.68033982
2024-05-09 20:00:00+00:00,62450.0,62821.9,62344.0,62534.1,349.28358381
2024-05-09 22:00:00+00:00,62534.1,63422.1,62492.2,63068.9,448.73220305
2024-05-10 00:00:00+00:00,63068.9,63087.8,62656.3,62876.1,352.28788574
2024-05-10 02:00:00+00:00,62871.0,63040.0,62768.1,62912.1,521.65303371
2024-05-10 04:00:00+00:00,62912.2,63003.9,62671.9,62768.1,468.6322076
2024-05-10 06:00:00+00:00,62773.6,63372.8,62743.1,63068.2,796.20763186
2024-05-10 08:00:00+00:00,63068.1,63210.5,62848.9,63132.6,758.94734545
2024-05-10 10:00:00+00:00,63132.5,63312.1,62804.1,63292.0,435.15542344
2024-05-10 12:00:00+00:00,63292.0,63475.9,62764.0,63007.8,830.196449
2024-05-10 14:00:00+00:00,63007.8,63089.2,59920.6,60930.0,3576.01167122
2024-05-10 16:00:00+00:00,60930.1,61293.9,60132.9,60390.2,606.08457498
2024-05-10 18:00:00+00:00,60390.2,60888.3,60229.1,60708.1,328.3589239
2024-05-10 20:00:00+00:00,60708.1,60958.6,60461.5,60717.8,403.75352083
2024-05-10 22:00:00+00:00,60717.8,61003.1,60593.3,60800.1,227.41597428
2024-05-11 00:00:00+00:00,60802.0,61109.2,60500.0,60871.7,257.70439609
2024-05-11 02:00:00+00:00,60871.7,60985.9,60715.2,60722.1,729.86650159
2024-05-11 04:00:00+00:00,60730.0,60935.7,60708.1,60922.1,238.01561535
2024-05-11 06:00:00+00:00,60922.1,61162.5,60373.0,61019.9,585.29779547
2024-05-11 08:00:00+00:00,61020.0,61064.3,60681.8,60904.0,295.47340278
2024-05-11 10:00:00+00:00,60902.4,60904.1,60479.3,60680.7,231.51766153
2024-05-11 12:00:00+00:00,60680.7,60980.0,60630.2,60967.9,272.86179121
2024-05-11 14:00:00+00:00,60968.0,61520.5,60775.7,61175.4,425.05458286
2024-05-11 16:00:00+00:00,61178.1,61397.3,61013.7,61100.0,496.19761198
2024-05-11 18:00:00+00:00,61102.7,61301.3,61024.0,61139.9,1450.88110685
2024-05-11 20:00:00+00:00,61140.0,61173.0,60809.5,60922.3,190.59656601
2024-05-11 22:00:00+00:00,60922.3,60999.9,60755.6,60826.6,230.19021808
2024-05-12 00:00:00+00:00,60826.6,61106.2,60801.8,60864.0,159.74149819
2024-05-12 02:00:00+00:00,60864.1,60979.9,60828.9,60932.7,209.47503272
2024-05-12 04:00:00+00:00,60932.7,61116.4,60919.9,61044.0,180.32145796
2024-05-12 06:00:00+00:00,61044.0,61061.3,60500.0,60821.0,386.74263345
2024-05-12 08:00:00+00:00,60821.0,61105.2,60681.9,60993.2,261.05206891
2024-05-12 10:00:00+00:00,60992.1,61364.2,60778.1,61136.1,1110.30390306
2024-05-12 12:00:00+00:00,61136.2,61241.3,61073.1,61188.0,941.28625696
2024-05-12 14:00:00+00:00,61188.1,61548.6,61118.6,61415.8,1841.74741921
2024-05-12 16:00:00+00:00,61415.8,61866.2,61187.7,61622.1,1684.69420297
2024-05-12 18:00:00+00:00,61610.0,61720.0,61222.0,61407.2,772.89547455
2024-05-12 20:00:00+00:00,61407.2,61428.5,60904.4,61236.3,583.54384067
2024-05-12 22:00:00+00:00,61240.3,61546.4,61198.0,61477.1,523.96214969
2024-05-13 00:00:00+00:00,61477.1,61817.1,61174.1,61409.8,1426.6219478
2024-05-13 02:00:00+00:00,61407.8,61497.2,59241.0,61166.5,3911.72424016
2024-05-13 04:00:00+00:00,61166.5,61171.0,60750.0,60867.4,550.25244347
2024-05-13 06:00:00+00:00,60867.5,62444.2,60799.6,62337.9,537.26649928
2024-05-13 08:00:00+00:00,62337.9,63280.5,61197.1,63069.8,627.64889895
2024-05-13 10:00:00+00:00,63060.8,63092.1,62277.4,62730.9,536.65592068
2024-05-13 12:00:00+00:00,62730.9,63155.0,62433.3,62775.9,600.96166363
2024-05-13 14:00:00+00:00,62784.5,63200.0,62565.7,63009.8,746.40902023
2024-05-13 16:00:00+00:00,63009.8,63502.1,62500.0,62816.0,396.04137036
2024-05-13 18:00:00+00:00,62804.0,63188.8,62513.3,63186.1,353.36491901
2024-05-13 20:00:00+00:00,63178.0,63198.6,62832.9,62894.0,166.39509529
2024-05-13 22:00:00+00:00,62894.0,62983.0,62714.3,62935.9,161.49588676
2024-05-14 00:00:00+00:00,62936.0,63108.8,62579.1,62645.4,185.26951592
2024-05-14 02:00:00+00:00,62646.1,62757.9,62279.6,62494.9,356.94242103
2024-05-14 04:00:00+00:00,62491.6,62781.2,62400.1,62727.8,345.10223181
2024-05-14 06:00:00+00:00,62727.9,62727.9,61411.7,62029.6,473.6330627
2024-05-14 08:00:00+00:00,62030.8,62077.7,61443.7,61796.0,250.43896095
2024-05-14 10:00:00+00:00,61794.6,61892.0,61515.1,61798.0,209.20583197
2024-05-14 12:00:00+00:00,61798.0,62100.0,61125.0,61687.4,434.09906334
2024-05-14 14:00:00+00:00,61693.6,62623.2,61133.7,61779.8,685.99245666
2024-05-14 16:00:00+00:00,61782.1,61815.8,61158.5,61317.7,412.8872901
2024-05-14 18:00:00+00:00,61317.9,61680.8,61218.5,61593.7,285.84254529
2024-05-14 20:00:00+00:00,61593.7,61784.9,61480.8,61689.1,180.05281296
2024-05-14 22:00:00+00:00,61689.2,61761.4,61530.9,61572.9,181.8478268
2024-05-15 00:00:00+00:00,61573.0,61792.8,61338.0,61694.3,271.59091568
2024-05-15 02:00:00+00:00,61694.4,62020.0,61689.8,61947.3,246.58500558
2024-05-15 04:00:00+00:00,61947.3,62100.0,61823.0,61928.0,263.42299324
2024-05-15 06:00:00+00:00,61929.0,62276.6,61830.9,62191.5,935.03451169
2024-05-15 08:00:00+00:00,62191.4,62901.4,61898.3,62647.8,2649.26055924
2024-05-15 10:00:00+00:00,62650.0,62994.0,62260.0,62467.1,2342.8367824
2024-05-15 12:00:00+00:00,62467.2,64640.9,62412.0,64135.3,9120.60946568
2024-05-15 14:00:00+00:00,64135.3,65068.0,63943.6,64727.2,6047.18851493
2024-05-15 16:00:00+00:00,64727.2,65276.4,64714.2,65052.0,3028.25086101
2024-05-15 18:00:00+00:00,65050.6,66440.5,64960.0,66013.8,3874.19157223
2024-05-15 20:00:00+00:00,66000.2,66196.1,65720.7,65857.1,1427.1388253
2024-05-15 22:00:00+00:00,65860.0,66441.3,65850.0,66212.6,1468.21872558
2024-05-16 00:00:00+00:00,66212.6,66664.6,65850.0,65986.6,1565.81153536
2024-05-16 02:00:00+00:00,65986.6,66111.6,65700.0,65981.5,1204.33110053
2024-05-16 04:00:00+00:00,65979.1,66010.6,65720.7,65791.2,1265.83647214
2024-05-16 06:00:00+00:00,65791.3,66276.3,65666.1,66144.2,1376.48780158
2024-05-16 08:00:00+00:00,66144.2,66441.9,66090.0,66357.5,1631.16508992
2024-05-16 10:00:00+00:00,66357.6,66576.0,65935.0,66513.8,1491.99911516
2024-05-16 12:00:00+00:00,66513.9,66800.0,65788.7,66338.5,3204.90118521
2024-05-16 14:00:00+00:00,66338.5,66393.9,65378.7,65826.2,3214.82908065
2024-05-16 16:00:00+00:00,65826.2,65831.8,64550.0,65001.3,2849.08788076
2024-05-16 18:00:00+00:00,65001.3,65588.0,64788.7,65193.7,2085.04900989
2024-05-16 20:00:00+00:00,65193.8,65508.3,65053.6,65467.5,970.50492121
2024-05-16 22:00:00+00:00,65467.6,65484.2,65050.3,65235.8,1189.54276862
2024-05-17 00:00:00+00:00,65235.8,65496.9,65101.3,65348.1,1023.18859431
2024-05-17 02:00:00+00:00,65348.1,65870.3,65186.5,65591.1,1342.28794931
2024-05-17 04:00:00+00:00,65591.1,65711.0,65364.0,65706.1,1153.26895782
2024-05-17 06:00:00+00:00,65706.2,66500.0,65576.0,66388.0,3131.79355783
2024-05-17 08:00:00+00:00,66388.1,66436.1,65801.5,66341.2,1875.97411688
2024-05-17 10:00:00+00:00,66338.7,66564.7,66195.4,66218.5,1069.65544949
2024-05-17 12:00:00+00:00,66218.5,66698.1,65829.9,65947.7,2655.09657555
2024-05-17 14:00:00+00:00,65951.5,67452.7,65791.9,67192.2,4168.83752103
2024-05-17 16:00:00+00:00,67196.0,67300.0,66659.3,66706.8,3145.24326464
2024-05-17 18:00:00+00:00,66706.8,67080.0,66223.9,67050.3,2318.20637493
2024-05-17 20:00:00+00:00,67052.0,67052.0,66748.0,66827.2,901.41563505
2024-05-17 22:00:00+00:00,66826.1,67057.9,66678.7,67017.9,654.8478571
2024-05-18 00:00:00+00:00,67017.9,67081.5,66736.1,66977.8,933.24537019
2024-05-18 02:00:00+00:00,66971.1,67281.3,66801.4,66940.2,1507.34287185
2024-05-18 04:00:00+00:00,66943.8,66996.1,66793.3,66849.0,1010.16659478
2024-05-18 06:00:00+00:00,66849.1,67245.9,66732.7,66883.0,1245.00357271
2024-05-18 08:00:00+00:00,66877.4,67143.6,66600.0,67126.1,1293.98312191
2024-05-18 10:00:00+00:00,67126.6,67366.6,67034.7,67188.0,1573.59338773
2024-05-18 12:00:00+00:00,67186.5,67237.9,66800.0,66882.8,1484.94256899
2024-05-18 14:00:00+00:00,66870.7,67045.0,66599.4,66813.5,1674.77006092
2024-05-18 16:00:00+00:00,66813.5,66997.9,66716.0,66863.4,831.70230753
2024-05-18 18:00:00+00:00,66863.5,66946.3,66764.7,66913.9,639.85903634
2024-05-18 20:00:00+00:00,66909.4,67024.1,66794.1,66896.4,413.9698312
2024-05-18 22:00:00+00:00,66896.5,67037.1,66823.6,66911.1,396.71029123
2024-05-19 00:00:00+00:00,66911.1,66993.8,66839.0,66921.5,684.35030203
2024-05-19 02:00:00+00:00,66916.1,67400.0,66916.1,67159.3,892.61197085
2024-05-19 04:00:00+00:00,67159.4,67174.0,66981.1,67098.4,936.07414847
2024-05-19 06:00:00+00:00,67098.4,67467.8,66894.7,67322.4,931.77352927
2024-05-19 08:00:00+00:00,67322.5,67345.4,67000.0,67178.1,1085.85185815
2024-05-19 10:00:00+00:00,67178.1,67977.3,66865.0,67330.9,2492.7627815
2024-05-19 12:00:00+00:00,67331.0,67332.0,66685.4,67040.5,1781.58958536
2024-05-19 14:00:00+00:00,67040.5,67142.0,66737.9,66888.0,1582.577861
2024-05-19 16:00:00+00:00,66887.5,66993.9,66500.0,66717.4,1397.81692991
2024-05-19 18:00:00+00:00,66717.5,66755.1,65880.1,66028.6,1175.62998376
2024-05-19 20:00:00+00:00,66026.9,66352.9,65894.5,66284.0,823.1050407
2024-05-19 22:00:00+00:00,66284.1,66448.6,66212.7,66274.6,795.23823179
2024-05-20 00:00:00+00:00,66271.5,66584.1,66060.7,66524.2,1504.6967214
2024-05-20 02:00:00+00:00,66526.6,66771.3,66500.0,66674.6,1111.87675093
2024-05-20 04:00:00+00:00,66674.7,67292.1,66625.0,67132.1,1796.91378875
2024-05-20 06:00:00+00:00,67132.1,67153.5,66266.6,66836.3,3352.29700715
2024-05-20 08:00:00+00:00,66832.8,67065.9,66753.7,66905.0,1300.57984937
2024-05-20 10:00:00+00:00,66900.8,67345.4,66757.4,66993.0,2419.829779
2024-05-20 12:00:00+00:00,66994.5,67188.7,66666.6,67099.9,1737.04225816
2024-05-20 14:00:00+00:00,67099.9,67494.0,66760.2,67416.2,2339.03747697
2024-05-20 16:00:00+00:00,67413.8,68631.9,67381.8,68333.9,3831.84455846
2024-05-20 18:00:00+00:00,68329.8,70057.2,68300.1,70009.4,4216.76087749
2024-05-20 20:00:00+00:00,70009.0,70507.1,68915.4,69688.0,9862.48323178
2024-05-20 22:00:00+00:00,69693.5,71540.2,69271.3,71425.9,4505.41880009
2024-05-21 00:00:00+00:00,71425.8,72000.0,70698.0,71082.3,3392.33665999
2024-05-21 02:00:00+00:00,71082.3,71402.2,70900.0,71281.1,2334.7482065
2024-05-21 04:00:00+00:00,71281.1,71297.5,70825.2,71194.4,2603.82980328
2024-05-21 06:00:00+00:00,71194.4,71386.4,70869.9,70875.4,2565.94152259
2024-05-21 08:00:00+00:00,70875.4,71082.3,70853.4,70990.0,1824.62796197
2024-05-21 10:00:00+00:00,70988.0,71444.0,70870.7,71115.8,3325.16458167
2024-05-21 12:00:00+00:00,71118.9,71493.3,70545.4,70600.0,4708.57895403
2024-05-21 14:00:00+00:00,70602.6,70923.8,69673.8,69820.0,5928.43387552
2024-05-21 16:00:00+00:00,69821.5,70250.6,69559.8,69872.3,5412.94948157
2024-05-21 18:00:00+00:00,69872.3,70000.0,69114.6,69290.2,3198.75905221
2024-05-21 20:00:00+00:00,69290.5,69799.8,69150.0,69735.6,1261.09398414
2024-05-21 22:00:00+00:00,69735.5,70383.1,69500.0,70144.4,2266.51321749
2024-05-22 00:00:00+00:00,70144.7,70603.7,69923.0,70165.4,2035.59787897
2024-05-22 02:00:00+00:00,70165.4,70366.6,69600.0,69952.1,2028.38220995
2024-05-22 04:00:00+00:00,69952.1,70363.5,69203.8,69905.2,2264.53299944
2024-05-22 06:00:00+00:00,69905.3,70404.0,69400.0,69721.3,1461.47783784
2024-05-22 08:00:00+00:00,69721.0,70219.9,69400.0,69994.0,1357.07012843
2024-05-22 10:00:00+00:00,69990.6,70267.9,69831.4,69847.4,1228.71259149
2024-05-22 12:00:00+00:00,69847.4,69911.2,69440.1,69588.6,3381.76118425
2024-05-22 14:00:00+00:00,69589.5,70600.0,69444.0,70447.7,3380.22856434
2024-05-22 16:00:00+00:00,70451.6,70661.7,69681.9,69861.2,2412.65648113
2024-05-22 18:00:00+00:00,69853.7,70045.4,69225.5,69627.4,2825.98177755
2024-05-22 20:00:00+00:00,69642.1,69961.5,68924.5,69495.2,1452.82074598
2024-05-22 22:00:00+00:00,69492.8,69547.2,69021.7,69173.4,988.96135521
2024-05-23 00:00:00+00:00,69173.5,69700.0,69126.1,69481.0,1378.33682296
2024-05-23 02:00:00+00:00,69485.3,69561.1,69307.3,69445.9,838.11578658
2024-05-23 04:00:00+00:00,69445.9,69591.4,69315.8,69484.8,1119.09522505
2024-05-23 06:00:00+00:00,69471.1,69861.9,69391.2,69727.6,1192.206284
2024-05-23 08:00:00+00:00,69730.7,69846.8,69566.0,69639.8,905.65388726
2024-05-23 10:00:00+00:00,69639.9,70056.9,69526.0,69986.9,1320.32498111
2024-05-23 12:00:00+00:00,69979.4,70065.0,67945.0,68080.4,5125.87779132
2024-05-23 14:00:00+00:00,68071.5,68355.6,67633.8,68076.7,562.31886897
2024-05-23 16:00:00+00:00,68074.5,68395.5,67625.9,67644.2,703.45502856
2024-05-23 18:00:00+00:00,67643.6,67807.4,66770.0,67194.0,826.47248142
2024-05-23 20:00:00+00:00,67201.9,68374.3,66313.7,67971.2,509.23947266
2024-05-23 22:00:00+00:00,67986.4,67996.4,67485.5,67985.9,267.8186843
2024-05-24 00:00:00+00:00,67972.0,68200.0,67629.3,67738.7,421.8837718
2024-05-24 02:00:00+00:00,67738.7,68069.9,67632.9,67881.4,338.89451984
2024-05-24 04:00:00+00:00,67887.0,67921.9,67105.1,67305.0,472.71335215
2024-05-24 06:00:00+00:00,67305.1,67729.0,66625.6,67165.2,890.62386324
2024-05-24 08:00:00+00:00,67165.3,67451.4,66320.6,67372.7,933.84063992
2024-05-24 10:00:00+00:00,67372.7,67524.2,67283.1,67353.5,808.06543879
2024-05-24 12:00:00+00:00,67353.5,67610.9,66930.8,67084.8,1040.49830593
2024-05-24 14:00:00+00:00,67081.7,68420.1,66996.7,68321.8,2010.58327117
2024-05-24 16:00:00+00:00,68332.1,68929.4,67932.8,68917.8,1715.56512636
2024-05-24 18:00:00+00:00,68917.3,69249.9,68769.9,69133.9,1488.2220857
2024-05-24 20:00:00+00:00,69133.9,69219.9,68794.0,68876.4,646.79301547
2024-05-24 22:00:00+00:00,68876.5,68876.5,68520.1,68559.9,462.5574038
2024-05-25 00:00:00+00:00,68560.0,68703.7,68502.8,68608.0,569.25457918
2024-05-25 02:00:00+00:00,68608.0,68910.3,68557.6,68756.0,508.69358552
2024-05-25 04:00:00+00:00,68756.1,68829.7,68686.3,68722.5,344.23213646
2024-05-25 06:00:00+00:00,68722.6,68804.2,68618.4,68749.6,533.48721492
2024-05-25 08:00:00+00:00,68749.6,69169.5,68741.9,69099.9,648.1782733
2024-05-25 10:00:00+00:00,69099.9,69591.2,68712.9,69099.5,1022.98731162
2024-05-25 12:00:00+00:00,69099.6,69375.3,68882.9,69031.9,1091.29265699
2024-05-25 14:00:00+00:00,69031.9,69203.6,68854.9,68938.5,769.29085858
2024-05-25 16:00:00+00:00,68938.5,69107.9,68853.7,69068.0,716.5155598
2024-05-25 18:00:00+00:00,69069.7,69265.7,69069.7,69155.7,494.86582878
2024-05-25 20:00:00+00:00,69155.7,69223.9,69048.0,69140.2,280.9466477
2024-05-25 22:00:00+00:00,69143.1,69363.5,69019.1,69290.4,351.1628
2024-05-26 00:00:00+00:00,69290.5,69312.2,69148.1,69162.5,422.75203971
2024-05-26 02:00:00+00:00,69162.5,69179.9,68821.0,69076.1,481.22042013
2024-05-26 04:00:00+00:00,69070.1,69142.3,68927.8,69142.2,382.93989484
2024-05-26 06:00:00+00:00,69142.4,69436.2,69046.2,69347.1,613.16650837
2024-05-26 08:00:00+00:00,69347.1,69540.6,68969.8,69088.1,560.29170346
2024-05-26 10:00:00+00:00,69088.1,69232.0,69052.8,69130.6,529.57244009
2024-05-26 12:00:00+00:00,69130.6,69240.0,68930.4,69145.1,661.40163225
2024-05-26 14:00:00+00:00,69145.1,69390.8,68675.7,68846.4,1428.29421685
2024-05-26 16:00:00+00:00,68847.3,68965.4,68695.9,68778.8,803.5310855
2024-05-26 18:00:00+00:00,68786.3,68915.9,68720.8,68899.2,387.55872194
2024-05-26 20:00:00+00:00,68900.0,69220.0,68173.4,68520.2,635.06646257
2024-05-26 22:00:00+00:00,68520.5,68702.6,68343.2,68510.2,562.22553644
2024-05-27 00:00:00+00:00,68506.3,69300.0,68476.0,69091.8,491.18471364
2024-05-27 02:00:00+00:00,69080.0,69289.7,68829.2,68882.0,820.84265463
2024-05-27 04:00:00+00:00,68882.1,68920.9,68322.2,68530.1,1100.71828417
2024-05-27 06:00:00+00:00,68530.2,68731.4,68351.1,68654.9,944.89006813
2024-05-27 08:00:00+00:00,68648.2,68925.0,68200.0,68593.0,1068.07135135
2024-05-27 10:00:00+00:00,68593.0,68678.5,68258.4,68440.0,1058.79617943
2024-05-27 12:00:00+00:00,68440.8,69034.7,68376.9,68923.0,941.02135434
2024-05-27 14:00:00+00:00,68923.0,70515.9,68838.3,70370.8,2624.47898132
2024-05-27 16:00:00+00:00,70370.7,70688.0,70038.2,70190.4,2031.37705503
2024-05-27 18:00:00+00:00,70198.7,70265.0,69084.2,69264.1,1941.30878014
2024-05-27 20:00:00+00:00,69264.2,69899.9,69173.9,69813.1,1673.88312011
2024-05-27 22:00:00+00:00,69806.5,69813.2,69300.0,69419.3,689.66718449
2024-05-28 00:00:00+00:00,69416.1,69604.1,68554.3,68625.1,1979.93971825
2024-05-28 02:00:00+00:00,68625.1,68849.8,67782.9,68050.8,5957.59614206
2024-05-28 04:00:00+00:00,68050.9,68134.9,67446.3,68052.0,3316.18739447
2024-05-28 06:00:00+00:00,68052.7,68082.2,67500.0,67686.1,2297.76545536
2024-05-28 08:00:00+00:00,67689.3,68507.0,67588.0,68327.9,1476.3314381
2024-05-28 10:00:00+00:00,68327.8,68889.8,68247.9,68391.5,1658.18349174
2024-05-28 12:00:00+00:00,68391.5,68567.4,67658.0,67776.0,2929.43227775
2024-05-28 14:00:00+00:00,67787.5,68466.0,67539.3,68379.3,3407.92071167
2024-05-28 16:00:00+00:00,68380.8,68467.2,67500.0,67772.8,1780.3028522
2024-05-28 18:00:00+00:00,67777.2,68613.3,67283.9,68429.4,2154.92895064
2024-05-28 20:00:00+00:00,68429.7,68670.7,68130.8,68402.6,458.49152653
2024-05-28 22:00:00+00:00,68401.7,68670.7,68345.6,68404.2,769.37345014
2024-05-29 00:00:00+00:00,68406.0,68723.7,68284.2,68574.0,1017.81531913
2024-05-29 02:00:00+00:00,68574.5,68926.2,68191.9,68840.0,1094.50350399
2024-05-29 04:00:00+00:00,68840.0,68927.9,68400.0,68592.0,1192.64471723
2024-05-29 06:00:00+00:00,68593.6,68674.1,67945.0,67945.0,1459.28652386
2024-05-29 08:00:00+00:00,67944.4,68029.3,67600.1,67905.3,2458.61134616
2024-05-29 10:00:00+00:00,67905.4,68028.0,67751.0,67771.9,1513.895082
2024-05-29 12:00:00+00:00,67771.9,68272.0,67605.3,67859.0,3119.70626348
2024-05-29 14:00:00+00:00,67889.7,67966.4,67325.5,67396.5,2988.28791606
2024-05-29 16:00:00+00:00,67380.1,67720.9,67137.5,67600.2,3005.56230058
2024-05-29 18:00:00+00:00,67612.3,67747.9,67200.0,67260.2,1584.35624738
2024-05-29 20:00:00+00:00,67261.8,67806.6,67152.2,67692.7,952.48464668
2024-05-29 22:00:00+00:00,67694.8,67826.0,67572.8,67647.7,799.99848357
2024-05-30 00:00:00+00:00,67647.6,67858.8,67469.9,67799.7,1269.89837482
2024-05-30 02:00:00+00:00,67806.6,68213.5,67775.6,68124.8,1314.11858628
2024-05-30 04:00:00+00:00,68129.9,68429.8,67980.0,68144.0,1380.34535269
2024-05-30 06:00:00+00:00,68147.9,68191.9,67523.9,67587.1,2277.81896315
2024-05-30 08:00:00+00:00,67581.7,67769.2,67111.0,67745.9,2014.891131
2024-05-30 10:00:00+00:00,67745.9,68115.6,67546.4,67798.8,1621.0522953
2024-05-30 12:00:00+00:00,67799.5,68673.4,67700.0,68614.8,3300.96194286
2024-05-30 14:00:00+00:00,68615.9,68823.8,68142.8,68528.0,2298.25305853
2024-05-30 16:00:00+00:00,68532.1,69514.9,68370.0,69325.0,2561.86020106
2024-05-30 18:00:00+00:00,69324.1,69470.0,68430.9,68673.9,1688.55052724
2024-05-30 20:00:00+00:00,68666.3,68673.1,68046.2,68416.4,1294.17637534
2024-05-30 22:00:00+00:00,68416.5,68519.0,68234.3,68359.3,1038.83019432
2024-05-31 00:00:00+00:00,68358.5,68644.4,68277.0,68439.9,1371.10132821
2024-05-31 02:00:00+00:00,68455.5,68748.6,68433.3,68533.0,962.84577969
2024-05-31 04:00:00+00:00,68533.1,68654.7,68287.2,68440.1,787.03372032
2024-05-31 06:00:00+00:00,68440.2,68459.2,68070.2,68169.4,1336.57956722
2024-05-31 08:00:00+00:00,68169.5,68313.4,67876.1,67949.2,887.64675905
2024-05-31 10:00:00+00:00,67949.3,68462.3,67926.1,68355.9,1445.07782625
2024-05-31 12:00:00+00:00,68356.0,69040.9,68023.1,68070.6,2437.5625415
2024-05-31 14:00:00+00:00,68072.2,68075.5,67200.7,67210.2,3027.5072128
2024-05-31 16:00:00+00:00,67210.3,67455.9,66666.1,67340.9,4011.98525999
2024-05-31 18:00:00+00:00,67342.8,68000.0,67177.9,67688.0,1647.38646168
2024-05-31 20:00:00+00:00,67667.4,67814.3,67533.5,67564.3,744.67944198
2024-05-31 22:00:00+00:00,67571.0,67664.3,67230.7,67547.9,908.28843487
2024-06-01 00:00:00+00:00,67542.6,67708.5,67441.7,67559.4,699.80820269
2024-06-01 02:00:00+00:00,67557.9,67761.3,67542.2,67716.2,567.58487419
2024-06-01 04:00:00+00:00,67716.3,67799.4,67590.9,67683.3,658.10487884
2024-06-01 06:00:00+00:00,67683.4,67799.6,67558.0,67626.8,600.23083441
2024-06-01 08:00:00+00:00,67620.5,67754.5,67607.1,67708.2,706.83168044
2024-06-01 10:00:00+00:00,67708.2,67800.0,67625.7,67661.7,452.52380902
2024-06-01 12:00:00+00:00,67661.7,67871.9,67644.3,67700.0,471.94595929
2024-06-01 14:00:00+00:00,67700.0,67860.6,67670.9,67684.0,754.16588414
2024-06-01 16:00:00+00:00,67684.0,67840.0,67558.9,67792.8,820.31596757
2024-06-01 18:00:00+00:00,67788.1,67826.8,67676.6,67757.3,689.04250051
2024-06-01 20:00:00+00:00,67754.7,67822.0,67711.1,67756.8,291.58904672
2024-06-01 22:00:00+00:00,67756.9,67882.9,67715.1,67757.7,466.2661012
2024-06-02 00:00:00+00:00,67757.8,67913.6,67708.4,67752.5,589.11333921
2024-06-02 02:00:00+00:00,67754.7,67815.3,67638.0,67788.0,595.88149396
2024-06-02 04:00:00+00:00,67788.1,67866.6,67723.5,67723.5,606.74748678
2024-06-02 06:00:00+00:00,67722.0,67840.0,67717.4,67720.0,562.9100062
2024-06-02 08:00:00+00:00,67720.1,67809.8,67412.6,67535.8,1047.87417708
2024-06-02 10:00:00+00:00,67535.8,68313.1,67384.1,68247.4,1275.51734665
2024-06-02 12:00:00+00:00,68254.2,68311.5,67796.0,68165.8,1868.27172383
2024-06-02 14:00:00+00:00,68161.8,68470.1,68020.1,68147.2,1332.33331739
2024-06-02 16:00:00+00:00,68147.2,68215.0,67629.5,67881.6,1403.83744281
2024-06-02 18:00:00+00:00,67881.6,67895.6,67295.6,67745.1,1488.91279753
2024-06-02 20:00:00+00:00,67736.7,67916.0,67582.8,67813.5,637.28506026
2024-06-02 22:00:00+00:00,67818.2,67999.0,67767.7,67767.7,544.76358437
2024-06-03 00:00:00+00:00,67767.7,68565.4,67613.4,68483.0,1386.09699842
2024-06-03 02:00:00+00:00,68483.1,68800.0,68142.8,68390.7,1703.86856987
2024-06-03 04:00:00+00:00,68392.2,68797.7,68294.5,68720.0,1704.98705721
2024-06-03 06:00:00+00:00,68719.9,69218.0,68637.9,68914.7,1647.01426035
2024-06-03 08:00:00+00:00,68914.7,69332.6,68913.8,69017.5,1843.56308584
2024-06-03 10:00:00+00:00,69016.7,69257.0,68850.0,69085.8,1819.30169525
2024-06-03 12:00:00+00:00,69087.4,70635.5,69087.4,69784.2,2924.83813786
2024-06-03 14:00:00+00:00,69793.3,70074.8,68533.6,69612.4,3658.57893532
2024-06-03 16:00:00+00:00,69612.0,69704.1,68807.4,69270.9,2493.81693344
2024-06-03 18:00:00+00:00,69271.0,69447.9,69023.7,69204.0,1129.05848664
2024-06-03 20:00:00+00:00,69206.9,69491.9,68516.4,69078.7,868.26515447
2024-06-03 22:00:00+00:00,69086.3,69140.6,68733.7,68803.3,949.88319014
2024-06-04 00:00:00+00:00,68800.7,69221.7,68659.9,69221.7,1467.63231257
2024-06-04 02:00:00+00:00,69220.2,69370.3,69089.3,69167.9,1044.05354071
2024-06-04 04:00:00+00:00,69168.0,69280.0,68915.4,68963.8,950.92860171
2024-06-04 06:00:00+00:00,68966.8,69078.0,68759.7,69012.2,1330.7378978
2024-06-04 08:00:00+00:00,69011.3,69200.0,68563.1,68712.9,1734.92948573
2024-06-04 10:00:00+00:00,68715.3,69034.8,68699.0,68957.3,988.61371332
2024-06-04 12:00:00+00:00,68957.4,69831.4,68843.9,69525.1,2104.28725667
2024-06-04 14:00:00+00:00,69536.0,70495.3,69200.0,70433.8,2697.03579706
2024-06-04 16:00:00+00:00,70442.6,71000.0,70356.1,70561.9,3132.33042203
2024-06-04 18:00:00+00:00,70565.6,71070.6,70098.7,70435.9,1596.24338576
2024-06-04 20:00:00+00:00,70436.0,70620.9,70167.6,70618.9,775.20708356
2024-06-04 22:00:00+00:00,70618.9,70740.3,70404.3,70532.3,790.95459571
2024-06-05 00:00:00+00:00,70532.3,71294.5,70424.2,70967.2,1289.11951358
2024-06-05 02:00:00+00:00,70967.3,71144.7,70600.0,70956.0,1191.16865861
2024-06-05 04:00:00+00:00,70956.1,71400.0,70827.1,70996.0,989.93979881
2024-06-05 06:00:00+00:00,70991.8,71371.4,70837.4,71202.3,1620.5758469
2024-06-05 08:00:00+00:00,71200.8,71242.6,70792.9,70894.4,1271.01055095
2024-06-05 10:00:00+00:00,70897.5,70999.9,70500.0,70931.0,831.58919603
2024-06-05 12:00:00+00:00,70931.0,71174.0,70450.0,70712.9,1469.70019444
2024-06-05 14:00:00+00:00,70714.2,71705.2,70381.4,71563.6,2367.07673196
2024-06-05 16:00:00+00:00,71565.3,71765.7,71240.5,71629.8,2015.75044572
2024-06-05 18:00:00+00:00,71629.8,71745.0,70865.6,71276.1,1570.32359008
2024-06-05 20:00:00+00:00,71281.8,71367.9,71031.0,71139.7,599.54175072
2024-06-05 22:00:00+00:00,71148.9,71280.0,70751.9,71108.2,759.89292146
2024-06-06 00:00:00+00:00,71105.6,71199.9,70901.7,71121.0,837.75471315
2024-06-06 02:00:00+00:00,71126.7,71240.5,71017.8,71060.1,732.13620038
2024-06-06 04:00:00+00:00,71049.3,71111.0,70810.2,70901.3,1186.00946062
2024-06-06 06:00:00+00:00,70900.5,71065.5,70802.6,71020.3,1049.49208886
2024-06-06 08:00:00+00:00,71020.4,71139.2,70865.4,70982.0,1034.22327339
2024-06-06 10:00:00+00:00,70979.9,71187.9,70792.0,71160.4,1349.7294954
2024-06-06 12:00:00+00:00,71162.8,71540.0,71000.0,71122.3,1970.24258576
2024-06-06 14:00:00+00:00,71120.1,71714.1,71029.4,71300.7,1893.10023806
2024-06-06 16:00:00+00:00,71302.3,71380.4,70800.2,71108.2,1491.82949006
2024-06-06 18:00:00+00:00,71107.1,71163.4,70451.5,70478.8,1284.18283088
2024-06-06 20:00:00+00:00,70478.8,70855.6,70134.8,70735.0,717.00956609
2024-06-06 22:00:00+00:00,70738.4,70948.4,70665.4,70792.9,420.64851942
2024-06-07 00:00:00+00:00,70791.5,70909.7,70669.6,70844.0,487.20611582
2024-06-07 02:00:00+00:00,70844.2,71016.8,70666.7,70995.9,734.7233307
2024-06-07 04:00:00+00:00,70996.0,71447.9,70996.0,71299.9,1231.9308818
2024-06-07 06:00:00+00:00,71299.9,71359.3,71055.5,71105.5,999.94243764
2024-06-07 08:00:00+00:00,71111.0,71318.2,70777.7,71302.3,964.39906414
2024-06-07 10:00:00+00:00,71296.4,71717.4,71200.0,71717.4,919.94069595
2024-06-07 12:00:00+00:00,71717.4,71970.0,70600.0,71528.4,2207.26653234
2024-06-07 14:00:00+00:00,71526.3,71555.5,70878.9,71110.0,2017.38452446
2024-06-07 16:00:00+00:00,71108.6,71212.0,69810.2,69902.8,1829.02751914
2024-06-07 18:00:00+00:00,69876.2,69960.8,68481.3,69256.3,1379.22245201
2024-06-07 20:00:00+00:00,69256.1,69623.7,68984.5,69252.0,196.05250095
2024-06-07 22:00:00+00:00,69240.9,69529.8,69180.6,69348.3,195.51378674
2024-06-08 00:00:00+00:00,69348.1,69482.5,69200.5,69466.6,165.20279076
2024-06-08 02:00:00+00:00,69466.6,69522.6,69380.0,69437.8,348.88804971
2024-06-08 04:00:00+00:00,69422.6,69452.2,69235.2,69312.2,237.21021404
2024-06-08 06:00:00+00:00,69312.2,69589.1,69250.0,69589.1,215.44626306
2024-06-08 08:00:00+00:00,69589.6,69723.2,69350.7,69440.1,190.43648815
2024-06-08 10:00:00+00:00,69440.2,69516.0,69309.8,69369.3,189.54474893
2024-06-08 12:00:00+00:00,69368.0,69433.8,69174.2,69419.6,243.31951415
2024-06-08 14:00:00+00:00,69423.4,69494.2,69306.0,69420.8,416.00431467
2024-06-08 16:00:00+00:00,69420.9,69494.2,69295.7,69443.7,233.23837848
2024-06-08 18:00:00+00:00,69443.7,69502.6,69400.0,69452.7,200.64866493
2024-06-08 20:00:00+00:00,69452.7,69502.6,69308.3,69399.0,89.59210549
2024-06-08 22:00:00+00:00,69399.1,69413.6,69273.8,69311.5,91.44801373
2024-06-09 00:00:00+00:00,69311.6,69339.3,69212.3,69282.8,136.82346037
2024-06-09 02:00:00+00:00,69282.9,69359.6,69134.1,69261.8,191.89287508
2024-06-09 04:00:00+00:00,69261.8,69370.1,69234.6,69300.9,212.13681461
2024-06-09 06:00:00+00:00,69300.9,69760.0,69282.6,69304.9,202.46294889
2024-06-09 08:00:00+00:00,69304.9,69435.0,69282.6,69364.9,369.40998055
2024-06-09 10:00:00+00:00,69365.0,69396.0,69324.9,69368.8,124.13353023
2024-06-09 12:00:00+00:00,69368.9,69773.1,69000.0,69453.3,239.3266769
2024-06-09 14:00:00+00:00,69453.3,69580.0,69264.2,69508.5,178.63909101
2024-06-09 16:00:00+00:00,69508.6,69698.4,69423.9,69652.3,223.12339219
2024-06-09 18:00:00+00:00,69657.1,69839.5,69606.9,69700.5,374.36165778
2024-06-09 20:00:00+00:00,69707.2,69826.0,69591.8,69744.3,143.78100558
2024-06-09 22:00:00+00:00,69744.3,69846.8,69593.8,69648.6,170.99593574
2024-06-10 00:00:00+00:00,69641.8,69676.7,69417.7,69619.7,147.61527302
2024-06-10 02:00:00+00:00,69619.7,69797.3,69573.0,69613.7,329.55828128
2024-06-10 04:00:00+00:00,69613.7,69690.6,69519.0,69564.7,364.93739227
2024-06-10 06:00:00+00:00,69564.8,69628.0,69249.8,69301.9,232.55254049
2024-06-10 08:00:00+00:00,69301.7,69496.0,69189.5,69448.2,165.75876916
2024-06-10 10:00:00+00:00,69448.3,69569.0,69323.5,69472.0,155.74172862
2024-06-10 12:00:00+00:00,69472.1,69550.0,69226.5,69404.3,185.13524643
2024-06-10 14:00:00+00:00,69414.9,70200.0,69081.4,70044.0,708.74310328
2024-06-10 16:00:00+00:00,70065.6,70300.0,69721.1,70031.9,385.40751046
2024-06-10 18:00:00+00:00,70031.9,70250.0,69384.6,69565.3,743.30271617
2024-06-10 20:00:00+00:00,69502.4,69685.3,69250.0,69591.9,101.04304187
2024-06-10 22:00:00+00:00,69579.0,69590.6,69400.0,69545.0,102.49858829
2024-06-11 00:00:00+00:00,69545.1,69600.0,68396.9,68714.2,313.69216564
2024-06-11 02:00:00+00:00,68712.1,68897.9,67744.7,68462.8,512.32066788
2024-06-11 04:00:00+00:00,68470.0,68586.2,67600.0,67890.4,459.52097136
2024-06-11 06:00:00+00:00,67890.4,67986.6,67344.6,67573.0,551.68944139
2024-06-11 08:00:00+00:00,67573.1,67689.6,66877.8,67083.5,863.09431894
2024-06-11 10:00:00+00:00,67082.7,67286.1,66738.0,66879.5,350.58874299
2024-06-11 12:00:00+00:00,66902.5,67279.9,66402.5,66802.4,456.9514507
2024-06-11 14:00:00+00:00,66811.4,67095.3,66000.0,66210.3,735.81053582
2024-06-11 16:00:00+00:00,66232.0,66800.0,66000.0,66767.1,500.64552525
2024-06-11 18:00:00+00:00,66764.3,67690.6,66648.6,67357.9,240.76999713
2024-06-11 20:00:00+00:00,67400.1,67507.2,67180.0,67393.9,121.83208946
2024-06-11 22:00:00+00:00,67395.8,67577.9,67302.3,67314.6,111.53620018
2024-06-12 00:00:00+00:00,67314.6,67431.8,66891.0,67185.7,236.82407115
2024-06-12 02:00:00+00:00,67169.6,67700.0,67087.1,67409.9,386.57353178
2024-06-12 04:00:00+00:00,67409.9,67606.4,67200.1,67268.2,334.12727907
2024-06-12 06:00:00+00:00,67258.4,67483.9,67239.9,67461.9,382.02394329
2024-06-12 08:00:00+00:00,67459.2,67800.0,67351.3,67748.3,320.29002149
2024-06-12 10:00:00+00:00,67747.2,68060.0,67709.5,67785.6,352.87284568
2024-06-12 12:00:00+00:00,67795.8,69640.9,67744.1,69324.3,741.63232746
2024-06-12 14:00:00+00:00,69325.2,69999.0,69308.0,69730.3,624.42976008
2024-06-12 16:00:00+00:00,69740.0,69871.7,69268.0,69825.0,278.46751705
2024-06-12 18:00:00+00:00,69818.8,69871.7,67259.6,67620.0,470.89686984
2024-06-12 20:00:00+00:00,67620.0,68663.2,67230.9,68531.8,370.37701946
2024-06-12 22:00:00+00:00,68531.8,68548.1,68113.5,68269.7,128.31900516
2024-06-13 00:00:00+00:00,68269.8,68578.9,67934.1,67982.5,249.13780995
2024-06-13 02:00:00+00:00,67990.7,68174.9,66972.1,67464.1,437.46415147
2024-06-13 04:00:00+00:00,67464.2,67712.6,67331.0,67607.6,221.70838429
2024-06-13 06:00:00+00:00,67608.1,67739.7,67322.5,67733.1,330.7832724
2024-06-13 08:00:00+00:00,67737.5,67760.3,67180.8,67404.1,416.14485749
2024-06-13 10:00:00+00:00,67427.4,67969.7,66970.4,67734.1,439.11399315
2024-06-13 12:00:00+00:00,67745.0,68389.8,67455.7,67591.1,540.77661109
2024-06-13 14:00:00+00:00,67588.0,67728.1,66353.4,66474.9,803.22541708
2024-06-13 16:00:00+00:00,66458.1,67070.0,66266.6,66919.7,440.69014761
2024-06-13 18:00:00+00:00,66916.2,66980.0,66593.1,66610.3,186.70686321
2024-06-13 20:00:00+00:00,66604.0,66973.5,66497.8,66973.5,154.56422502
2024-06-13 22:00:00+00:00,66973.5,66987.5,66666.6,66775.6,96.07923092
2024-06-14 00:00:00+00:00,66775.7,66894.0,66225.0,66797.9,178.32702159
2024-06-14 02:00:00+00:00,66813.5,67033.9,66497.8,66740.1,238.86929268
2024-06-14 04:00:00+00:00,66748.8,67206.2,66710.2,67058.3,384.56450479
2024-06-14 06:00:00+00:00,67080.0,67120.0,66878.9,66917.7,212.9543233
2024-06-14 08:00:00+00:00,66911.6,67500.0,66808.0,66921.5,1365.16634975
2024-06-14 10:00:00+00:00,66921.5,67025.8,66000.0,66000.0,285.78423851
2024-06-14 12:00:00+00:00,66147.9,67360.0,66000.0,67067.9,606.48471958
2024-06-14 14:00:00+00:00,67070.7,67131.9,66338.2,66379.7,500.59714344
2024-06-14 16:00:00+00:00,66388.0,66505.1,65068.0,65426.0,1591.32292792
2024-06-14 18:00:00+00:00,65421.0,65676.0,65047.6,65553.6,396.40177227
2024-06-14 20:00:00+00:00,65532.6,66630.4,65425.8,66193.7,163.23286051
2024-06-14 22:00:00+00:00,66316.4,66333.3,65851.6,66045.8,188.72982837
2024-06-15 00:00:00+00:00,66045.8,66292.8,65978.7,66075.6,200.13666139
2024-06-15 02:00:00+00:00,66071.8,66280.9,66042.2,66266.4,101.16879449
2024-06-15 04:00:00+00:00,66266.4,66395.8,66200.0,66230.8,266.62112631
2024-06-15 06:00:00+00:00,66231.5,66416.1,66065.0,66074.2,362.93740622
2024-06-15 08:00:00+00:00,66080.0,66285.5,66078.9,66215.8,157.44226303
2024-06-15 10:00:00+00:00,66224.2,66344.4,66200.1,66320.9,272.12279979
2024-06-15 12:00:00+00:00,66316.1,66359.2,66218.0,66300.0,173.79395566
2024-06-15 14:00:00+00:00,66307.8,66463.8,66156.7,66317.6,221.11309941
2024-06-15 16:00:00+00:00,66320.0,66391.4,66131.1,66250.8,171.40745929
2024-06-15 18:00:00+00:00,66245.9,66245.9,66026.0,66156.0,145.71091804
2024-06-15 20:00:00+00:00,66156.1,66162.7,65637.6,66121.9,101.87394625
2024-06-15 22:00:00+00:00,66121.9,66297.4,66052.6,66223.5,173.2136616
2024-06-16 00:00:00+00:00,66223.5,66300.0,66106.5,66174.9,84.59371736
2024-06-16 02:00:00+00:00,66181.4,66185.1,66061.7,66135.7,117.01586202
2024-06-16 04:00:00+00:00,66135.7,66263.2,66040.0,66263.2,152.67480904
2024-06-16 06:00:00+00:00,66263.2,66355.9,66173.9,66253.9,172.18027913
2024-06-16 08:00:00+00:00,66268.0,66417.3,66186.2,66407.5,204.69372873
2024-06-16 10:00:00+00:00,66407.9,66771.1,66360.0,66486.2,303.59754314
2024-06-16 12:00:00+00:00,66486.2,66759.3,66142.8,66759.3,422.04291919
2024-06-16 14:00:00+00:00,66759.5,66791.0,66406.9,66717.8,260.69325483
2024-06-16 16:00:00+00:00,66705.3,66751.0,66532.0,66577.0,206.3582093
2024-06-16 18:00:00+00:00,66590.3,66673.3,66200.0,66561.4,149.43811417
2024-06-16 20:00:00+00:00,66561.4,66617.4,66266.6,66523.9,204.31657385
2024-06-16 22:00:00+00:00,66537.7,66982.5,66380.6,66680.4,73.58676055
2024-06-17 00:00:00+00:00,66677.9,66923.1,66168.0,66478.9,307.80719199
2024-06-17 02:00:00+00:00,66460.1,66481.4,65937.2,66226.0,261.35802959
2024-06-17 04:00:00+00:00,66228.0,66566.9,66100.0,66352.1,181.55308441
2024-06-17 06:00:00+00:00,66366.8,66397.8,65887.1,66174.0,256.09443797
2024-06-17 08:00:00+00:00,66182.0,66325.7,65659.2,65736.0,370.58404264
2024-06-17 10:00:00+00:00,65724.6,66040.5,65210.5,65817.1,370.1775632
2024-06-17 12:00:00+00:00,65811.0,65828.2,65195.6,65226.2,306.65976309
2024-06-17 14:00:00+00:00,65198.1,65787.1,65125.0,65349.8,513.13904006
2024-06-17 16:00:00+00:00,65365.2,66600.0,65187.2,66600.0,408.8815069
2024-06-17 18:00:00+00:00,66600.0,67300.6,66500.0,66657.1,442.84620749
2024-06-17 20:00:00+00:00,66693.8,66764.7,66166.6,66550.2,163.21275504
2024-06-17 22:00:00+00:00,66577.0,66721.9,66389.9,66495.9,230.74819023
2024-06-18 00:00:00+00:00,66492.1,66590.2,64554.1,65133.3,661.42556966
2024-06-18 02:00:00+00:00,65090.3,65631.6,64568.0,65486.5,341.77163686
2024-06-18 04:00:00+00:00,65569.4,65831.8,65340.0,65590.1,407.90700003
2024-06-18 06:00:00+00:00,65596.0,65800.0,65250.0,65673.8,529.28423966
2024-06-18 08:00:00+00:00,65676.0,65836.6,65422.6,65471.5,413.63659572
2024-06-18 10:00:00+00:00,65483.9,65599.9,65090.0,65366.0,234.99467782
2024-06-18 12:00:00+00:00,65366.1,65466.6,64577.8,64845.9,492.62401108
2024-06-18 14:00:00+00:00,64843.4,65500.0,64254.1,64706.5,671.53120813
2024-06-18 16:00:00+00:00,64705.9,65116.4,64338.0,64600.3,535.08075499
2024-06-18 18:00:00+00:00,64610.0,65000.0,64045.3,64444.0,493.55836132
2024-06-18 20:00:00+00:00,64412.7,65300.0,64208.2,65285.7,309.02810627
2024-06-18 22:00:00+00:00,65240.5,65300.0,65050.1,65183.2,293.34727897
2024-06-19 00:00:00+00:00,65177.2,65558.9,64812.0,65043.0,243.27178873
2024-06-19 02:00:00+00:00,65045.0,65599.9,64800.0,65394.5,272.51463497
2024-06-19 04:00:00+00:00,65416.0,65736.1,65210.5,65415.7,565.11665609
2024-06-19 06:00:00+00:00,65415.7,65649.9,65190.4,65329.7,619.55454485
2024-06-19 08:00:00+00:00,65333.8,65394.5,64807.4,65303.5,305.25015562
2024-06-19 10:00:00+00:00,65304.3,65550.0,65003.8,65208.2,274.12009492
2024-06-19 12:00:00+00:00,65208.1,65331.8,65012.3,65087.7,175.29546949
2024-06-19 14:00:00+00:00,65087.7,65192.5,64627.2,64929.0,286.01181198
2024-06-19 16:00:00+00:00,64949.4,65266.6,64714.7,65090.1,269.34678071
2024-06-19 18:00:00+00:00,65090.1,65186.9,64800.0,64884.7,233.81164289
2024-06-19 20:00:00+00:00,64888.0,65090.6,64689.5,65062.2,107.23558969
2024-06-19 22:00:00+00:00,65012.0,65058.6,64800.2,64994.5,94.96289016
2024-06-20 00:00:00+00:00,64970.0,65409.0,64832.1,65160.3,327.15247735
2024-06-20 02:00:00+00:00,65162.8,65248.0,64968.0,65196.3,156.70069692
2024-06-20 04:00:00+00:00,65196.4,65607.1,65060.4,65514.6,227.58954119
2024-06-20 06:00:00+00:00,65520.5,65978.2,65401.4,65860.0,342.08865272
2024-06-20 08:00:00+00:00,65861.0,65920.0,65519.6,65720.9,211.02952956
2024-06-20 10:00:00+00:00,65725.6,66487.4,65649.7,66171.7,388.73017766
2024-06-20 12:00:00+00:00,66171.8,66298.9,65143.0,65154.0,320.21978207
2024-06-20 14:00:00+00:00,65154.1,65200.6,64664.8,64831.2,348.84206726
2024-06-20 16:00:00+00:00,64831.3,65020.0,64553.6,64971.3,360.05927567
2024-06-20 18:00:00+00:00,64979.9,65213.9,64600.0,65040.0,321.87564888
2024-06-20 20:00:00+00:00,65066.6,65195.4,64997.5,65046.1,93.29244788
2024-06-20 22:00:00+00:00,65045.8,65159.1,64863.6,64880.1,163.13904006
2024-06-21 00:00:00+00:00,64880.2,65036.6,64640.2,64975.8,208.58694503
2024-06-21 02:00:00+00:00,64979.0,65076.8,64366.6,64501.3,171.66403969
2024-06-21 04:00:00+00:00,64502.7,64700.0,64334.1,64672.0,191.02201461
2024-06-21 06:00:00+00:00,64672.1,64748.2,64203.6,64246.5,209.0317303
2024-06-21 08:00:00+00:00,64218.5,64372.7,61974.9,64097.2,1941.26264383
2024-06-21 10:00:00+00:00,64098.1,64171.7,63672.9,63767.4,1077.33387369
2024-06-21 12:00:00+00:00,63764.5,63929.7,63402.2,63621.8,3790.41180537
2024-06-21 14:00:00+00:00,63612.4,64373.1,63447.6,63734.4,4200.45580991
2024-06-21 16:00:00+00:00,63732.1,63894.4,63333.0,63664.0,1793.06866806
2024-06-21 18:00:00+00:00,63664.0,64264.1,63642.3,64249.9,1674.5009285
2024-06-21 20:00:00+00:00,64232.3,64454.5,63837.6,64091.0,810.88116775
2024-06-21 22:00:00+00:00,64091.1,64231.4,64069.6,64145.5,333.86539803
2024-06-22 00:00:00+00:00,64145.5,64223.1,63935.3,64149.8,808.62680043
2024-06-22 02:00:00+00:00,64149.9,64400.0,64149.9,64322.6,699.47847824
2024-06-22 04:00:00+00:00,64327.4,64433.3,63999.9,64420.0,346.98719945
2024-06-22 06:00:00+00:00,64420.0,64527.7,64317.8,64506.0,715.65161866
2024-06-22 08:00:00+00:00,64515.2,64533.3,64212.2,64329.0,604.76318466
2024-06-22 10:00:00+00:00,64329.1,64378.0,64250.0,64275.0,593.38077549
2024-06-22 12:00:00+00:00,64275.0,64380.5,64254.0,64282.9,362.11631144
2024-06-22 14:00:00+00:00,64283.8,64393.0,64244.1,64303.0,441.57334845
2024-06-22 16:00:00+00:00,64302.9,64355.0,64256.0,64258.5,464.78792426
2024-06-22 18:00:00+00:00,64258.6,64330.5,64234.0,64295.6,369.68263065
2024-06-22 20:00:00+00:00,64295.6,64339.0,64249.5,64323.7,197.96015494
2024-06-22 22:00:00+00:00,64323.8,64330.8,64259.2,64267.3,170.91770871
2024-06-23 00:00:00+00:00,64263.1,64524.0,64263.1,64473.0,561.50983762
2024-06-23 02:00:00+00:00,64471.5,64519.0,64368.0,64409.0,477.12476267
2024-06-23 04:00:00+00:00,64412.2,64423.3,64340.1,64376.6,375.83866201
2024-06-23 06:00:00+00:00,64376.7,64435.0,64372.0,64415.1,186.70451049
2024-06-23 08:00:00+00:00,64417.2,64437.1,64375.4,64414.7,244.93654502
2024-06-23 10:00:00+00:00,64414.7,64414.7,64253.6,64341.7,406.84077484
2024-06-23 12:00:00+00:00,64346.2,64443.6,64256.0,64302.6,353.85401216
2024-06-23 14:00:00+00:00,64302.6,64371.1,63616.1,64097.9,1078.23644805
2024-06-23 16:00:00+00:00,64098.0,64200.0,63929.9,64122.7,1051.83516028
2024-06-23 18:00:00+00:00,64122.8,64186.4,64073.1,64152.2,317.46903801
2024-06-23 20:00:00+00:00,64154.4,64160.0,63526.8,63838.0,1023.1800419
2024-06-23 22:00:00+00:00,63836.3,63836.3,63174.0,63208.5,1129.79734592
2024-06-24 00:00:00+00:00,63212.0,63333.6,62839.8,63297.8,2013.41698597
2024-06-24 02:00:00+00:00,63297.8,63366.6,62689.0,62907.2,1458.51182098
2024-06-24 04:00:00+00:00,62912.6,63000.0,62283.7,62310.4,4492.53051306
2024-06-24 06:00:00+00:00,62310.4,62591.8,61968.5,62450.6,2342.46426637
2024-06-24 08:00:00+00:00,62463.0,62983.8,60599.9,61399.3,4572.2220054
2024-06-24 10:00:00+00:00,61399.3,61687.6,60800.0,61288.1,6209.21095623
2024-06-24 12:00:00+00:00,61285.1,61637.9,60932.0,61566.3,2038.32175243
2024-06-24 14:00:00+00:00,61570.0,61695.9,60683.2,60845.0,3521.36346126
2024-06-24 16:00:00+00:00,60850.0,61049.9,59754.3,60247.9,10285.39278551
2024-06-24 18:00:00+00:00,60251.1,60483.9,59066.0,59340.0,8543.14372319
2024-06-24 20:00:00+00:00,59335.0,60099.6,58394.1,60099.6,5835.4029721
2024-06-24 22:00:00+00:00,60100.0,60438.9,59981.9,60290.3,808.572813
2024-06-25 00:00:00+00:00,60290.1,60652.1,60251.3,60495.3,1051.43482896
2024-06-25 02:00:00+00:00,60499.4,61599.8,60410.4,61306.0,2501.63568436
2024-06-25 04:00:00+00:00,61304.0,61419.4,60937.9,61025.0,1037.55185162
2024-06-25 06:00:00+00:00,61026.8,61256.8,60630.5,60677.0,1101.60078492
2024-06-25 08:00:00+00:00,60678.1,61557.2,60674.2,61456.0,1301.50853736
2024-06-25 10:00:00+00:00,61451.2,61478.0,61121.8,61189.5,1466.03358987
2024-06-25 12:00:00+00:00,61184.5,61432.0,60976.3,61191.7,2494.96853998
2024-06-25 14:00:00+00:00,61196.7,62139.3,61165.7,61820.6,4021.1147079
2024-06-25 16:00:00+00:00,61820.7,61950.0,61334.1,61388.0,1862.62231783
2024-06-25 18:00:00+00:00,61387.6,62403.6,61147.4,61985.9,2207.93695173
2024-06-25 20:00:00+00:00,61980.9,62081.8,61812.0,61921.5,704.47443923
2024-06-25 22:00:00+00:00,61925.2,62163.6,61664.0,61806.7,1017.48934278
2024-06-26 00:00:00+00:00,61806.0,62183.5,61640.5,62085.9,1519.73725901
2024-06-26 02:00:00+00:00,62088.0,62484.0,61845.8,61930.9,1205.34824958
2024-06-26 04:00:00+00:00,61933.5,62046.3,61570.0,61570.0,1051.92963435
2024-06-26 06:00:00+00:00,61569.2,61755.9,61525.6,61730.6,1171.8334506
2024-06-26 08:00:00+00:00,61733.3,61765.8,61313.6,61378.7,1454.59141317
2024-06-26 10:00:00+00:00,61378.8,61568.2,61167.9,61444.1,1537.02774273
2024-06-26 12:00:00+00:00,61444.1,61827.9,61333.3,61750.0,1672.0082805
2024-06-26 14:00:00+00:00,61755.0,61983.9,61196.4,61466.7,2596.75954139
2024-06-26 16:00:00+00:00,61472.1,61553.8,60857.5,61228.0,2611.65080583
2024-06-26 18:00:00+00:00,61242.7,61267.6,60588.5,60995.4,2129.85821227
2024-06-26 20:00:00+00:00,60999.8,61157.8,60718.2,61060.0,1333.37550139
2024-06-26 22:00:00+00:00,61064.0,61080.0,60788.2,60868.0,618.77545713
2024-06-27 00:00:00+00:00,60866.2,61152.7,60765.3,61057.7,980.46259017
2024-06-27 02:00:00+00:00,61057.6,61293.1,60868.2,61026.6,746.63979068
2024-06-27 04:00:00+00:00,61039.9,61188.3,60804.0,60809.9,894.98916923
2024-06-27 06:00:00+00:00,60810.0,60917.4,60621.8,60798.0,1291.04430662
2024-06-27 08:00:00+00:00,60798.1,61338.6,60737.8,61285.7,1312.14700262
2024-06-27 10:00:00+00:00,61280.6,61444.6,61090.1,61193.7,1481.5632355
2024-06-27 12:00:00+00:00,61189.3,61992.4,61144.2,61986.2,4133.80808666
2024-06-27 14:00:00+00:00,61986.3,62388.1,61522.0,61578.1,2556.82977337
2024-06-27 16:00:00+00:00,61590.1,62019.2,61537.4,61838.5,1837.04113857
2024-06-27 18:00:00+00:00,61837.1,61929.9,61411.3,61453.8,1526.08688917
2024-06-27 20:00:00+00:00,61456.1,61589.4,61361.8,61543.5,731.30088651
2024-06-27 22:00:00+00:00,61543.5,61707.3,61413.6,61703.4,493.53634818
2024-06-28 00:00:00+00:00,61706.5,62220.0,61500.1,62079.9,1409.73660554
2024-06-28 02:00:00+00:00,62103.9,62135.9,61579.1,61825.1,1222.54291428
2024-06-28 04:00:00+00:00,61825.1,61836.4,61500.1,61608.0,874.96967127
2024-06-28 06:00:00+00:00,61604.1,61675.8,61242.1,61348.2,1379.49687272
2024-06-28 08:00:00+00:00,61336.0,61506.5,61207.5,61428.7,1279.30796646
2024-06-28 10:00:00+00:00,61433.7,61796.0,61409.4,61678.3,578.38053375
2024-06-28 12:00:00+00:00,61680.7,61873.6,60795.2,61294.3,2940.44527558
2024-06-28 14:00:00+00:00,61297.0,61700.0,60745.4,61057.1,3270.26353851
2024-06-28 16:00:00+00:00,61056.1,61116.6,60692.0,60825.8,3077.43220852
2024-06-28 18:00:00+00:00,60819.2,60880.0,60091.8,60127.0,2533.3412536
2024-06-28 20:00:00+00:00,60124.0,60616.2,60071.9,60369.9,1354.87031806
2024-06-28 22:00:00+00:00,60363.7,60461.3,60291.1,60436.0,910.11453217
2024-06-29 00:00:00+00:00,60436.1,61020.4,60402.1,60912.0,1136.98595606
2024-06-29 02:00:00+00:00,60897.1,61027.3,60664.6,60761.1,755.35361495
2024-06-29 04:00:00+00:00,60761.2,60797.4,60704.0,60775.8,483.40700638
2024-06-29 06:00:00+00:00,60750.0,61134.3,60729.9,61048.0,702.37842855
2024-06-29 08:00:00+00:00,61050.0,61069.8,60892.1,60978.5,623.88194378
2024-06-29 10:00:00+00:00,60978.6,61218.2,60905.0,61106.1,595.02914317
2024-06-29 12:00:00+00:00,61104.1,61179.1,60985.9,61099.0,1041.94367753
2024-06-29 14:00:00+00:00,61096.2,61190.9,60951.9,61115.1,822.69113613
2024-06-29 16:00:00+00:00,61120.0,61133.3,60922.0,61044.2,797.42778658
2024-06-29 18:00:00+00:00,61026.7,61078.3,60924.3,61048.3,557.14002801
2024-06-29 20:00:00+00:00,61048.3,61097.5,60940.5,61049.4,326.36594326
2024-06-29 22:00:00+00:00,61049.4,61061.3,60873.1,60989.8,406.2656163
2024-06-30 00:00:00+00:00,60986.7,61080.1,60916.0,60965.1,665.86233166
2024-06-30 02:00:00+00:00,60960.0,61100.8,60760.4,60898.0,912.28015152
2024-06-30 04:00:00+00:00,60899.6,60958.8,60710.2,60791.9,404.8124971
2024-06-30 06:00:00+00:00,60791.9,61791.9,60766.0,61528.4,1160.08557477
2024-06-30 08:00:00+00:00,61530.0,61707.9,61392.0,61522.0,1078.3042366
2024-06-30 10:00:00+00:00,61522.0,61674.2,61492.2,61553.3,768.86645719
2024-06-30 12:00:00+00:00,61553.3,61742.4,61333.3,61714.2,876.39145565
2024-06-30 14:00:00+00:00,61718.4,61859.8,61524.1,61712.0,735.41580524
2024-06-30 16:00:00+00:00,61720.0,61866.0,61579.4,61708.7,889.21887484
2024-06-30 18:00:00+00:00,61708.8,62105.5,61670.6,62026.4,943.01734762
2024-06-30 20:00:00+00:00,62024.1,62394.3,61835.0,61938.3,494.10296458
2024-06-30 22:00:00+00:00,61929.8,63049.3,61929.8,62775.0,1698.20876681
2024-07-01 00:00:00+00:00,62774.2,63728.0,62576.0,63642.1,2423.98091233
2024-07-01 02:00:00+00:00,63642.1,63814.3,63286.2,63430.0,1570.82442024
2024-07-01 04:00:00+00:00,63436.0,63535.4,63217.7,63432.1,647.12020214
2024-07-01 06:00:00+00:00,63429.9,63474.1,62850.6,63276.8,1435.99522135
2024-07-01 08:00:00+00:00,63276.8,63319.9,62750.0,62939.9,1588.67379033
2024-07-01 10:00:00+00:00,62940.0,62979.1,62600.2,62665.8,1242.82958724
2024-07-01 12:00:00+00:00,62667.8,63077.2,62540.3,62688.1,2092.34046325
2024-07-01 14:00:00+00:00,62688.1,63150.1,62608.6,63141.1,2496.63906174
2024-07-01 16:00:00+00:00,63142.1,63698.5,62958.9,63685.2,2267.41070078
2024-07-01 18:00:00+00:00,63693.9,63862.5,63069.7,63248.4,1893.80533806
2024-07-01 20:00:00+00:00,63243.9,63421.0,63033.5,63133.0,535.07111895
2024-07-01 22:00:00+00:00,63130.0,63167.0,62807.7,62906.3,761.81103604
2024-07-02 00:00:00+00:00,62906.3,62999.1,62790.8,62934.2,901.96493751
2024-07-02 02:00:00+00:00,62934.2,63293.9,62888.0,63130.8,1267.75339537
2024-07-02 04:00:00+00:00,63130.8,63248.0,63001.0,63023.2,1034.97585434
2024-07-02 06:00:00+00:00,63023.3,63049.8,62583.3,62628.4,1651.95738753
2024-07-02 08:00:00+00:00,62617.3,62787.7,62431.9,62652.9,1886.69582063
2024-07-02 10:00:00+00:00,62652.9,62860.0,62172.9,62832.4,2328.78818185
2024-07-02 12:00:00+00:00,62829.6,63200.0,62428.5,62625.8,2624.11813214
2024-07-02 14:00:00+00:00,62634.1,62736.4,61777.0,61950.0,2897.44016145
2024-07-02 16:00:00+00:00,61950.0,62161.8,61776.5,62152.7,2116.94064765
2024-07-02 18:00:00+00:00,62154.9,62376.0,61886.4,61934.1,1568.48649048
2024-07-02 20:00:00+00:00,61932.3,62103.9,61875.0,61956.3,1019.6607765
2024-07-02 22:00:00+00:00,61956.2,62188.5,61956.2,62145.0,811.03350634
2024-07-03 00:00:00+00:00,62145.1,62290.0,61284.2,61616.0,1498.13981967
2024-07-03 02:00:00+00:00,61617.5,61640.0,60565.1,60991.0,3727.32507554
2024-07-03 04:00:00+00:00,60993.0,61119.3,60814.5,61119.3,1315.56336403
2024-07-03 06:00:00+00:00,61119.4,61186.2,60849.5,60872.0,2044.7941006
2024-07-03 08:00:00+00:00,60863.5,60984.8,60344.0,60607.1,2496.18215199
2024-07-03 10:00:00+00:00,60607.2,60620.2,59559.3,60378.5,3878.68396555
2024-07-03 12:00:00+00:00,60378.5,60642.7,59757.8,60588.8,3915.71756132
2024-07-03 14:00:00+00:00,60593.8,60712.1,59862.7,60189.9,3275.46924853
2024-07-03 16:00:00+00:00,60184.9,60775.7,60113.0,60368.5,2301.10945716
2024-07-03 18:00:00+00:00,60370.7,60464.7,59518.1,59684.0,2624.18056537
2024-07-03 20:00:00+00:00,59676.0,60339.3,59410.0,60254.9,1816.4631282
2024-07-03 22:00:00+00:00,60247.0,60375.0,60127.7,60217.5,926.47957358
2024-07-04 00:00:00+00:00,60217.6,60493.1,58454.0,58564.0,3433.99546644
2024-07-04 02:00:00+00:00,58583.9,59149.7,57688.0,59106.1,6250.67615723
2024-07-04 04:00:00+00:00,59106.1,59154.0,58722.4,58897.8,2295.91623822
2024-07-04 06:00:00+00:00,58899.5,59074.5,58100.2,58231.3,4255.9397444
2024-07-04 08:00:00+00:00,58232.0,58494.9,57000.0,57745.0,7133.55514496
2024-07-04 10:00:00+00:00,57745.1,58105.9,57400.0,57764.4,3022.20392841
2024-07-04 12:00:00+00:00,57765.3,57832.0,55774.5,57433.3,3824.68004613
2024-07-04 14:00:00+00:00,57423.0,58342.1,56800.0,58129.0,4104.09063977
2024-07-04 16:00:00+00:00,58133.6,58400.0,57750.0,58239.8,3054.57479181
2024-07-04 18:00:00+00:00,58245.7,58659.4,57949.8,58282.2,2306.06391447
2024-07-04 20:00:00+00:00,58282.2,58659.9,58133.4,58498.1,1317.30001251
2024-07-04 22:00:00+00:00,58500.0,58771.4,56933.3,57050.0,3501.48439354
2024-07-05 00:00:00+00:00,57050.0,57538.0,56500.0,57170.6,6234.08236448
2024-07-05 02:00:00+00:00,57170.6,57271.6,55000.0,55228.3,3865.96957349
2024-07-05 04:00:00+00:00,55229.0,55365.8,53407.8,54799.0,1490.52245978
2024-07-05 06:00:00+00:00,54800.0,54802.1,53695.3,54411.9,976.45613361
2024-07-05 08:00:00+00:00,54403.5,54732.2,53850.2,54516.9,797.84255548
2024-07-05 10:00:00+00:00,54526.0,55650.1,54338.1,55490.0,659.95415758
2024-07-05 12:00:00+00:00,55491.0,56037.4,54694.9,55836.4,579.14801617
2024-07-05 14:00:00+00:00,55836.4,56680.0,55341.3,56668.0,600.05377555
2024-07-05 16:00:00+00:00,56670.0,57037.2,56163.9,56458.8,650.29757615
2024-07-05 18:00:00+00:00,56487.5,56832.6,55853.6,56472.1,258.90252145
2024-07-05 20:00:00+00:00,56472.1,56789.8,56324.5,56521.9,234.56409066
2024-07-05 22:00:00+00:00,56532.9,56868.0,56250.0,56634.6,179.01021417
2024-07-06 00:00:00+00:00,56634.7,57002.0,56208.0,56222.7,249.07203412
2024-07-06 02:00:00+00:00,56218.3,56514.0,56023.5,56412.0,336.51656943
2024-07-06 04:00:00+00:00,56410.0,56499.9,56000.0,56362.9,240.91859746
2024-07-06 06:00:00+00:00,56361.2,56675.3,56344.2,56602.0,309.72497027
2024-07-06 08:00:00+00:00,56600.0,56776.1,56438.6,56768.0,403.19521453
2024-07-06 10:00:00+00:00,56768.1,57012.0,56406.9,56735.3,257.75142413
2024-07-06 12:00:00+00:00,56734.5,57279.9,56440.0,56977.2,270.22416015
2024-07-06 14:00:00+00:00,56998.0,57426.6,56737.9,57320.6,468.90194859
2024-07-06 16:00:00+00:00,57320.2,58095.5,56877.2,57962.5,583.57523143
2024-07-06 18:00:00+00:00,57962.5,58032.0,57733.3,57861.9,503.27638595
2024-07-06 20:00:00+00:00,57863.9,58252.6,57826.7,57873.1,183.10111584
2024-07-06 22:00:00+00:00,57868.2,58469.8,57868.2,58236.5,315.12262827
2024-07-07 00:00:00+00:00,58236.5,58313.3,57834.4,58117.9,270.87217056
2024-07-07 02:00:00+00:00,58118.6,58464.5,57875.0,57968.0,263.59392887
2024-07-07 04:00:00+00:00,57967.9,58012.5,57415.3,57646.0,294.84472883
2024-07-07 06:00:00+00:00,57647.1,57796.6,57073.1,57369.9,213.2269482
2024-07-07 08:00:00+00:00,57372.0,57742.0,57362.0,57735.9,337.29090607
2024-07-07 10:00:00+00:00,57733.9,57917.7,57355.6,57454.0,236.13167976
2024-07-07 12:00:00+00:00,57450.2,57622.1,56600.0,56872.0,399.46095128
2024-07-07 14:00:00+00:00,56877.1,57046.3,56400.0,56833.9,524.26192491
2024-07-07 16:00:00+00:00,56828.9,57300.9,56723.0,57235.9,411.86345262
2024-07-07 18:00:00+00:00,57235.9,57391.3,56800.0,57155.0,151.29902493
2024-07-07 20:00:00+00:00,57156.7,57367.0,56206.6,56589.9,383.99079183
2024-07-07 22:00:00+00:00,56590.8,56796.0,55736.4,55861.9,312.61791712
2024-07-08 00:00:00+00:00,55862.0,56023.8,54059.9,54952.0,911.17923764
2024-07-08 02:00:00+00:00,54957.0,55482.9,54500.0,55156.8,456.10207982
2024-07-08 04:00:00+00:00,55157.6,55719.7,54725.0,55484.0,382.03041994
2024-07-08 06:00:00+00:00,55484.0,55900.0,55226.0,55846.2,376.76724176
2024-07-08 08:00:00+00:00,55849.8,58333.3,55670.2,57519.8,702.64772297
2024-07-08 10:00:00+00:00,57518.0,57721.9,56692.0,57163.0,609.92913158
2024-07-08 12:00:00+00:00,57157.1,57592.5,56800.0,57223.6,397.66040302
2024-07-08 14:00:00+00:00,57224.3,57302.3,54962.4,55762.9,740.18012213
2024-07-08 16:00:00+00:00,55764.0,56360.0,55271.0,56299.3,562.23277567
2024-07-08 18:00:00+00:00,56290.7,56561.5,56153.8,56476.0,196.40698927
2024-07-08 20:00:00+00:00,56477.9,56774.1,56200.0,56646.1,291.15395147
2024-07-08 22:00:00+00:00,56646.2,56956.7,56560.5,56716.1,256.93867958
2024-07-09 00:00:00+00:00,56716.1,57400.0,56194.0,56560.6,214.74190435
2024-07-09 02:00:00+00:00,56560.6,57356.0,56338.0,57162.0,455.92386583
2024-07-09 04:00:00+00:00,57168.0,57402.2,56768.7,57291.9,217.21875165
2024-07-09 06:00:00+00:00,57295.8,57743.5,57018.2,57115.0,433.65061524
2024-07-09 08:00:00+00:00,57119.3,57902.4,57024.7,57593.1,461.91199648
2024-07-09 10:00:00+00:00,57587.5,57665.9,57223.0,57439.3,200.1003844
2024-07-09 12:00:00+00:00,57433.4,57863.1,56992.1,57326.0,420.2816177
2024-07-09 14:00:00+00:00,57326.5,58106.0,56900.0,57476.8,448.01427756
2024-07-09 16:00:00+00:00,57476.9,57846.1,57368.4,57525.9,467.12229927
2024-07-09 18:00:00+00:00,57526.0,58272.7,57446.0,57871.3,289.60540186
2024-07-09 20:00:00+00:00,57862.1,58100.0,57705.6,57800.0,290.23682117
2024-07-09 22:00:00+00:00,57800.1,58253.2,57720.0,58043.0,185.49689936
2024-07-10 00:00:00+00:00,58043.1,58048.1,57342.2,57791.1,242.30666256
2024-07-10 02:00:00+00:00,57795.9,58204.9,57450.0,58189.9,365.36841931
2024-07-10 04:00:00+00:00,58190.0,59465.2,58177.8,58980.1,746.62360253
2024-07-10 06:00:00+00:00,58975.9,59303.9,58841.9,58980.0,1091.47975793
2024-07-10 08:00:00+00:00,58977.9,59039.9,58401.8,58523.0,1448.94706992
2024-07-10 10:00:00+00:00,58519.9,58721.0,57058.8,57400.0,319.81061376
2024-07-10 12:00:00+00:00,57400.0,58560.4,56166.6,56167.4,298.03310562
2024-07-10 14:00:00+00:00,56167.4,57700.0,56070.0,56259.6,202.17007328
2024-07-10 16:00:00+00:00,56263.4,57600.0,56123.1,56417.1,158.79423596
2024-07-10 18:00:00+00:00,56417.1,57397.3,56000.0,56100.0,98.72388583
2024-07-10 20:00:00+00:00,56210.0,56982.7,55820.4,56256.6,60.71612036
2024-07-10 22:00:00+00:00,56256.6,57999.9,56089.6,56287.8,209.89995095
2024-07-11 00:00:00+00:00,56283.2,57013.7,55949.9,56095.7,225.10703167
2024-07-11 02:00:00+00:00,56095.7,58000.0,55700.0,55964.2,165.81476279
2024-07-11 04:00:00+00:00,55964.2,58517.8,55964.2,58509.5,55.91351418
2024-07-11 06:00:00+00:00,58517.8,58520.7,56624.3,56777.0,63.70802408
2024-07-11 08:00:00+00:00,56777.0,58248.1,56621.6,57199.8,189.48391171
2024-07-11 10:00:00+00:00,57199.8,58884.0,57000.0,58800.0,1382.36755367
2024-07-11 12:00:00+00:00,58769.9,59459.3,58106.7,58560.2,4851.00423416
2024-07-11 14:00:00+00:00,58561.5,58672.8,57266.0,57397.3,5474.1338558
2024-07-11 16:00:00+00:00,57400.9,57936.4,57172.8,57802.7,2870.68318036
2024-07-11 18:00:00+00:00,57804.0,57993.9,57354.0,57388.2,2125.48183348
2024-07-11 20:00:00+00:00,57387.0,58002.4,57218.4,57466.0,1123.95740784
2024-07-11 22:00:00+00:00,57464.0,57542.5,57000.0,57341.0,2194.29331194
2024-07-12 00:00:00+00:00,57341.9,57571.5,56500.0,56944.9,3706.97180238
2024-07-12 02:00:00+00:00,56943.6,57409.9,56702.0,56917.9,2409.83624759
2024-07-12 04:00:00+00:00,56916.2,57256.6,56500.0,57027.9,2150.35817544
2024-07-12 06:00:00+00:00,57027.9,57408.0,56840.0,57108.8,2184.19710368
2024-07-12 08:00:00+00:00,57108.9,57487.1,56864.7,56961.9,1973.19618592
2024-07-12 10:00:00+00:00,56961.9,57274.2,56776.6,57204.7,2104.57586983
2024-07-12 12:00:00+00:00,57208.9,58000.0,57104.0,57850.6,2906.45453945
2024-07-12 14:00:00+00:00,57872.0,58277.2,57584.6,58209.1,4892.83428954
2024-07-12 16:00:00+00:00,58213.7,58426.3,57935.2,58166.0,3634.66168841
2024-07-12 18:00:00+00:00,58165.8,58523.8,57524.0,57589.9,3100.64909127
2024-07-12 20:00:00+00:00,57589.8,57681.6,57135.9,57600.0,1735.77318332
2024-07-12 22:00:00+00:00,57597.1,57912.2,57573.9,57898.1,985.5374728
2024-07-13 00:00:00+00:00,57898.1,57973.5,57758.1,57891.2,1361.07531558
2024-07-13 02:00:00+00:00,57891.2,57939.9,57584.6,57818.0,1010.21702632
2024-07-13 04:00:00+00:00,57821.3,58160.4,57757.3,58078.1,1319.49385466
2024-07-13 06:00:00+00:00,58072.1,58221.4,58005.2,58163.1,1423.58589562
2024-07-13 08:00:00+00:00,58163.2,58791.5,57663.7,58670.2,1674.02966481
2024-07-13 10:00:00+00:00,58670.2,58751.5,58343.9,58539.7,1535.02434035
2024-07-13 12:00:00+00:00,58542.0,58898.0,58392.9,58604.2,1485.67520037
2024-07-13 14:00:00+00:00,58604.2,58876.0,58466.0,58838.1,1724.43409169
2024-07-13 16:00:00+00:00,58838.1,58970.2,58566.7,58700.0,1314.0776467
2024-07-13 18:00:00+00:00,58703.0,58805.8,58563.8,58623.5,949.87471812
2024-07-13 20:00:00+00:00,58626.3,58747.7,58563.4,58689.9,663.28092082
2024-07-13 22:00:00+00:00,58692.7,59850.0,58292.1,59219.9,2329.34948133
2024-07-14 00:00:00+00:00,59204.0,59850.0,59186.2,59709.9,1626.16581522
2024-07-14 02:00:00+00:00,59710.0,59757.9,59284.0,59466.0,1271.13479868
2024-07-14 04:00:00+00:00,59466.0,60294.1,59421.8,60270.5,2183.7833879
2024-07-14 06:00:00+00:00,60274.0,60329.8,59800.1,60063.6,1375.67795803
2024-07-14 08:00:00+00:00,60062.1,60399.9,60062.1,60197.1,1684.28523927
2024-07-14 10:00:00+00:00,60194.1,60441.5,59901.9,60105.3,1709.26699804
2024-07-14 12:00:00+00:00,60107.5,60116.0,59580.6,59700.4,1936.73942029
2024-07-14 14:00:00+00:00,59698.6,60231.5,59474.0,60089.6,1579.34359013
2024-07-14 16:00:00+00:00,60088.2,60185.0,59890.1,60005.1,1121.54055835
2024-07-14 18:00:00+00:00,60000.7,60086.9,59894.1,59914.1,785.67825888
2024-07-14 20:00:00+00:00,59908.2,61422.1,59876.5,61285.2,1103.05144873
2024-07-14 22:00:00+00:00,61284.3,61413.6,60715.7,60777.4,2440.15793169
2024-07-15 00:00:00+00:00,60784.1,61800.0,60649.3,61394.0,2755.73982778
2024-07-15 02:00:00+00:00,61397.5,62788.6,61303.9,62629.7,3193.1911084
2024-07-15 04:00:00+00:00,62650.0,62966.3,62433.4,62800.0,2459.03828317
2024-07-15 06:00:00+00:00,62804.0,63078.7,62712.0,62848.9,2795.16398704
2024-07-15 08:00:00+00:00,62847.8,63218.1,62549.5,62657.5,2466.60586645
2024-07-15 10:00:00+00:00,62656.0,62814.0,62200.0,62456.3,2019.79718278
2024-07-15 12:00:00+00:00,62455.9,63218.1,62442.0,62917.7,3155.7365667
2024-07-15 14:00:00+00:00,62916.3,63318.0,62746.1,63033.0,3078.84653611
2024-07-15 16:00:00+00:00,63031.4,63735.8,62855.7,63085.1,3202.66406826
2024-07-15 18:00:00+00:00,63080.1,63810.1,62992.0,63353.0,4105.39768052
2024-07-15 20:00:00+00:00,63353.0,63785.9,63062.6,63534.0,1636.01889249
2024-07-15 22:00:00+00:00,63534.0,64908.8,63504.0,64732.2,3785.98997421
2024-07-16 00:00:00+00:00,64727.1,65000.0,64445.0,64846.0,3531.91121155
2024-07-16 02:00:00+00:00,64846.0,64861.5,64548.0,64752.0,2427.58383922
2024-07-16 04:00:00+00:00,64753.3,64984.2,63474.8,63658.5,3550.46351212
2024-07-16 06:00:00+00:00,63658.9,63886.2,62745.9,62916.2,3795.28250748
2024-07-16 08:00:00+00:00,62914.9,63250.0,62366.9,63185.8,3618.15478178
2024-07-16 10:00:00+00:00,63185.7,63856.4,63085.2,63739.8,3030.79463507
2024-07-16 12:00:00+00:00,63741.8,64250.0,63411.2,63427.9,3509.53529585
2024-07-16 14:00:00+00:00,63430.0,64957.0,62894.3,64876.3,4965.80150275
2024-07-16 16:00:00+00:00,64880.0,65311.7,64117.6,64545.2,3769.46670648
2024-07-16 18:00:00+00:00,64548.0,65189.9,64407.5,65175.4,2933.16491213
2024-07-16 20:00:00+00:00,65170.6,65194.3,64489.5,64496.0,1872.29589721
2024-07-16 22:00:00+00:00,64494.6,65368.4,64098.1,65036.2,2546.23552319
2024-07-17 00:00:00+00:00,65039.0,66113.0,64933.3,65664.7,3218.83385964
2024-07-17 02:00:00+00:00,65664.1,65897.9,65250.0,65705.0,2011.15225392
2024-07-17 04:00:00+00:00,65692.2,65992.1,65540.1,65625.9,2305.12536714
2024-07-17 06:00:00+00:00,65625.9,65799.9,65217.9,65266.0,2615.13254245
2024-07-17 08:00:00+00:00,65260.1,65515.8,64766.2,65332.0,2392.03747406
2024-07-17 10:00:00+00:00,65334.7,65355.0,64569.4,64715.9,2307.68899999
2024-07-17 12:00:00+00:00,64715.9,65308.8,64500.0,65139.1,2731.20192157
2024-07-17 14:00:00+00:00,65139.2,65400.0,64634.1,64727.9,3571.53966314
2024-07-17 16:00:00+00:00,64729.0,64833.3,63866.1,64284.8,3835.16776832
2024-07-17 18:00:00+00:00,64289.7,64759.0,64053.8,64574.1,2096.89669636
2024-07-17 20:00:00+00:00,64575.5,64676.2,64063.5,64316.1,1289.79058941
2024-07-17 22:00:00+00:00,64316.0,64454.3,64080.1,64088.0,1622.60108846
2024-07-18 00:00:00+00:00,64086.1,64838.7,63910.2,64673.0,2446.35235828
2024-07-18 02:00:00+00:00,64673.2,65098.3,64243.7,64863.4,2597.50371199
2024-07-18 04:00:00+00:00,64859.9,64887.4,64414.0,64752.1,1732.60444434
2024-07-18 06:00:00+00:00,64754.6,65055.5,64651.6,64664.6,2077.71720933
2024-07-18 08:00:00+00:00,64671.7,64957.0,64634.1,64858.9,1630.86031231
2024-07-18 10:00:00+00:00,64858.9,64898.0,64318.1,64758.6,1533.3316906
2024-07-18 12:00:00+00:00,64758.6,65127.5,64507.1,64601.5,2520.23014363
2024-07-18 14:00:00+00:00,64601.5,64835.5,63427.8,63550.2,3887.00838754
2024-07-18 16:00:00+00:00,63537.4,63958.0,63318.1,63561.1,2957.8655368
2024-07-18 18:00:00+00:00,63562.0,63756.0,63233.9,63535.0,4240.98787022
2024-07-18 20:00:00+00:00,63544.0,63913.7,63440.1,63852.8,1185.44542696
2024-07-18 22:00:00+00:00,63848.1,64126.1,63666.6,63991.2,1835.10622356
2024-07-19 00:00:00+00:00,63991.3,64050.0,63300.7,63820.3,2530.51889237
2024-07-19 02:00:00+00:00,63821.8,64370.6,63642.0,64324.9,2608.84533554
2024-07-19 04:00:00+00:00,64325.0,64413.0,64095.0,64173.5,1889.35248782
2024-07-19 06:00:00+00:00,64173.5,64494.2,63615.4,63700.0,3119.91631393
2024-07-19 08:00:00+00:00,63698.6,64140.5,63410.8,63710.0,3153.72353233
2024-07-19 10:00:00+00:00,63708.0,64182.3,63646.1,64113.8,2319.90920764
2024-07-19 12:00:00+00:00,64116.0,65338.1,64037.2,65143.7,3731.74052016
2024-07-19 14:00:00+00:00,65143.2,66296.5,64838.7,65836.9,4444.87241308
2024-07-19 16:00:00+00:00,65836.6,66830.0,65733.3,66752.0,4463.80483678
2024-07-19 18:00:00+00:00,66752.0,67387.3,66422.6,67167.0,3497.84951256
2024-07-19 20:00:00+00:00,67166.0,67355.3,66880.0,66892.5,1645.88793594
2024-07-19 22:00:00+00:00,66889.4,66996.6,66626.1,66657.7,1023.12261234
2024-07-20 00:00:00+00:00,66660.0,66824.9,66233.3,66365.1,1497.61449108
2024-07-20 02:00:00+00:00,66372.9,66752.6,66322.1,66602.7,1085.0242343
2024-07-20 04:00:00+00:00,66601.1,66705.5,66440.0,66535.8,1087.11429754
2024-07-20 06:00:00+00:00,66532.4,66760.0,66501.2,66558.8,950.27599051
2024-07-20 08:00:00+00:00,66558.4,66728.8,66455.1,66582.6,1014.51124363
2024-07-20 10:00:00+00:00,66580.1,66655.2,66471.2,66480.1,615.90642318
2024-07-20 12:00:00+00:00,66480.2,66646.6,66278.3,66544.0,1250.33025576
2024-07-20 14:00:00+00:00,66544.1,66835.6,66447.6,66827.1,1381.31609793
2024-07-20 16:00:00+00:00,66825.9,67591.7,66674.2,67402.9,2441.43223883
2024-07-20 18:00:00+00:00,67408.4,67578.8,67131.9,67223.8,1861.65606878
2024-07-20 20:00:00+00:00,67223.8,67432.8,66788.1,67095.2,936.29156937
2024-07-20 22:00:00+00:00,67095.2,67299.9,66857.1,67142.6,799.58956715
2024-07-21 00:00:00+00:00,67135.8,67413.8,66954.0,67276.0,1173.39446551
2024-07-21 02:00:00+00:00,67276.0,67416.6,67142.0,67173.5,992.44687267
2024-07-21 04:00:00+00:00,67175.9,67300.0,66887.1,67050.3,1141.39848759
2024-07-21 06:00:00+00:00,67050.4,67094.0,66555.0,66713.7,1569.88189662
2024-07-21 08:00:00+00:00,66713.0,67027.9,66686.6,66985.5,1188.03723432
2024-07-21 10:00:00+00:00,66985.6,67068.8,66761.1,66874.6,954.07946417
2024-07-21 12:00:00+00:00,66874.7,66985.7,66517.9,66763.9,1118.33030331
2024-07-21 14:00:00+00:00,66767.1,67499.9,66684.9,67165.7,2371.29411628
2024-07-21 16:00:00+00:00,67167.6,67723.0,66517.9,66644.0,2221.2180121
2024-07-21 18:00:00+00:00,66644.0,67689.1,65784.0,67421.6,3874.30617142
2024-07-21 20:00:00+00:00,67421.6,68290.1,67271.9,68196.2,2020.45037012
2024-07-21 22:00:00+00:00,68188.0,68365.8,67892.1,68163.9,1867.54488567
2024-07-22 00:00:00+00:00,68162.7,68479.5,67672.0,67846.2,1986.25956272
2024-07-22 02:00:00+00:00,67845.9,68205.6,67255.1,67888.3,1726.14146469
2024-07-22 04:00:00+00:00,67881.5,68004.9,67520.0,67632.9,1488.67030719
2024-07-22 06:00:00+00:00,67635.1,67748.0,67133.4,67325.0,2013.32285149
2024-07-22 08:00:00+00:00,67325.0,67426.4,66832.8,67422.6,2154.56412743
2024-07-22 10:00:00+00:00,67422.6,67593.9,67100.0,67518.0,1695.41441085
2024-07-22 12:00:00+00:00,67514.8,67955.9,66987.5,67088.9,2692.77099812
2024-07-22 14:00:00+00:00,67095.6,67322.3,66576.7,67065.0,3613.23186322
2024-07-22 16:00:00+00:00,67065.4,67465.7,66816.1,67465.7,2602.79206692
2024-07-22 18:00:00+00:00,67460.7,68251.7,67327.0,68204.0,2360.8359129
2024-07-22 20:00:00+00:00,68218.4,68253.7,67657.1,67841.7,1704.90299092
2024-07-22 22:00:00+00:00,67848.0,67860.0,67246.6,67527.9,1637.9330265
2024-07-23 00:00:00+00:00,67524.7,67748.7,67216.6,67410.5,1781.04562309
2024-07-23 02:00:00+00:00,67410.5,67705.0,67247.2,67469.7,1632.57291914
2024-07-23 04:00:00+00:00,67469.7,67523.9,66323.0,66432.3,2483.95159045
2024-07-23 06:00:00+00:00,66432.4,66774.1,64854.2,66581.6,1548.70548614
2024-07-23 08:00:00+00:00,66579.9,67163.8,66517.9,66933.4,2437.47573047
2024-07-23 10:00:00+00:00,66933.4,67026.5,66464.7,66675.9,1937.65562326
2024-07-23 12:00:00+00:00,66675.5,66759.9,65964.9,66095.5,3566.83435824
2024-07-23 14:00:00+00:00,66095.9,67330.9,65982.2,66594.8,3493.3260465
2024-07-23 16:00:00+00:00,66594.8,66763.7,65738.1,65933.2,3523.64626659
2024-07-23 18:00:00+00:00,65935.9,66104.1,65445.9,65537.7,1977.49730552
2024-07-23 20:00:00+00:00,65533.6,66045.9,65479.8,65876.7,1374.33781641
2024-07-23 22:00:00+00:00,65870.0,66100.0,65779.2,65938.4,1537.2860551
2024-07-24 00:00:00+00:00,65938.5,66128.5,65622.2,65665.0,1787.96924396
2024-07-24 02:00:00+00:00,65665.1,66110.6,65472.4,66050.6,1880.71578169
2024-07-24 04:00:00+00:00,66050.7,66074.9,65606.6,65810.1,1448.1149229
2024-07-24 06:00:00+00:00,65810.2,66079.9,65727.3,66073.2,1517.6181242
2024-07-24 08:00:00+00:00,66075.9,66477.2,65998.0,66399.1,2034.21358983
2024-07-24 10:00:00+00:00,66399.2,66599.9,66334.6,66365.7,2095.81974795
2024-07-24 12:00:00+00:00,66367.4,66908.2,66177.5,66349.3,2642.73269884
2024-07-24 14:00:00+00:00,66351.9,67093.8,66104.0,66182.8,3536.78768788
2024-07-24 16:00:00+00:00,66179.5,66712.8,65975.3,66589.4,2952.3341582
2024-07-24 18:00:00+00:00,66595.2,66708.0,65571.8,65623.2,3499.15701664
2024-07-24 20:00:00+00:00,65652.5,66077.5,65143.0,65634.3,1829.44208571
2024-07-24 22:00:00+00:00,65664.3,65675.2,65116.4,65380.7,2545.30030774
2024-07-25 00:00:00+00:00,65373.6,65699.6,63906.3,64473.9,5258.26566398
2024-07-25 02:00:00+00:00,64479.1,64485.8,63870.9,64090.1,4608.38680116
2024-07-25 04:00:00+00:00,64091.4,64330.8,63781.9,64269.8,2727.29274146
2024-07-25 06:00:00+00:00,64260.4,64391.3,64073.9,64125.0,2264.26330033
2024-07-25 08:00:00+00:00,64125.1,65000.0,63637.4,64277.5,2378.88555933
2024-07-25 10:00:00+00:00,64277.5,64277.5,64277.5,64277.5,0.0
2024-07-25 12:00:00+00:00,64281.7,64471.1,63743.7,64040.0,2197.72417884
2024-07-25 14:00:00+00:00,64039.9,64999.9,63455.7,64767.5,4685.53117803
2024-07-25 16:00:00+00:00,64769.5,65166.6,64576.5,64997.0,3749.75005136
2024-07-25 18:00:00+00:00,65042.0,65174.4,64385.9,64678.0,3255.95080439
2024-07-25 20:00:00+00:00,64678.1,66001.4,64421.4,65836.0,2505.93963506
2024-07-25 22:00:00+00:00,65836.0,66160.0,65626.5,65799.9,1670.12360973
2024-07-26 00:00:00+00:00,65802.0,66558.4,65718.2,66429.8,2786.05631052
2024-07-26 02:00:00+00:00,66430.0,67468.8,66312.6,67037.7,3518.72928607
2024-07-26 04:00:00+00:00,67037.6,67132.8,66312.6,66929.9,2649.12194839
2024-07-26 06:00:00+00:00,66930.0,67184.9,66533.2,66893.6,1896.33267728
2024-07-26 08:00:00+00:00,66904.9,67497.1,66904.9,67304.0,1020.42590893
2024-07-26 10:00:00+00:00,67302.1,67459.6,67164.0,67332.1,1383.94903667
2024-07-26 12:00:00+00:00,67332.1,67972.0,67084.0,67893.0,3231.78697082
2024-07-26 14:00:00+00:00,67889.1,68150.0,66902.4,67562.0,2931.67877732
2024-07-26 16:00:00+00:00,67561.9,67699.2,67306.2,67369.9,1998.33898599
2024-07-26 18:00:00+00:00,67369.9,68145.8,67332.1,67994.6,1598.01408109
2024-07-26 20:00:00+00:00,67994.2,68212.8,67409.9,67944.4,1006.09911187
2024-07-26 22:00:00+00:00,67944.1,68099.9,67846.2,67906.0,542.69054558
2024-07-27 00:00:00+00:00,67909.0,67960.0,67640.1,67663.0,715.86059551
2024-07-27 02:00:00+00:00,67663.1,68076.8,67658.0,67797.7,673.31439925
2024-07-27 04:00:00+00:00,67797.8,68000.0,67774.7,67914.6,577.51195027
2024-07-27 06:00:00+00:00,67900.1,68300.0,67892.9,68047.1,749.87870326
2024-07-27 08:00:00+00:00,68040.2,68216.6,67904.5,68215.8,919.9050745
2024-07-27 10:00:00+00:00,68215.9,68267.9,68020.1,68215.1,322.38774937
2024-07-27 12:00:00+00:00,68215.1,69392.1,67900.0,69230.8,1659.79471189
2024-07-27 14:00:00+00:00,69254.0,69415.6,68607.0,68862.6,2162.3846677
2024-07-27 16:00:00+00:00,68862.6,69268.0,67900.0,68542.1,1572.20101933
2024-07-27 18:00:00+00:00,68543.8,68998.0,67737.0,68265.9,1560.521404
2024-07-27 20:00:00+00:00,68254.6,69144.8,66575.2,68864.1,3914.99286679
2024-07-27 22:00:00+00:00,68863.0,68863.6,67790.6,67910.7,758.38516153
2024-07-28 00:00:00+00:00,67898.6,68288.5,67284.1,68086.0,1063.27302634
2024-07-28 02:00:00+00:00,68086.1,68166.1,67935.4,67937.8,503.36385719
2024-07-28 04:00:00+00:00,67937.0,68025.2,67055.8,67412.2,855.9439303
2024-07-28 06:00:00+00:00,67401.5,67576.1,67300.0,67548.0,740.84967333
2024-07-28 08:00:00+00:00,67541.3,67550.0,67216.0,67427.3,724.10787124
2024-07-28 10:00:00+00:00,67427.3,68337.3,67381.9,67840.0,1179.39481824
2024-07-28 12:00:00+00:00,67836.1,68115.4,67740.1,67981.0,1348.46181715
2024-07-28 14:00:00+00:00,67994.6,68025.1,67300.0,67642.0,1118.68863821
2024-07-28 16:00:00+00:00,67650.0,67997.7,67618.7,67986.0,702.84082171
2024-07-28 18:00:00+00:00,67988.0,68328.3,67614.0,68113.9,912.76760551
2024-07-28 20:00:00+00:00,68113.9,68175.9,67815.8,68029.9,582.66850139
2024-07-28 22:00:00+00:00,68029.9,68500.0,67942.1,68239.4,1064.31879758
2024-07-29 00:00:00+00:00,68239.4,69000.0,68035.2,68546.6,1779.69714342
2024-07-29 02:00:00+00:00,68546.7,69800.0,68535.9,69361.0,2510.72507678
2024-07-29 04:00:00+00:00,69354.1,69814.7,69271.7,69678.0,1983.08023357
2024-07-29 06:00:00+00:00,69679.1,69873.7,69400.0,69532.1,2006.8543979
2024-07-29 08:00:00+00:00,69539.1,69718.6,69377.6,69525.0,1736.11534524
2024-07-29 10:00:00+00:00,69528.0,69843.5,69392.1,69576.2,1466.12907775
2024-07-29 12:00:00+00:00,69576.1,70013.6,69088.0,69270.9,3652.08847993
2024-07-29 14:00:00+00:00,69270.9,69298.0,67673.4,68100.1,5246.82218482
2024-07-29 16:00:00+00:00,68100.1,68118.5,66472.5,66996.0,5876.77220717
2024-07-29 18:00:00+00:00,67016.0,67546.7,66938.9,67301.9,1561.2183746
2024-07-29 20:00:00+00:00,67308.0,67510.2,67022.0,67489.1,1134.91961423
2024-07-29 22:00:00+00:00,67491.9,67750.2,66587.9,66786.0,1738.61471453
2024-07-30 00:00:00+00:00,66783.8,66885.3,65871.0,66197.9,1959.32216314
2024-07-30 02:00:00+00:00,66209.6,66738.6,65957.3,66614.4,2043.20219089
2024-07-30 04:00:00+00:00,66614.4,66818.1,66318.5,66478.1,1691.56030435
2024-07-30 06:00:00+00:00,66483.9,67329.0,66464.2,66951.7,1382.98780009
2024-07-30 08:00:00+00:00,66951.7,66998.3,66438.0,66600.1,1032.10696533
2024-07-30 10:00:00+00:00,66600.2,66714.1,66411.9,66580.0,1229.8227198
2024-07-30 12:00:00+00:00,66566.6,66939.9,66227.4,66383.6,1586.49054382
2024-07-30 14:00:00+00:00,66383.7,66530.9,65570.4,66218.0,2894.48956441
2024-07-30 16:00:00+00:00,66218.0,66555.1,65692.9,65876.0,2245.80443076
2024-07-30 18:00:00+00:00,65866.1,66065.8,65564.9,65800.0,2076.23189434
2024-07-30 20:00:00+00:00,65923.9,66351.2,65250.0,66310.1,1532.85534721
2024-07-30 22:00:00+00:00,66310.1,66399.9,66075.7,66190.1,1285.62388741
2024-07-31 00:00:00+00:00,66190.1,66414.2,65898.9,66300.1,1569.08052293
2024-07-31 02:00:00+00:00,66294.5,66410.0,66042.0,66074.4,1186.63752681
2024-07-31 04:00:00+00:00,66061.2,66220.2,65500.9,66164.1,1416.48654921
2024-07-31 06:00:00+00:00,66166.8,66556.4,66110.3,66227.9,1797.05691012
2024-07-31 08:00:00+00:00,66228.0,66379.1,66019.9,66258.1,1132.94765608
2024-07-31 10:00:00+00:00,66262.8,66265.4,65956.2,66098.1,1272.76125214
2024-07-31 12:00:00+00:00,66098.1,66843.8,66008.7,66518.0,2418.92430954
2024-07-31 14:00:00+00:00,66518.0,66739.9,65978.0,66386.0,2854.60583874
2024-07-31 16:00:00+00:00,66386.0,66841.1,66285.8,66682.0,2151.48168309
2024-07-31 18:00:00+00:00,66685.5,66816.1,65000.0,65269.7,3122.40093928
2024-07-31 20:00:00+00:00,65269.8,65533.3,64521.1,64975.9,3632.99502214
2024-07-31 22:00:00+00:00,64975.9,65066.6,64625.8,64634.7,2085.22593963
2024-08-01 00:00:00+00:00,64630.1,64846.5,64129.4,64220.1,3465.6128245
2024-08-01 02:00:00+00:00,64190.1,64252.5,63751.6,63938.0,3215.28616269
2024-08-01 04:00:00+00:00,63938.1,64349.9,63303.8,64276.6,3161.04891277
2024-08-01 06:00:00+00:00,64303.1,64488.5,64000.0,64322.0,2322.05789802
2024-08-01 08:00:00+00:00,64322.1,64699.9,64284.1,64463.3,2098.19350454
2024-08-01 10:00:00+00:00,64463.4,64773.4,64326.1,64682.1,2164.26018855
2024-08-01 12:00:00+00:00,64683.2,64999.9,64443.5,64764.5,2980.01885026
2024-08-01 14:00:00+00:00,64756.8,64839.4,62663.1,62799.9,5508.99047052
2024-08-01 16:00:00+00:00,62799.9,63249.9,62181.8,63218.9,2303.54315312
2024-08-01 18:00:00+00:00,63219.0,63486.6,62600.0,63466.0,2897.28308088
2024-08-01 20:00:00+00:00,63487.7,65340.6,63334.0,64882.1,1788.0911407
2024-08-01 22:00:00+00:00,64902.1,65653.7,64584.0,65355.9,1570.64037622
2024-08-02 00:00:00+00:00,65356.0,65598.8,64559.6,64648.3,1461.66201478
2024-08-02 02:00:00+00:00,64648.3,64916.9,63667.0,64602.0,3037.4356437
2024-08-02 04:00:00+00:00,64605.4,64685.8,64069.9,64171.9,2687.15209032
2024-08-02 06:00:00+00:00,64178.4,64629.3,63824.5,64166.1,3792.23219095
2024-08-02 08:00:00+00:00,64156.0,64621.9,64000.0,64512.0,2689.34434158
2024-08-02 10:00:00+00:00,64512.1,64976.5,64000.0,64662.0,2777.12071012
2024-08-02 12:00:00+00:00,64662.1,65524.1,64156.6,65226.1,5359.46530456
2024-08-02 14:00:00+00:00,65227.9,65373.9,62455.4,63418.5,7849.45792409
2024-08-02 16:00:00+00:00,63418.6,63628.1,62946.4,63100.0,6938.57556526
2024-08-02 18:00:00+00:00,63098.2,63225.8,62515.0,62631.5,4929.7800869
2024-08-02 20:00:00+00:00,62630.1,63188.4,61266.6,61989.9,4955.09392257
2024-08-02 22:00:00+00:00,61990.0,62400.0,61231.8,61486.1,3047.24147426
2024-08-03 00:00:00+00:00,61490.0,61723.2,60500.0,61336.0,4912.88896119
2024-08-03 02:00:00+00:00,61335.4,61969.0,61220.1,61889.3,2987.2581286
2024-08-03 04:00:00+00:00,61889.2,61971.0,61393.4,61698.3,2588.37319681
2024-08-03 06:00:00+00:00,61700.2,61907.2,61621.8,61663.6,2118.3109638
2024-08-03 08:00:00+00:00,61663.7,61742.5,61452.1,61733.8,2624.78666436
2024-08-03 10:00:00+00:00,61739.1,61999.2,61625.0,61911.0,2143.94708702
2024-08-03 12:00:00+00:00,61910.7,62195.7,61705.3,62009.9,3026.60511901
2024-08-03 14:00:00+00:00,62010.0,62178.0,60812.5,60903.2,4426.57346361
2024-08-03 16:00:00+00:00,60923.6,61288.1,60338.3,60576.0,8082.04870318
2024-08-03 18:00:00+00:00,60576.0,60846.0,59939.5,60244.0,5506.33613691
2024-08-03 20:00:00+00:00,60248.7,60858.0,59849.9,60638.7,3550.80437089
2024-08-03 22:00:00+00:00,60652.0,60833.3,60005.8,60710.0,2237.50004562
2024-08-04 00:00:00+00:00,60711.9,60866.6,60328.4,60741.6,2518.29426049
2024-08-04 02:00:00+00:00,60739.1,61125.0,60685.5,60738.6,2141.23635673
2024-08-04 04:00:00+00:00,60741.6,60933.3,60551.9,60790.1,1667.99125511
2024-08-04 06:00:00+00:00,60790.1,60896.6,60257.3,60369.0,2063.63456981
2024-08-04 08:00:00+00:00,60368.9,60730.8,60106.6,60708.0,2861.97640942
2024-08-04 10:00:00+00:00,60708.1,61000.0,60531.9,60897.9,2220.91053425
2024-08-04 12:00:00+00:00,60898.0,61086.0,60800.0,60830.0,2418.4536284
2024-08-04 14:00:00+00:00,60924.3,60924.3,58969.1,59075.4,6950.06743961
2024-08-04 16:00:00+00:00,59088.0,59314.1,57072.0,57862.0,8279.77053031
2024-08-04 18:00:00+00:00,57868.1,59486.8,57424.5,59258.1,7669.14685145
2024-08-04 20:00:00+00:00,59252.1,59576.8,58353.3,58458.2,2277.17097773
2024-08-04 22:00:00+00:00,58466.0,59186.2,58009.6,58164.8,2996.31343243
2024-08-05 00:00:00+00:00,58161.4,58303.4,52238.0,54401.9,8435.58530637
2024-08-05 02:00:00+00:00,54375.9,54854.0,53354.4,53789.0,4391.39354054
2024-08-05 04:00:00+00:00,53894.0,54561.4,52211.9,52702.0,1141.87037326
2024-08-05 06:00:00+00:00,52718.6,53100.0,49000.0,52678.7,3497.44673228
2024-08-05 08:00:00+00:00,52678.2,53391.6,51533.3,52640.0,1054.11751567
2024-08-05 10:00:00+00:00,52642.7,52650.2,50599.9,51356.6,1283.16748673
2024-08-05 12:00:00+00:00,51346.0,52466.6,49500.0,52004.0,1760.93615249
2024-08-05 14:00:00+00:00,52020.9,54969.2,51900.0,54293.9,1907.08368371
2024-08-05 16:00:00+00:00,54316.1,55478.4,53777.7,54714.4,1119.72648855
2024-08-05 18:00:00+00:00,54710.0,54777.7,52552.7,53480.0,524.25691378
2024-08-05 20:00:00+00:00,53472.1,55196.0,53472.1,54396.0,448.60946054
2024-08-05 22:00:00+00:00,54376.1,55080.0,53889.3,53983.9,365.62838094
2024-08-06 00:00:00+00:00,54000.0,56262.0,53946.5,55728.0,1124.87317337
2024-08-06 02:00:00+00:00,55726.0,56054.8,55400.0,55668.7,571.03756543
2024-08-06 04:00:00+00:00,55668.7,55999.9,55120.1,55934.0,583.67600401
2024-08-06 06:00:00+00:00,55935.0,56154.4,55337.9,56006.6,527.64136095
2024-08-06 08:00:00+00:00,56004.1,56113.5,54361.5,55205.7,612.56339231
2024-08-06 10:00:00+00:00,55210.1,55433.9,54526.7,55227.9,408.27918123
2024-08-06 12:00:00+00:00,55208.1,55458.4,54421.0,55200.0,618.6170117
2024-08-06 14:00:00+00:00,55204.1,56937.4,55153.8,56418.0,795.95816955
2024-08-06 16:00:00+00:00,56411.3,56944.1,56250.0,56516.1,542.1001615
2024-08-06 18:00:00+00:00,56492.0,57032.6,56274.9,56840.0,443.04579278
2024-08-06 20:00:00+00:00,56772.0,56844.9,56113.5,56465.3,194.62376092
2024-08-06 22:00:00+00:00,56452.2,56929.9,55866.6,56049.2,206.46418318
2024-08-07 00:00:00+00:00,56020.0,57000.0,55578.4,56948.0,367.78395018
2024-08-07 02:00:00+00:00,56960.1,57280.0,56503.7,56870.1,1995.17903172
2024-08-07 04:00:00+00:00,56863.9,57394.5,56705.8,56798.0,3434.36408765
2024-08-07 06:00:00+00:00,56806.1,57100.0,56546.6,56918.0,2922.77042319
2024-08-07 08:00:00+00:00,56930.1,57665.2,56800.0,57355.6,3225.98236456
2024-08-07 10:00:00+00:00,57356.1,57730.7,56862.0,56959.1,3192.90762283
2024-08-07 12:00:00+00:00,56969.5,57624.4,56725.4,56837.9,3939.46207742
2024-08-07 14:00:00+00:00,56831.9,56989.7,55418.0,56092.7,6908.75469106
2024-08-07 16:00:00+00:00,56092.7,56315.7,55445.3,55582.0,7050.15077551
2024-08-07 18:00:00+00:00,55573.6,55625.9,54500.0,54767.0,5067.83945227
2024-08-07 20:00:00+00:00,54767.0,55570.8,54654.0,55422.2,3706.66315593
2024-08-07 22:00:00+00:00,55422.3,55464.2,54561.4,55133.3,2449.53413843
2024-08-08 00:00:00+00:00,55137.3,57333.3,54734.7,56871.0,4890.49580277
2024-08-08 02:00:00+00:00,56872.6,57700.0,56703.9,57052.1,4025.4541789
2024-08-08 04:00:00+00:00,57055.8,57300.0,56683.1,56957.9,2558.1578311
2024-08-08 06:00:00+00:00,56957.9,57500.0,56791.6,57187.7,2618.79150255
2024-08-08 08:00:00+00:00,57192.0,57490.9,56957.0,57342.0,2234.3993852
2024-08-08 10:00:00+00:00,57348.0,57674.1,57194.0,57319.9,2460.39916755
2024-08-08 12:00:00+00:00,57329.6,58475.8,56720.0,57265.9,6969.7586364
2024-08-08 14:00:00+00:00,57268.6,59498.0,56856.0,59424.0,8199.92055318
2024-08-08 16:00:00+00:00,59422.2,60000.0,59100.0,59469.6,6457.27378432
2024-08-08 18:00:00+00:00,59468.2,59821.6,59248.6,59409.2,3199.67706343
2024-08-08 20:00:00+00:00,59410.0,61336.5,59300.0,61118.0,1452.56438369
2024-08-08 22:00:00+00:00,61164.1,62733.3,60499.9,61690.0,4693.84776387
2024-08-09 00:00:00+00:00,61688.3,61867.9,60774.3,61403.0,3186.4790826
2024-08-09 02:00:00+00:00,61403.1,61567.6,61155.0,61363.4,1853.6414272
2024-08-09 04:00:00+00:00,61360.1,61502.2,60590.1,60987.9,2339.12585707
2024-08-09 06:00:00+00:00,60986.8,61224.1,60736.0,60862.1,2710.63389318
2024-08-09 08:00:00+00:00,60863.8,61250.8,60600.0,60759.8,2457.38847065
2024-08-09 10:00:00+00:00,60759.9,60875.0,60175.4,60662.8,3027.66241617
2024-08-09 12:00:00+00:00,60658.1,60805.0,59734.2,60456.4,3181.11318823
2024-08-09 14:00:00+00:00,60456.0,61111.9,59472.0,59812.8,7278.57206348
2024-08-09 16:00:00+00:00,59812.8,60732.1,59739.2,60200.1,2917.01516521
2024-08-09 18:00:00+00:00,60203.0,60749.3,59838.9,60674.1,2757.27034972
2024-08-09 20:00:00+00:00,60686.0,60976.6,59926.0,60742.6,1531.23516379
2024-08-09 22:00:00+00:00,60733.9,60985.6,60295.8,60829.8,1837.5395017
2024-08-10 00:00:00+00:00,60838.2,61472.4,60400.0,60474.9,2122.97745507
2024-08-10 02:00:00+00:00,60468.0,60726.5,60278.9,60442.0,1159.79517157
2024-08-10 04:00:00+00:00,60440.5,60474.9,60210.1,60355.0,940.27575112
2024-08-10 06:00:00+00:00,60366.0,60855.0,60330.1,60847.4,1215.55767627
2024-08-10 08:00:00+00:00,60847.5,61114.1,60630.6,60898.1,1322.66838305
2024-08-10 10:00:00+00:00,60902.0,61013.7,60640.1,60914.0,1361.27251621
2024-08-10 12:00:00+00:00,60923.8,60941.6,60427.5,60438.4,1268.56718502
2024-08-10 14:00:00+00:00,60439.6,60782.1,60400.0,60510.0,1524.9295174
2024-08-10 16:00:00+00:00,60523.9,60858.0,60193.3,60775.4,1075.09115039
2024-08-10 18:00:00+00:00,60774.4,61188.1,60732.4,61013.9,1146.38982591
2024-08-10 20:00:00+00:00,61013.7,61164.0,60900.5,61066.1,504.50517419
2024-08-10 22:00:00+00:00,61076.0,61116.1,60758.3,60918.1,837.16547799
2024-08-11 00:00:00+00:00,60921.3,61235.2,60481.4,61115.4,1194.46869879
2024-08-11 02:00:00+00:00,61115.4,61373.9,60973.7,61087.9,875.26685757
2024-08-11 04:00:00+00:00,61090.0,61156.7,60882.3,61116.2,953.16166103
2024-08-11 06:00:00+00:00,61118.6,61273.2,61010.4,61258.9,1096.93415827
2024-08-11 08:00:00+00:00,61264.6,61843.5,61008.0,61108.1,1599.20061582
2024-08-11 10:00:00+00:00,61112.0,61270.0,60433.6,60677.1,1644.87662115
2024-08-11 12:00:00+00:00,60667.7,60704.4,60000.0,60460.7,1927.44979476
2024-08-11 14:00:00+00:00,60464.0,60753.3,59938.1,60126.9,2552.0770369
2024-08-11 16:00:00+00:00,60127.9,60352.0,59977.7,60279.9,1808.28718389
2024-08-11 18:00:00+00:00,60272.1,60347.8,59560.5,59622.8,1887.02956872
2024-08-11 20:00:00+00:00,59630.0,59668.4,58303.9,59016.0,3104.55411585
2024-08-11 22:00:00+00:00,59016.0,59343.9,58506.6,58715.9,2275.23269709
2024-08-12 00:00:00+00:00,58711.6,59079.9,58120.1,58582.1,3230.20336864
2024-08-12 02:00:00+00:00,58580.1,58810.0,58213.0,58510.0,1922.3617726
2024-08-12 04:00:00+00:00,58515.8,58693.9,58213.0,58577.0,1546.91342374
2024-08-12 06:00:00+00:00,58568.0,58966.0,57655.9,58674.1,2769.10744627
2024-08-12 08:00:00+00:00,58673.6,58999.9,58046.6,58300.0,1365.26032312
2024-08-12 10:00:00+00:00,58298.4,59967.9,58124.5,59860.9,3216.23480142
2024-08-12 12:00:00+00:00,59854.0,59931.4,57993.0,58152.0,2641.71052272
2024-08-12 14:00:00+00:00,58177.7,60642.7,57675.1,60198.5,3986.77265922
2024-08-12 16:00:00+00:00,60198.5,60409.2,59268.0,59302.0,5713.90979436
2024-08-12 18:00:00+00:00,59307.4,59494.2,58442.0,59047.5,2474.08916867
2024-08-12 20:00:00+00:00,59040.0,59387.5,58558.6,58970.0,1483.36065414
2024-08-12 22:00:00+00:00,58972.0,59736.8,58858.1,59344.6,1959.70108507
2024-08-13 00:00:00+00:00,59348.0,59919.5,59270.5,59734.1,1724.82380195
2024-08-13 02:00:00+00:00,59734.2,59799.9,58878.6,59053.9,1712.34785613
2024-08-13 04:00:00+00:00,59048.0,59369.2,58750.1,59219.1,1375.83833744
2024-08-13 06:00:00+00:00,59200.2,59600.0,58991.0,59244.0,1471.32296444
2024-08-13 08:00:00+00:00,59244.0,59335.9,58708.9,58948.1,1317.211604
2024-08-13 10:00:00+00:00,58945.9,58970.1,58431.0,58834.0,2008.77578604
2024-08-13 12:00:00+00:00,58832.0,59424.0,58659.9,59394.0,3187.7028923
2024-08-13 14:00:00+00:00,59394.0,59999.0,59023.9,59480.0,2901.98992384
2024-08-13 16:00:00+00:00,59480.1,61573.3,59460.8,61167.9,3985.57911466
2024-08-13 18:00:00+00:00,61164.7,61217.4,60250.0,60828.2,2960.81247813
2024-08-13 20:00:00+00:00,60827.4,61136.0,60505.9,61031.8,1143.6449687
2024-08-13 22:00:00+00:00,61035.1,61060.0,60389.0,60584.5,1334.04880249
2024-08-14 00:00:00+00:00,60584.6,60851.8,60428.5,60523.9,1904.35688097
2024-08-14 02:00:00+00:00,60524.0,61299.9,60495.9,60946.4,1576.68257859
2024-08-14 04:00:00+00:00,60946.0,61158.7,60797.0,60830.9,2047.04592892
2024-08-14 06:00:00+00:00,60828.0,60950.0,60640.2,60919.8,1686.61119163
2024-08-14 08:00:00+00:00,60919.9,60970.5,60643.7,60858.8,1847.46259418
2024-08-14 10:00:00+00:00,60856.0,61436.8,60836.2,61296.0,1991.64784782
2024-08-14 12:00:00+00:00,61294.0,61739.9,59389.6,59602.1,3760.78174137
2024-08-14 14:00:00+00:00,59602.0,59828.0,58824.3,59429.8,4213.09031062
2024-08-14 16:00:00+00:00,59436.0,59460.0,58675.4,59170.0,2512.53263142
2024-08-14 18:00:00+00:00,59170.0,59449.8,58716.1,58908.0,1957.69147946
2024-08-14 20:00:00+00:00,58890.6,59185.7,58878.4,58915.5,839.94954149
2024-08-14 22:00:00+00:00,58930.2,59034.4,58400.0,58690.0,1733.1649478
2024-08-15 00:00:00+00:00,58687.0,59049.6,58090.0,58206.3,1956.82983609
2024-08-15 02:00:00+00:00,58206.4,58600.0,56953.5,56962.0,1457.64422133
2024-08-15 04:00:00+00:00,56962.0,58640.5,56709.6,58320.1,2575.3458794
2024-08-15 06:00:00+00:00,58322.0,58400.0,57720.3,58064.0,1875.24996773
2024-08-15 08:00:00+00:00,58064.0,58555.0,57849.4,58426.2,1371.89478718
2024-08-15 10:00:00+00:00,58420.2,58869.9,58297.7,58748.1,1636.7772959
2024-08-15 12:00:00+00:00,58737.2,59500.0,58510.6,59460.1,3130.92479612
2024-08-15 14:00:00+00:00,59454.1,59799.9,59209.6,59685.9,2524.51184413
2024-08-15 16:00:00+00:00,59685.1,59847.9,58801.0,58875.9,2047.83434653
2024-08-15 18:00:00+00:00,58876.0,58906.4,56658.1,57048.0,5543.75774886
2024-08-15 20:00:00+00:00,57044.2,57640.0,56109.9,57636.0,1515.9963622
2024-08-15 22:00:00+00:00,57626.0,57882.0,57383.2,57546.7,1177.63573812
2024-08-16 00:00:00+00:00,57542.1,57668.8,57083.3,57548.1,1436.42607248
2024-08-16 02:00:00+00:00,57551.0,58488.0,57340.1,57894.8,1621.19817866
2024-08-16 04:00:00+00:00,57892.0,58332.9,57808.8,58197.1,1063.0606102
2024-08-16 06:00:00+00:00,58191.2,58632.3,58058.1,58463.9,1581.05987155
2024-08-16 08:00:00+00:00,58464.0,58787.0,58264.7,58670.7,2734.51352123
2024-08-16 10:00:00+00:00,58671.9,58672.0,58201.1,58412.1,1718.89701916
2024-08-16 12:00:00+00:00,58406.2,58837.7,57371.4,58347.8,5038.35255122
2024-08-16 14:00:00+00:00,58347.9,58458.5,57652.0,58076.0,3435.0888986
2024-08-16 16:00:00+00:00,58074.1,59331.6,57994.0,59214.9,2518.86150762
2024-08-16 18:00:00+00:00,59214.8,59820.0,59080.7,59677.6,2306.00773444
2024-08-16 20:00:00+00:00,59681.6,59711.8,58951.4,59025.1,800.16569925
2024-08-16 22:00:00+00:00,59024.9,59181.0,58740.0,58880.5,930.57257206
2024-08-17 00:00:00+00:00,58884.3,59384.2,58805.0,59246.0,989.0749221
2024-08-17 02:00:00+00:00,59250.5,59343.6,58740.0,59159.5,922.35716894
2024-08-17 04:00:00+00:00,59161.0,59266.6,58740.0,59157.2,796.98405119
2024-08-17 06:00:00+00:00,59157.2,59264.0,59047.2,59252.0,456.75893336
2024-08-17 08:00:00+00:00,59249.1,59476.9,59160.9,59322.6,647.97543257
2024-08-17 10:00:00+00:00,59317.9,59358.3,59057.1,59140.9,660.10116586
2024-08-17 12:00:00+00:00,59137.2,59446.1,58740.0,59330.0,1071.23919225
2024-08-17 14:00:00+00:00,59326.9,59650.0,59089.0,59394.2,1364.85785676
2024-08-17 16:00:00+00:00,59394.3,59706.0,59394.3,59428.9,923.56572765
2024-08-17 18:00:00+00:00,59435.1,59549.3,59313.8,59471.8,461.38897139
2024-08-17 20:00:00+00:00,59478.9,59501.1,59155.9,59310.0,560.83607558
2024-08-17 22:00:00+00:00,59315.7,59499.8,59256.0,59499.8,346.66747344
2024-08-18 00:00:00+00:00,59499.8,59745.1,59199.0,59434.0,765.50759211
2024-08-18 02:00:00+00:00,59434.3,60260.8,59303.9,59340.1,922.18038535
2024-08-18 04:00:00+00:00,59340.9,59700.0,59262.7,59488.1,664.44193195
2024-08-18 06:00:00+00:00,59488.1,59660.3,59476.1,59575.5,517.81449301
2024-08-18 08:00:00+00:00,59568.2,60121.4,59439.0,59883.9,936.036916
2024-08-18 10:00:00+00:00,59883.9,60194.0,59768.9,60030.7,1076.45134817
2024-08-18 12:00:00+00:00,60020.8,60266.1,59826.1,59830.6,920.53205117
2024-08-18 14:00:00+00:00,59831.7,59976.9,59675.8,59863.7,1085.39614075
2024-08-18 16:00:00+00:00,59867.7,59950.0,59395.3,59528.1,865.35897472
2024-08-18 18:00:00+00:00,59528.1,59758.6,59468.0,59690.0,426.49089803
2024-08-18 20:00:00+00:00,59708.0,59868.1,59339.5,59435.0,407.09802169
2024-08-18 22:00:00+00:00,59444.1,59582.5,58424.2,58434.9,1244.89901377
2024-08-19 00:00:00+00:00,58434.7,58702.0,58221.7,58562.0,1752.72658516
2024-08-19 02:00:00+00:00,58564.1,58767.1,58430.0,58742.1,993.29848669
2024-08-19 04:00:00+00:00,58734.3,58752.5,58380.9,58481.1,993.00655493
2024-08-19 06:00:00+00:00,58489.1,58745.3,58393.0,58517.4,1025.26016376
2024-08-19 08:00:00+00:00,58511.3,58674.0,57980.0,58004.0,1800.83508026
2024-08-19 10:00:00+00:00,58010.3,58506.0,57824.2,58395.6,1396.75234389
2024-08-19 12:00:00+00:00,58394.4,59000.0,57900.0,58211.6,2527.86239704
2024-08-19 14:00:00+00:00,58214.0,58777.3,57829.0,58545.9,4639.20236105
2024-08-19 16:00:00+00:00,58540.0,59293.1,58382.2,59016.2,3784.77547638
2024-08-19 18:00:00+00:00,59022.0,59243.9,58732.3,58966.6,1473.93214366
2024-08-19 20:00:00+00:00,58966.6,59458.9,58911.3,58968.0,1548.51660529
2024-08-19 22:00:00+00:00,58968.0,59609.0,58968.0,59439.2,933.01944391
2024-08-20 00:00:00+00:00,59438.5,60905.0,59322.6,60445.9,2930.22189869
2024-08-20 02:00:00+00:00,60456.2,60627.5,60333.3,60627.5,1546.40518897
2024-08-20 04:00:00+00:00,60626.6,61450.0,60550.0,61119.4,2309.58500759
2024-08-20 06:00:00+00:00,61119.5,61157.8,60805.1,60926.7,1370.20433738
2024-08-20 08:00:00+00:00,60930.6,60973.6,60255.8,60858.7,1303.8789948
2024-08-20 10:00:00+00:00,60865.0,60900.0,60428.5,60519.4,1191.3645916
2024-08-20 12:00:00+00:00,60522.6,60966.6,60352.5,60893.7,2523.14329617
2024-08-20 14:00:00+00:00,60889.9,60922.4,58700.0,58826.6,5976.57698903
2024-08-20 16:00:00+00:00,58826.6,59061.6,58588.7,59036.0,2216.24396988
2024-08-20 18:00:00+00:00,59040.0,59595.3,58994.1,59498.7,1406.65278484
2024-08-20 20:00:00+00:00,59500.0,59715.6,58900.0,59292.0,1140.5231201
2024-08-20 22:00:00+00:00,59292.0,59544.1,58987.6,59007.3,848.92519293
2024-08-21 00:00:00+00:00,59003.7,59282.5,58789.8,59282.5,1586.1045827
2024-08-21 02:00:00+00:00,59282.5,59514.2,59155.6,59320.0,1357.2359302
2024-08-21 04:00:00+00:00,59320.9,59520.1,59197.1,59380.1,1381.36237718
2024-08-21 06:00:00+00:00,59377.1,59799.9,59333.3,59711.4,1498.28940843
2024-08-21 08:00:00+00:00,59713.0,59912.0,59100.0,59290.0,2340.97736696
2024-08-21 10:00:00+00:00,59287.4,59517.2,59206.1,59358.8,842.35320542
2024-08-21 12:00:00+00:00,59358.8,60066.1,58700.0,59953.8,2713.23786346
2024-08-21 14:00:00+00:00,59931.4,60200.0,59178.1,59517.1,4010.31997789
2024-08-21 16:00:00+00:00,59518.7,60048.7,59372.2,59934.1,1804.97642677
2024-08-21 18:00:00+00:00,59933.0,61627.9,59804.1,61583.6,2373.08276894
2024-08-21 20:00:00+00:00,61572.1,62000.0,60753.3,61234.0,1365.08231821
2024-08-21 22:00:00+00:00,61236.0,61500.0,61003.1,61157.7,1292.48534403
2024-08-22 00:00:00+00:00,61156.0,61218.5,60728.2,60979.9,1844.93495582
2024-08-22 02:00:00+00:00,60968.1,60972.0,59709.9,60546.5,2182.50656715
2024-08-22 04:00:00+00:00,60550.5,60875.0,60432.0,60719.4,1370.44660384
2024-08-22 06:00:00+00:00,60718.8,61250.0,60678.1,60988.0,1243.61505995
2024-08-22 08:00:00+00:00,60984.9,61125.0,60736.8,60889.6,1182.60866316
2024-08-22 10:00:00+00:00,60885.0,61415.1,60863.3,61332.0,1126.81598965
2024-08-22 12:00:00+00:00,61350.0,61410.1,60410.8,60814.0,2709.25834184
2024-08-22 14:00:00+00:00,60815.0,60868.1,60106.0,60404.0,3101.18008273
2024-08-22 16:00:00+00:00,60401.1,60590.7,60139.9,60156.0,2244.56392175
2024-08-22 18:00:00+00:00,60156.0,60569.0,60128.1,60307.6,1517.02217261
2024-08-22 20:00:00+00:00,60320.0,60700.0,60287.4,60536.0,501.71660048
2024-08-22 22:00:00+00:00,60551.2,60596.0,60303.4,60377.0,678.10145477
2024-08-23 00:00:00+00:00,60381.4,60939.8,60342.1,60770.0,791.65337503
2024-08-23 02:00:00+00:00,60760.1,60825.2,60575.1,60593.6,568.29375602
2024-08-23 04:00:00+00:00,60594.2,61095.3,60589.3,60856.9,724.38672977
2024-08-23 06:00:00+00:00,60859.9,61350.0,60835.9,61074.2,1076.99505621
2024-08-23 08:00:00+00:00,61072.7,61307.6,61004.1,61028.8,417.71873758
2024-08-23 10:00:00+00:00,61022.4,61160.0,60695.4,60738.0,944.77567063
2024-08-23 12:00:00+00:00,60738.0,61220.0,60738.0,61107.9,1421.25210006
2024-08-23 14:00:00+00:00,61118.0,62308.1,60800.1,61540.4,8759.43270241
2024-08-23 16:00:00+00:00,61534.1,63023.9,61340.0,63005.4,3803.98233473
2024-08-23 18:00:00+00:00,63015.6,63854.8,62725.4,63627.5,6567.6717528
2024-08-23 20:00:00+00:00,63625.9,64911.2,63151.0,64392.5,2588.93205222
2024-08-23 22:00:00+00:00,64389.4,65000.0,63845.3,64048.2,2449.64646561
2024-08-24 00:00:00+00:00,64048.2,64195.8,63632.2,63842.8,1511.9956622
2024-08-24 02:00:00+00:00,63843.5,64000.0,63782.1,63844.0,1005.89105476
2024-08-24 04:00:00+00:00,63840.1,64032.9,63800.0,63991.5,789.67456658
2024-08-24 06:00:00+00:00,63992.0,64331.9,63938.5,64314.0,876.82949356
2024-08-24 08:00:00+00:00,64312.9,64491.9,64148.1,64332.3,798.42845968
2024-08-24 10:00:00+00:00,64332.3,64400.0,63908.0,63914.1,977.98798406
2024-08-24 12:00:00+00:00,63914.1,64270.6,63910.7,64225.9,1177.91213959
2024-08-24 14:00:00+00:00,64225.9,64284.5,63878.1,63986.0,890.03842186
2024-08-24 16:00:00+00:00,63986.1,64429.9,63950.1,64050.2,1433.3349508
2024-08-24 18:00:00+00:00,64050.2,64452.6,63940.1,64205.3,685.27604876
2024-08-24 20:00:00+00:00,64205.4,64339.1,63558.0,63617.7,549.02192382
2024-08-24 22:00:00+00:00,63617.7,64164.1,63499.9,64160.1,933.12451518
2024-08-25 00:00:00+00:00,64159.0,64558.8,64000.0,64150.1,1434.65242608
2024-08-25 02:00:00+00:00,64152.0,64280.0,64000.1,64105.1,760.17953157
2024-08-25 04:00:00+00:00,64106.9,64209.8,64000.0,64150.6,633.36427906
2024-08-25 06:00:00+00:00,64152.0,64176.6,63788.1,63874.9,1164.18675905
2024-08-25 08:00:00+00:00,63872.1,64015.0,63800.0,63860.2,898.3306781
2024-08-25 10:00:00+00:00,63860.2,64020.1,63666.6,63884.4,660.26223967
2024-08-25 12:00:00+00:00,63884.4,64182.0,63800.0,64082.9,1168.54234088
2024-08-25 14:00:00+00:00,64083.0,64287.0,63934.6,64132.1,717.67099024
2024-08-25 16:00:00+00:00,64132.1,64203.8,64010.1,64146.5,738.80991601
2024-08-25 18:00:00+00:00,64143.2,64256.6,64072.0,64185.3,511.26563511
2024-08-25 20:00:00+00:00,64184.5,64583.1,64133.3,64392.1,464.51084111
2024-08-25 22:00:00+00:00,64394.9,65000.0,64215.6,64227.4,2123.36591206
2024-08-26 00:00:00+00:00,64227.5,64482.0,63666.6,63923.7,1685.03454339
2024-08-26 02:00:00+00:00,63922.3,64123.7,63792.1,64119.3,1289.96861335
2024-08-26 04:00:00+00:00,64116.2,64211.4,63890.3,63962.5,966.4928881
2024-08-26 06:00:00+00:00,63959.0,63989.9,63581.2,63625.0,1345.82662523
2024-08-26 08:00:00+00:00,63625.0,63868.0,63133.3,63861.9,1732.73363845
2024-08-26 10:00:00+00:00,63860.0,64040.0,63731.0,63851.9,1191.12624328
2024-08-26 12:00:00+00:00,63851.5,63970.9,63466.6,63761.8,1788.77326364
2024-08-26 14:00:00+00:00,63766.9,63875.4,63000.0,63541.1,3077.18124322
2024-08-26 16:00:00+00:00,63533.3,63879.9,63166.6,63382.0,2112.39771524
2024-08-26 18:00:00+00:00,63382.0,63800.0,63120.1,63345.6,1681.10297103
2024-08-26 20:00:00+00:00,63340.6,63566.6,62833.3,63152.1,855.62811579
2024-08-26 22:00:00+00:00,63155.1,63278.5,62812.1,62832.4,1062.69539454
2024-08-27 00:00:00+00:00,62830.3,63205.8,62654.5,63000.7,1586.35815143
2024-08-27 02:00:00+00:00,62996.1,63204.6,62724.1,62973.9,1155.48998199
2024-08-27 04:00:00+00:00,62972.0,63478.4,62904.1,63159.7,1051.53066899
2024-08-27 06:00:00+00:00,63159.9,63186.4,62733.3,62908.0,1347.43037911
2024-08-27 08:00:00+00:00,62908.0,63004.0,62599.4,62684.0,926.55489605
2024-08-27 10:00:00+00:00,62684.0,62724.2,62230.0,62414.8,2006.40384391
2024-08-27 12:00:00+00:00,62412.1,62491.9,62129.4,62230.0,2581.07256551
2024-08-27 14:00:00+00:00,62230.1,62286.6,61476.1,61708.8,4546.47087537
2024-08-27 16:00:00+00:00,61707.6,61991.9,61516.9,61933.3,2020.93110891
2024-08-27 18:00:00+00:00,61925.9,62194.3,61880.0,62112.5,1206.55776559
2024-08-27 20:00:00+00:00,62108.6,62108.6,59763.2,60410.4,1750.60966057
2024-08-27 22:00:00+00:00,60386.0,60386.1,58019.9,59406.0,6587.83291833
2024-08-28 00:00:00+00:00,59406.9,59446.9,58912.1,59374.0,2663.73571618
2024-08-28 02:00:00+00:00,59371.3,59650.2,58951.0,59627.8,1519.93914074
2024-08-28 04:00:00+00:00,59624.2,59998.4,59255.9,59294.9,1563.10670285
2024-08-28 06:00:00+00:00,59294.0,59360.0,58522.4,58604.0,2066.17748387
2024-08-28 08:00:00+00:00,58588.7,60400.0,58532.9,60196.8,2457.68879743
2024-08-28 10:00:00+00:00,60196.8,60216.1,59677.6,59935.9,3020.69087841
2024-08-28 12:00:00+00:00,59936.0,60159.0,59316.0,59329.4,2962.57886776
2024-08-28 14:00:00+00:00,59333.8,59941.8,58462.1,59004.1,8448.36507384
2024-08-28 16:00:00+00:00,59002.4,59250.9,57700.9,58644.0,7896.90959649
2024-08-28 18:00:00+00:00,58650.0,59818.2,58592.1,58898.1,3896.56322908
2024-08-28 20:00:00+00:00,58897.9,59591.5,58644.0,59117.9,2890.37234098
2024-08-28 22:00:00+00:00,59117.8,59253.9,58845.0,59034.0,1378.19348181
2024-08-29 00:00:00+00:00,59036.9,59321.0,58872.4,58997.6,1705.0095966
2024-08-29 02:00:00+00:00,58997.1,59189.9,58930.6,59138.3,1026.25274831
2024-08-29 04:00:00+00:00,59152.0,59466.3,59065.8,59435.9,1190.25721963
2024-08-29 06:00:00+00:00,59440.1,59760.0,59368.3,59583.9,1557.3601743
2024-08-29 08:00:00+00:00,59576.1,59771.5,59369.2,59583.0,1051.79195813
2024-08-29 10:00:00+00:00,59583.1,60480.5,59500.0,60064.0,2292.46930015
2024-08-29 12:00:00+00:00,60062.1,60663.9,59986.4,60625.9,3199.99283895
2024-08-29 14:00:00+00:00,60628.0,61163.8,60450.9,60776.4,3662.89998662
2024-08-29 16:00:00+00:00,60776.4,60959.2,60150.0,60530.0,1786.91727496
2024-08-29 18:00:00+00:00,60532.0,60551.1,58924.0,59256.8,4678.31867278
2024-08-29 20:00:00+00:00,59260.0,59636.2,59156.0,59492.1,849.56708541
2024-08-29 22:00:00+00:00,59492.1,59492.1,58760.2,59356.0,1173.29601492
2024-08-30 00:00:00+00:00,59352.0,59483.9,58962.0,59221.4,1272.86674228
2024-08-30 02:00:00+00:00,59223.9,59341.5,58912.2,59036.0,1362.87972895
2024-08-30 04:00:00+00:00,59033.8,59158.3,58666.0,58780.0,1214.25596789
2024-08-30 06:00:00+00:00,58790.0,59581.4,58704.2,59266.6,1533.4366981
2024-08-30 08:00:00+00:00,59266.7,59660.0,59266.2,59583.9,380.05426158
2024-08-30 10:00:00+00:00,59583.0,59832.0,59313.9,59397.2,788.59039979
2024-08-30 12:00:00+00:00,59383.7,59904.5,58717.0,59645.1,1278.78001789
2024-08-30 14:00:00+00:00,59666.0,59850.3,57910.0,58087.1,1999.79590588
2024-08-30 16:00:00+00:00,58090.0,58815.7,57700.0,58633.9,1527.43049583
2024-08-30 18:00:00+00:00,58638.0,59375.0,58624.0,58703.3,1278.10715357
2024-08-30 20:00:00+00:00,58754.0,59156.7,58690.0,59062.3,632.52605724
2024-08-30 22:00:00+00:00,59067.2,59292.1,58837.8,59135.6,503.51351416
2024-08-31 00:00:00+00:00,59135.5,59571.6,59065.2,59280.1,580.10887462
2024-08-31 02:00:00+00:00,59284.0,59323.1,59130.0,59232.0,416.88235531
2024-08-31 04:00:00+00:00,59237.5,59352.6,59209.2,59212.0,302.98422825
2024-08-31 06:00:00+00:00,59212.1,59276.3,59068.0,59092.2,430.08921023
2024-08-31 08:00:00+00:00,59091.8,59133.7,58829.6,58908.2,680.09083719
2024-08-31 10:00:00+00:00,58906.0,59185.0,58868.1,59120.0,389.38067926
2024-08-31 12:00:00+00:00,59128.4,59239.2,58927.8,58954.0,486.60779992
2024-08-31 14:00:00+00:00,58954.0,59162.9,58890.0,59012.0,650.65471535
2024-08-31 16:00:00+00:00,59013.8,59059.0,58548.2,59001.0,815.68265743
2024-08-31 18:00:00+00:00,59006.0,59138.6,58828.3,58858.6,623.47789441
2024-08-31 20:00:00+00:00,58865.2,59135.4,58787.9,59060.0,297.56804598
2024-08-31 22:00:00+00:00,59055.7,59136.0,58881.3,58977.0,291.88143045
2024-09-01 00:00:00+00:00,58977.0,59085.3,58823.7,58828.8,402.11459478
2024-09-01 02:00:00+00:00,58827.3,58913.7,58187.0,58527.3,817.53586999
2024-09-01 04:00:00+00:00,58527.3,58625.0,57720.2,57982.0,839.27613382
2024-09-01 06:00:00+00:00,57982.0,58495.4,57730.7,58476.0,650.30802449
2024-09-01 08:00:00+00:00,58478.6,58508.1,58141.2,58210.6,643.09040619
2024-09-01 10:00:00+00:00,58200.0,58238.4,57829.5,58238.4,717.16574865
2024-09-01 12:00:00+00:00,58236.1,58308.0,57741.9,58165.8,938.67501376
2024-09-01 14:00:00+00:00,58165.9,58368.3,57133.3,58214.1,1507.01280809
2024-09-01 16:00:00+00:00,58214.1,58351.5,57700.0,58130.1,946.3751437
2024-09-01 18:00:00+00:00,58122.1,58784.9,57928.1,58518.0,933.67458871
2024-09-01 20:00:00+00:00,58518.1,58663.8,58091.8,58349.5,629.36305104
2024-09-01 22:00:00+00:00,58355.3,58421.0,57114.4,57300.7,1309.29793609
2024-09-02 00:00:00+00:00,57291.1,57673.7,57120.0,57417.4,1326.99015468
2024-09-02 02:00:00+00:00,57414.9,57800.0,57288.2,57740.0,1054.54025806
2024-09-02 04:00:00+00:00,57736.0,57978.0,57419.3,57784.1,814.86694888
2024-09-02 06:00:00+00:00,57784.1,57884.8,57354.9,57550.0,771.36924312
2024-09-02 08:00:00+00:00,57550.0,58666.6,57512.2,58406.7,1486.01594429
2024-09-02 10:00:00+00:00,58406.0,58717.0,58102.2,58427.1,1717.40432757
2024-09-02 12:00:00+00:00,58427.2,58512.0,58000.0,58178.0,813.24396787
2024-09-02 14:00:00+00:00,58178.0,58832.0,58076.9,58535.7,1183.88345729
2024-09-02 16:00:00+00:00,58535.8,58658.0,58294.1,58518.0,1097.4513329
2024-09-02 18:00:00+00:00,58518.0,58664.6,58322.0,58446.6,667.54899134
2024-09-02 20:00:00+00:00,58446.7,59287.0,58380.0,59043.0,732.82541775
2024-09-02 22:00:00+00:00,59047.1,59433.1,59000.0,59139.0,642.94745584
2024-09-03 00:00:00+00:00,59142.2,59412.8,59031.4,59389.5,688.30977308
2024-09-03 02:00:00+00:00,59388.4,59856.7,59088.0,59119.9,687.70081986
2024-09-03 04:00:00+00:00,59117.5,59270.1,59000.4,59125.0,263.71442238
2024-09-03 06:00:00+00:00,59194.6,59200.0,58875.3,59104.3,212.57504781
2024-09-03 08:00:00+00:00,59104.3,59139.3,58717.3,58872.4,274.53222544
2024-09-03 10:00:00+00:00,58872.1,59198.7,58833.1,59064.2,624.66942865
2024-09-03 12:00:00+00:00,59066.6,59348.1,58210.2,58402.1,1080.83754532
2024-09-03 14:00:00+00:00,58403.9,58477.3,57333.0,57724.4,1586.76009671
2024-09-03 16:00:00+00:00,57724.5,58125.0,57600.0,57697.5,1288.69624424
2024-09-03 18:00:00+00:00,57697.5,58250.9,57591.6,58032.0,997.84963812
2024-09-03 20:00:00+00:00,58047.0,58246.2,57971.8,58126.3,665.96706574
2024-09-03 22:00:00+00:00,58126.3,58189.6,57401.6,57486.1,762.36106445
2024-09-04 00:00:00+00:00,57480.1,57946.3,55581.9,56779.9,1974.995199
2024-09-04 02:00:00+00:00,56780.0,56844.0,56363.5,56660.6,1174.19535908
2024-09-04 04:00:00+00:00,56662.0,56727.6,56125.0,56243.6,394.98558657
2024-09-04 06:00:00+00:00,56240.3,56877.8,56228.0,56750.0,1092.02352286
2024-09-04 08:00:00+00:00,56748.0,56899.8,56492.0,56596.0,851.12504055
2024-09-04 10:00:00+00:00,56596.0,56701.7,56268.1,56568.0,917.42674694
2024-09-04 12:00:00+00:00,56568.2,56764.9,56268.1,56468.0,1055.20758009
2024-09-04 14:00:00+00:00,56484.0,58160.0,56190.6,58140.0,1630.1040891
2024-09-04 16:00:00+00:00,58123.0,58522.1,57690.5,57874.7,1417.54260674
2024-09-04 18:00:00+00:00,57889.1,58180.7,57580.1,58056.3,1049.76125375
2024-09-04 20:00:00+00:00,58060.2,58183.6,57844.2,58101.9,674.40060239
2024-09-04 22:00:00+00:00,58107.8,58400.0,57895.9,57968.0,667.7520999
2024-09-05 00:00:00+00:00,57970.0,58400.0,57951.6,58024.9,716.10845423
2024-09-05 02:00:00+00:00,58018.0,58069.9,56910.0,57125.0,3815.3784562
2024-09-05 04:00:00+00:00,57127.4,57285.9,57030.0,57192.1,2465.59018964
2024-09-05 06:00:00+00:00,57194.5,57257.8,56437.0,57152.0,3346.7196032
2024-09-05 08:00:00+00:00,57150.6,57233.8,56532.9,56799.9,2302.16498945
2024-09-05 10:00:00+00:00,56799.9,56860.0,56380.0,56692.4,2712.63743427
2024-09-05 12:00:00+00:00,56693.6,57146.2,56391.4,57019.3,5621.81032071
2024-09-05 14:00:00+00:00,57019.9,57295.0,55760.7,55981.1,6802.65107324
2024-09-05 16:00:00+00:00,55976.1,56615.0,55858.4,56603.3,4311.75882239
2024-09-05 18:00:00+00:00,56603.3,56715.4,55794.0,56054.3,3938.24363129
2024-09-05 20:00:00+00:00,56049.3,56255.4,55662.1,56146.6,1960.97429236
2024-09-05 22:00:00+00:00,56146.2,56228.7,55788.3,56183.9,1676.06538679
2024-09-06 00:00:00+00:00,56176.0,56640.1,55646.0,56560.0,3303.86156023
2024-09-06 02:00:00+00:00,56560.1,56901.4,56466.0,56586.1,2490.47567971
2024-09-06 04:00:00+00:00,56586.1,56746.5,56309.6,56487.8,1823.63246008
2024-09-06 06:00:00+00:00,56490.1,56812.6,55291.3,55796.6,3120.84279724
2024-09-06 08:00:00+00:00,55796.5,55932.8,55500.0,55887.6,2049.15638087
2024-09-06 10:00:00+00:00,55892.0,56256.0,55834.3,55996.1,1547.94049441
2024-09-06 12:00:00+00:00,56000.0,56996.5,55563.9,56149.7,6068.12257256
2024-09-06 14:00:00+00:00,56149.9,56188.2,53817.1,54054.7,9980.67156346
2024-09-06 16:00:00+00:00,54054.7,54440.0,53580.6,53929.6,12981.05547063
2024-09-06 18:00:00+00:00,53929.6,54284.1,53251.1,53529.9,11069.09635453
2024-09-06 20:00:00+00:00,53527.0,53927.9,52500.0,53769.4,8881.73777703
2024-09-06 22:00:00+00:00,53770.4,53971.9,53588.6,53958.7,2114.18596327
2024-09-07 00:00:00+00:00,53958.8,54067.9,53743.2,53815.2,1543.55308854
2024-09-07 02:00:00+00:00,53815.2,53949.9,53749.9,53810.9,1235.24421776
2024-09-07 04:00:00+00:00,53814.0,54379.4,53800.0,54186.6,2051.67051787
2024-09-07 06:00:00+00:00,54182.0,54440.3,54056.0,54288.9,1455.94815234
2024-09-07 08:00:00+00:00,54289.0,54418.0,53985.0,54246.3,1285.3594568
2024-09-07 10:00:00+00:00,54249.0,54492.1,54242.5,54327.2,1502.82480784
2024-09-07 12:00:00+00:00,54328.0,54670.0,54328.0,54550.0,1549.74600582
2024-09-07 14:00:00+00:00,54547.8,54831.5,54445.8,54784.1,2775.14503071
2024-09-07 16:00:00+00:00,54784.1,54853.1,53985.0,54136.9,2016.48580897
2024-09-07 18:00:00+00:00,54129.6,54460.0,54036.1,54408.1,1244.12184847
2024-09-07 20:00:00+00:00,54400.2,54437.7,53863.8,53929.2,962.44683318
2024-09-07 22:00:00+00:00,53929.2,54191.5,53781.9,54161.0,710.40662909
2024-09-08 00:00:00+00:00,54161.3,54356.4,53836.8,54271.4,882.07776917
2024-09-08 02:00:00+00:00,54276.9,54514.5,54259.5,54394.6,704.01898558
2024-09-08 04:00:00+00:00,54399.3,54580.9,54337.9,54350.0,692.50639164
2024-09-08 06:00:00+00:00,54348.3,54529.9,54265.2,54440.4,804.25424515
2024-09-08 08:00:00+00:00,54442.0,54731.6,54280.0,54450.3,924.17443835
2024-09-08 10:00:00+00:00,54450.1,54677.9,54443.7,54557.9,858.93487512
2024-09-08 12:00:00+00:00,54560.0,54572.1,54068.9,54396.0,1525.02292671
2024-09-08 14:00:00+00:00,54389.3,54443.3,53553.8,53686.0,1937.14075426
2024-09-08 16:00:00+00:00,53685.4,54515.5,53627.5,54515.5,1347.37202398
2024-09-08 18:00:00+00:00,54502.3,54530.0,54285.6,54341.0,1106.31596661
2024-09-08 20:00:00+00:00,54333.1,54604.7,54188.3,54458.6,755.28630041
2024-09-08 22:00:00+00:00,54487.1,55315.9,54367.4,54875.6,2372.74123741
2024-09-09 00:00:00+00:00,54876.0,55358.1,54699.2,55096.0,2764.78789181
2024-09-09 02:00:00+00:00,55100.1,55209.9,54790.6,55116.0,1866.94279234
2024-09-09 04:00:00+00:00,55117.9,55155.3,54588.8,54666.0,1796.5242625
2024-09-09 06:00:00+00:00,54678.3,55000.0,54644.1,54977.8,1769.06369402
2024-09-09 08:00:00+00:00,54977.7,55551.8,54956.2,55152.4,2213.29552779
2024-09-09 10:00:00+00:00,55152.4,55455.9,55092.0,55263.9,1303.87404049
2024-09-09 12:00:00+00:00,55263.9,55800.8,54972.3,55692.9,3615.28014118
2024-09-09 14:00:00+00:00,55692.5,55755.6,54772.2,55380.0,5904.0311697
2024-09-09 16:00:00+00:00,55384.0,56754.2,55345.4,56488.0,5556.54161681
2024-09-09 18:00:00+00:00,56513.6,57176.0,56268.7,57090.3,2486.5616654
2024-09-09 20:00:00+00:00,57090.3,58187.0,56814.1,57455.6,1854.68778788
2024-09-09 22:00:00+00:00,57458.0,57624.0,56993.7,57033.5,1442.841496
2024-09-10 00:00:00+00:00,57030.3,57144.8,56626.5,56908.5,1875.46737161
2024-09-10 02:00:00+00:00,56900.3,56920.9,56527.7,56527.7,1513.71110107
2024-09-10 04:00:00+00:00,56527.2,56973.9,56402.0,56943.9,1590.64949956
2024-09-10 06:00:00+00:00,56942.0,57315.9,56768.4,57223.6,2112.13177465
2024-09-10 08:00:00+00:00,57220.1,57377.4,56900.0,57091.6,2195.99110307
2024-09-10 10:00:00+00:00,57091.6,57257.1,56953.4,57220.5,1661.55727359
2024-09-10 12:00:00+00:00,57220.5,57449.7,56640.0,56745.6,3437.16849654
2024-09-10 14:00:00+00:00,56739.9,57267.1,56529.8,56602.0,5721.25912571
2024-09-10 16:00:00+00:00,56604.0,57375.1,56563.8,57172.2,3768.54780592
2024-09-10 18:00:00+00:00,57176.0,58047.2,57176.0,57951.6,3474.49104798
2024-09-10 20:00:00+00:00,57951.8,58047.2,57468.5,57518.1,1249.34946716
2024-09-10 22:00:00+00:00,57518.0,57866.6,57450.1,57642.0,1150.21022317
2024-09-11 00:00:00+00:00,57639.8,57745.6,56686.9,56722.0,3011.46071748
2024-09-11 02:00:00+00:00,56722.0,57173.4,56684.1,56821.6,2289.59998128
2024-09-11 04:00:00+00:00,56824.0,56945.4,55877.2,56255.4,3128.23627635
2024-09-11 06:00:00+00:00,56242.1,56778.0,56172.3,56712.1,1774.68807183
2024-09-11 08:00:00+00:00,56715.9,56750.0,56353.5,56680.5,2061.16588662
2024-09-11 10:00:00+00:00,56680.5,56875.3,56200.0,56795.9,2450.52223889
2024-09-11 12:00:00+00:00,56795.9,57166.9,55728.0,55757.6,5943.89941333
2024-09-11 14:00:00+00:00,55757.6,57003.7,55570.0,56700.0,8416.84051498
2024-09-11 16:00:00+00:00,56700.1,57862.3,56644.1,57692.8,3961.04145176
2024-09-11 18:00:00+00:00,57694.1,57984.5,57327.2,57595.1,2981.10063052
2024-09-11 20:00:00+00:00,57596.0,57677.7,57252.1,57355.1,815.24143835
2024-09-11 22:00:00+00:00,57355.1,57506.0,57220.7,57339.9,867.5433077
2024-09-12 00:00:00+00:00,57338.3,58275.0,57328.2,58117.9,2627.60964522
2024-09-12 02:00:00+00:00,58124.9,58490.3,57561.8,58229.8,3320.57628388
2024-09-12 04:00:00+00:00,58231.3,58430.6,57927.2,57978.0,2502.09111459
2024-09-12 06:00:00+00:00,57978.0,58149.6,57600.0,58140.0,3090.75014513
2024-09-12 08:00:00+00:00,58138.0,58349.8,58000.0,58022.0,3220.09690197
2024-09-12 10:00:00+00:00,58022.1,58152.1,57833.3,58065.0,2635.7256624
2024-09-12 12:00:00+00:00,58065.1,58166.6,57340.3,57625.8,5792.8972802
2024-09-12 14:00:00+00:00,57626.4,58558.6,57377.4,57512.0,7511.7369133
2024-09-12 16:00:00+00:00,57514.0,58414.5,57500.1,58412.4,3404.51873496
2024-09-12 18:00:00+00:00,58401.3,58457.1,57977.9,58390.0,3700.64169074
2024-09-12 20:00:00+00:00,58396.0,58396.2,57786.8,57927.5,1389.54819774
2024-09-12 22:00:00+00:00,57916.5,58256.9,57904.0,58134.9,1031.13755483
2024-09-13 00:00:00+00:00,58132.5,58250.0,57881.9,58118.9,1453.64194714
2024-09-13 02:00:00+00:00,58129.9,58168.5,57828.2,57847.4,1187.13894535
2024-09-13 04:00:00+00:00,57850.0,58031.9,57825.1,57943.1,1455.96835461
2024-09-13 06:00:00+00:00,57943.1,58139.5,57745.2,58112.1,1505.85832584
2024-09-13 08:00:00+00:00,58115.8,58152.4,57926.3,58057.9,958.93617462
2024-09-13 10:00:00+00:00,58056.2,58349.4,57824.0,57876.0,3017.37508336
2024-09-13 12:00:00+00:00,57876.0,58160.8,57640.8,58052.9,3480.71069058
2024-09-13 14:00:00+00:00,58051.6,59715.5,57852.0,59658.3,6525.17253891
2024-09-13 16:00:00+00:00,59666.2,59974.1,59318.3,59588.3,4203.48871768
2024-09-13 18:00:00+00:00,59588.4,60333.3,59247.8,59728.5,3151.81539508
2024-09-13 20:00:00+00:00,59741.0,60353.9,59627.6,60283.6,1961.30041468
2024-09-13 22:00:00+00:00,60280.2,60634.6,60246.0,60500.2,1758.37108741
2024-09-14 00:00:00+00:00,60500.1,60614.7,60371.7,60403.3,1617.82207239
2024-09-14 02:00:00+00:00,60402.6,60534.7,60288.8,60325.5,1043.25709693
2024-09-14 04:00:00+00:00,60324.4,60349.2,59922.8,59935.9,1405.96071761
2024-09-14 06:00:00+00:00,59937.1,60185.0,59606.6,60142.4,1470.84148169
2024-09-14 08:00:00+00:00,60143.5,60165.8,59888.3,60076.5,1485.6312142
2024-09-14 10:00:00+00:00,60076.6,60076.6,59600.0,59705.9,1739.65654598
2024-09-14 12:00:00+00:00,59705.9,59951.3,59632.1,59768.6,1825.4519481
2024-09-14 14:00:00+00:00,59770.0,60020.1,59700.9,59875.3,2053.87121069
2024-09-14 16:00:00+00:00,59875.3,59988.3,59834.3,59889.9,1596.97951491
2024-09-14 18:00:00+00:00,59889.9,59950.0,59386.8,59812.3,1783.20856618
2024-09-14 20:00:00+00:00,59812.2,60088.9,59776.0,60035.4,787.93721818
2024-09-14 22:00:00+00:00,60035.4,60121.1,59936.7,59989.8,732.67706227
2024-09-15 00:00:00+00:00,59989.8,60270.2,59976.0,60230.0,971.31128606
2024-09-15 02:00:00+00:00,60229.6,60261.8,60109.7,60157.1,585.87870483
2024-09-15 04:00:00+00:00,60155.8,60215.6,60079.8,60150.1,657.85634103
2024-09-15 06:00:00+00:00,60150.1,60216.6,60122.4,60193.8,589.87808132
2024-09-15 08:00:00+00:00,60193.8,60205.3,60007.5,60018.6,861.55246353
2024-09-15 10:00:00+00:00,60017.4,60052.4,59877.1,60009.0,945.92138176
2024-09-15 12:00:00+00:00,60008.2,60350.1,59791.3,60186.5,1104.78419075
2024-09-15 14:00:00+00:00,60184.6,60392.7,59881.9,60335.9,2327.86618494
2024-09-15 16:00:00+00:00,60334.2,60350.5,59725.9,59819.0,2398.54716671
2024-09-15 18:00:00+00:00,59823.4,60181.4,59750.1,59876.5,2325.6982209
2024-09-15 20:00:00+00:00,59879.7,59950.0,59479.4,59655.0,1868.17642501
2024-09-15 22:00:00+00:00,59660.6,59694.5,58650.3,59127.0,3531.29109127
2024-09-16 00:00:00+00:00,59126.3,59209.9,58350.0,58605.9,3604.29831351
2024-09-16 02:00:00+00:00,58606.0,58697.2,58130.0,58577.0,3669.59181582
2024-09-16 04:00:00+00:00,58573.7,58730.6,58300.0,58668.1,646.84603308
2024-09-16 06:00:00+00:00,58668.1,59000.0,58311.1,58906.1,800.77194013
2024-09-16 08:00:00+00:00,58907.5,59181.5,58590.1,58630.5,2826.53053842
2024-09-16 10:00:00+00:00,58628.6,58839.9,58506.5,58664.9,1380.53634997
2024-09-16 12:00:00+00:00,58658.6,58791.9,58026.0,58472.7,3603.5289503
2024-09-16 14:00:00+00:00,58488.8,58711.9,57303.1,57888.8,5433.08092861
2024-09-16 16:00:00+00:00,57881.9,58268.3,57498.0,58169.0,4140.99279432
2024-09-16 18:00:00+00:00,58168.2,58200.0,57693.9,57940.1,3136.29948522
2024-09-16 20:00:00+00:00,57949.8,58174.0,57601.5,57994.1,1807.65860862
2024-09-16 22:00:00+00:00,57999.6,58414.9,57838.2,58214.9,1186.79652018
2024-09-17 00:00:00+00:00,58212.0,58345.9,57601.5,57895.8,1525.44031221
2024-09-17 02:00:00+00:00,57894.5,58211.3,57830.1,58066.1,1104.95523052
2024-09-17 04:00:00+00:00,58066.1,58785.1,58028.0,58650.0,1202.56768016
2024-09-17 06:00:00+00:00,58654.0,58764.2,58442.2,58702.6,2352.61345805
2024-09-17 08:00:00+00:00,58700.1,59082.9,58638.0,58971.5,3799.63822736
2024-09-17 10:00:00+00:00,58970.7,59300.0,58910.2,59090.7,3628.16839587
2024-09-17 12:00:00+00:00,59090.8,59444.1,58646.6,58970.8,4930.52567903
2024-09-17 14:00:00+00:00,58963.9,61479.8,58939.7,61131.1,8833.21332571
2024-09-17 16:00:00+00:00,61134.1,61268.0,60694.6,60954.8,5873.01319623
2024-09-17 18:00:00+00:00,60954.6,61071.0,59644.1,59966.0,5709.09541226
2024-09-17 20:00:00+00:00,59971.9,60422.5,59744.7,60327.6,2135.73025999
2024-09-17 22:00:00+00:00,60331.9,60348.8,60014.2,60314.7,1809.35889356
2024-09-18 00:00:00+00:00,60314.7,60335.9,59884.8,60112.0,3269.31466248
2024-09-18 02:00:00+00:00,60112.1,60771.0,59999.9,60515.5,3216.52837099
2024-09-18 04:00:00+00:00,60518.0,60697.9,60202.0,60233.3,2740.63558032
2024-09-18 06:00:00+00:00,60233.3,60550.0,60202.0,60427.1,2541.41504326
2024-09-18 08:00:00+00:00,60427.1,60625.0,59658.1,59661.0,3454.57756378
2024-09-18 10:00:00+00:00,59657.7,60004.1,59385.5,59837.7,4861.0445336
2024-09-18 12:00:00+00:00,59851.9,60160.0,59315.2,59503.9,5900.08577867
2024-09-18 14:00:00+00:00,59504.9,59943.9,59190.6,59430.1,4568.44785778
2024-09-18 16:00:00+00:00,59430.0,60247.0,59188.1,60000.1,4594.43761222
2024-09-18 18:00:00+00:00,60006.1,61328.6,59914.0,60066.1,6764.9767061
2024-09-18 20:00:00+00:00,60060.1,60477.0,59493.0,60205.5,5588.39420782
2024-09-18 22:00:00+00:00,60205.3,61792.9,60166.6,61766.6,3121.71599969
2024-09-19 00:00:00+00:00,61770.7,62589.7,61547.8,62006.1,5519.14664054
2024-09-19 02:00:00+00:00,62014.5,62299.9,61809.7,62112.3,4562.08718227
2024-09-19 04:00:00+00:00,62112.4,62172.0,61892.3,61991.4,3301.93333969
2024-09-19 06:00:00+00:00,61991.4,62167.6,61816.3,62083.9,2991.61825434
2024-09-19 08:00:00+00:00,62094.6,62343.4,61889.3,62269.9,2767.46427912
2024-09-19 10:00:00+00:00,62270.0,62706.8,62050.0,62644.6,3470.49545563
2024-09-19 12:00:00+00:00,62644.6,63346.0,62601.9,63040.3,6042.00088924
2024-09-19 14:00:00+00:00,63051.7,63505.2,62832.0,63156.0,6341.67353754
2024-09-19 16:00:00+00:00,63156.2,64000.0,62850.0,63718.1,4755.55818201
2024-09-19 18:00:00+00:00,63714.7,63831.2,63110.8,63258.1,3449.92481132
2024-09-19 20:00:00+00:00,63256.0,63399.9,62733.3,62884.2,108.27602021
2024-09-19 22:00:00+00:00,62882.1,63600.0,62652.2,63020.4,127.71565683
2024-09-20 00:00:00+00:00,63020.4,63177.2,62614.4,63031.4,157.81933431
2024-09-20 02:00:00+00:00,63141.7,63933.3,62599.9,63800.0,336.40236403
2024-09-20 04:00:00+00:00,63800.0,64710.2,63470.9,63837.5,528.90741835
2024-09-20 06:00:00+00:00,63837.5,64282.8,63150.0,63532.0,425.82738875
2024-09-20 08:00:00+00:00,63517.1,64158.3,62866.6,63459.3,323.51982988
2024-09-20 10:00:00+00:00,63460.7,64022.0,63000.0,63321.2,278.54065426
2024-09-20 12:00:00+00:00,63434.9,63600.0,62507.0,62844.6,202.66827483
2024-09-20 14:00:00+00:00,62843.0,63956.1,62550.0,63140.6,442.24748216
2024-09-20 16:00:00+00:00,63164.0,63522.4,62436.3,62700.0,277.88882769
2024-09-20 18:00:00+00:00,62698.1,63293.5,62131.8,62808.8,179.08778642
2024-09-20 20:00:00+00:00,62806.2,63388.0,62516.5,63116.0,119.71275623
2024-09-20 22:00:00+00:00,63118.5,63280.0,62730.0,63200.0,167.54947523
2024-09-21 00:00:00+00:00,63200.0,63711.8,62599.9,62840.7,304.66212177
2024-09-21 02:00:00+00:00,62840.9,63200.0,62500.0,62887.5,117.28748077
2024-09-21 04:00:00+00:00,62887.5,63227.4,62457.2,62914.0,117.63230939
2024-09-21 06:00:00+00:00,62914.0,63554.1,62499.9,63082.6,212.18087193
2024-09-21 08:00:00+00:00,63082.6,63600.0,62778.1,63118.1,161.43663596
2024-09-21 10:00:00+00:00,63118.1,63354.3,62680.1,63084.3,149.46563156
2024-09-21 12:00:00+00:00,63084.3,63467.1,62680.1,63185.2,229.02844286
2024-09-21 14:00:00+00:00,63185.3,63600.0,62733.2,63170.2,246.96982914
2024-09-21 16:00:00+00:00,63170.2,63425.5,62731.2,63281.1,265.77372699
2024-09-21 18:00:00+00:00,63281.1,63339.2,63059.4,63209.7,103.16951554
2024-09-21 20:00:00+00:00,63204.1,63600.6,62680.1,63088.9,110.6375416
2024-09-21 22:00:00+00:00,63089.0,63700.0,62799.9,63348.1,125.7762442
2024-09-22 00:00:00+00:00,63348.0,63449.9,63000.0,63036.7,124.81760066
2024-09-22 02:00:00+00:00,63038.1,63453.7,62513.1,63114.2,171.00792582
2024-09-22 04:00:00+00:00,63114.9,63400.0,62752.4,62929.9,151.78353532
2024-09-22 06:00:00+00:00,62933.8,63191.0,62600.0,62944.1,153.58975452
2024-09-22 08:00:00+00:00,62944.2,63105.1,62341.2,62705.0,254.87050245
2024-09-22 10:00:00+00:00,62747.0,63101.3,62169.7,62779.3,191.84397953
2024-09-22 12:00:00+00:00,62779.4,63112.0,62114.2,62592.1,260.84704162
2024-09-22 14:00:00+00:00,62592.2,62979.8,62111.4,62661.3,305.06288717
2024-09-22 16:00:00+00:00,62656.1,63248.5,62333.3,63063.0,328.22270767
2024-09-22 18:00:00+00:00,63063.1,63266.6,62500.0,63164.1,192.33185774
2024-09-22 20:00:00+00:00,63164.1,63326.0,62740.9,62780.1,159.43444848
2024-09-22 22:00:00+00:00,62780.1,64009.5,62060.0,63572.3,379.71437688
2024-09-23 00:00:00+00:00,63577.5,64000.0,62600.0,63828.1,226.32550745
2024-09-23 02:00:00+00:00,63824.1,65000.0,63400.0,64358.7,413.27001404
2024-09-23 04:00:00+00:00,64358.8,64505.6,63500.0,63750.0,193.71225842
2024-09-23 06:00:00+00:00,63764.5,63798.0,63245.5,63552.0,204.11990541
2024-09-23 08:00:00+00:00,63552.0,63906.2,63000.0,63627.6,284.47266973
2024-09-23 10:00:00+00:00,63627.6,64100.0,63027.1,63410.0,341.30998727
2024-09-23 12:00:00+00:00,63424.6,63693.3,62853.4,63164.1,189.38027803
2024-09-23 14:00:00+00:00,63183.1,64199.9,62799.9,63614.0,285.09087802
2024-09-23 16:00:00+00:00,63616.2,63810.5,62900.0,63385.3,245.3426371
2024-09-23 18:00:00+00:00,63320.6,64009.5,62833.3,63300.0,405.84925234
2024-09-23 20:00:00+00:00,63300.6,63517.3,62946.4,63390.0,114.884737
2024-09-23 22:00:00+00:00,63380.0,63420.0,62778.1,63339.0,228.58062847
2024-09-24 00:00:00+00:00,63339.0,63550.0,62600.0,62938.3,238.93588747
2024-09-24 02:00:00+00:00,62938.3,63300.0,62515.1,63125.9,233.8471648
2024-09-24 04:00:00+00:00,63122.1,63320.5,62717.4,63222.9,87.29018734
2024-09-24 06:00:00+00:00,63223.0,64084.8,62930.6,63565.9,283.846987
2024-09-24 08:00:00+00:00,63566.0,64166.6,63248.5,63526.8,298.70916466
2024-09-24 10:00:00+00:00,63526.8,64084.0,63166.6,63476.0,239.13519957
2024-09-24 12:00:00+00:00,63479.0,63823.5,63163.9,63526.0,232.03339478
2024-09-24 14:00:00+00:00,63519.6,63800.0,62400.0,63152.0,515.1651792
2024-09-24 16:00:00+00:00,63160.1,64000.0,62818.1,63783.3,438.54368016
2024-09-24 18:00:00+00:00,63783.1,64383.3,63259.3,64330.0,213.62458621
2024-09-24 20:00:00+00:00,64287.6,64733.3,63815.0,64036.6,205.00580017
2024-09-24 22:00:00+00:00,64036.6,64791.6,64034.4,64275.9,202.92091928
2024-09-25 00:00:00+00:00,64280.7,65000.0,63875.4,64390.6,257.18674344
2024-09-25 02:00:00+00:00,64389.1,64684.0,64045.1,64457.7,875.77034414
2024-09-25 04:00:00+00:00,64456.1,64466.1,64146.8,64173.0,1118.58624447
2024-09-25 06:00:00+00:00,64173.0,64184.0,63643.1,63850.9,1882.02438769
2024-09-25 08:00:00+00:00,63851.0,63915.5,63606.0,63614.0,1033.60045136
2024-09-25 10:00:00+00:00,63614.1,63843.9,63407.6,63836.1,1155.6589404
2024-09-25 12:00:00+00:00,63838.0,63845.7,63325.1,63762.0,1630.57068932
2024-09-25 14:00:00+00:00,63762.0,64100.0,63186.0,63499.3,3626.76622728
2024-09-25 16:00:00+00:00,63499.3,63670.0,63001.1,63167.6,2943.65804637
2024-09-25 18:00:00+00:00,63167.6,63472.5,63076.9,63177.3,1773.9439071
2024-09-25 20:00:00+00:00,63182.5,63554.2,63182.5,63440.0,776.26951872
2024-09-25 22:00:00+00:00,63440.0,63520.0,62894.3,63154.1,1137.18531018
2024-09-26 00:00:00+00:00,63154.1,63287.9,62671.0,63153.7,1701.24173396
2024-09-26 02:00:00+00:00,63153.6,63545.4,63101.5,63510.0,961.31306035
2024-09-26 04:00:00+00:00,63510.0,63730.2,63333.3,63588.1,1467.93255411
2024-09-26 06:00:00+00:00,63598.0,63874.1,63585.9,63852.5,1528.85097599
2024-09-26 08:00:00+00:00,63855.5,63968.0,63590.0,63797.9,1309.1832159
2024-09-26 10:00:00+00:00,63797.9,64494.4,63762.0,64402.6,1822.05934825
2024-09-26 12:00:00+00:00,64402.7,64724.1,64161.5,64433.3,3184.85772873
2024-09-26 14:00:00+00:00,64434.5,65655.0,64286.0,65232.9,7091.95606405
2024-09-26 16:00:00+00:00,65242.3,65970.4,65055.3,65118.0,3666.02815287
2024-09-26 18:00:00+00:00,65128.0,65307.0,64698.1,64698.2,2826.00947336
2024-09-26 20:00:00+00:00,64698.1,65217.6,64625.8,65046.9,1898.80421129
2024-09-26 22:00:00+00:00,65043.9,65246.0,64706.0,65163.5,1476.84740606
2024-09-27 00:00:00+00:00,65163.5,65336.5,64987.0,65113.8,2336.66704458
2024-09-27 02:00:00+00:00,65113.8,65416.7,64819.8,65366.0,2148.75123623
2024-09-27 04:00:00+00:00,65366.0,65457.3,65083.7,65353.7,2094.77167011
2024-09-27 06:00:00+00:00,65362.9,65546.6,65230.0,65464.8,2904.69168321
2024-09-27 08:00:00+00:00,65464.8,65992.0,65417.0,65729.4,2884.59361259
2024-09-27 10:00:00+00:00,65729.4,65729.4,65729.4,65729.4,0.0
2024-09-27 12:00:00+00:00,65745.9,65745.9,65291.6,65672.1,953.69444871
2024-09-27 14:00:00+00:00,65680.7,66450.0,65602.0,66266.1,5594.48968155
2024-09-27 16:00:00+00:00,66233.3,66365.4,65690.5,65922.1,3940.27416011
2024-09-27 18:00:00+00:00,65921.2,65972.0,65525.7,65658.1,3095.80315733
2024-09-27 20:00:00+00:00,65658.0,65917.8,65613.0,65818.0,1730.23349774
2024-09-27 22:00:00+00:00,65816.1,65969.7,65678.0,65774.1,840.00775755
2024-09-28 00:00:00+00:00,65774.1,66002.8,65718.0,65991.2,907.13552103
2024-09-28 02:00:00+00:00,65991.2,66260.8,65866.9,66072.0,1119.12795934
2024-09-28 04:00:00+00:00,66072.0,66400.0,65900.0,65956.2,843.04756147
2024-09-28 06:00:00+00:00,65956.5,66300.0,65235.8,65816.6,239.40044776
2024-09-28 08:00:00+00:00,65816.6,66197.7,65150.4,65629.9,241.50944526
2024-09-28 10:00:00+00:00,65629.8,65916.6,65333.3,65799.9,116.48892682
2024-09-28 12:00:00+00:00,65800.0,66006.0,65104.0,65534.4,246.74056603
2024-09-28 14:00:00+00:00,65537.9,66206.5,65104.0,65626.0,310.79869113
2024-09-28 16:00:00+00:00,65619.1,66188.5,65051.6,65636.6,296.98128856
2024-09-28 18:00:00+00:00,65637.6,66250.0,65559.9,65730.3,189.37374588
2024-09-28 20:00:00+00:00,65730.3,66224.2,65292.0,65698.8,84.48251896
2024-09-28 22:00:00+00:00,65699.0,65987.0,65377.7,65858.7,78.00031046
2024-09-29 00:00:00+00:00,65853.4,65992.5,65200.0,65870.7,124.79253621
2024-09-29 02:00:00+00:00,65869.2,66400.0,65420.3,65820.6,184.58595695
2024-09-29 04:00:00+00:00,65820.6,66200.0,65416.4,65600.4,124.1487044
2024-09-29 06:00:00+00:00,65600.4,66090.0,65100.0,65474.1,187.81563195
2024-09-29 08:00:00+00:00,65474.1,66016.6,65253.3,65584.7,163.06743127
2024-09-29 10:00:00+00:00,65581.9,66100.0,65400.0,65699.0,105.81136042
2024-09-29 12:00:00+00:00,65699.1,66250.0,65205.8,65816.1,463.59873692
2024-09-29 14:00:00+00:00,65816.1,65852.7,65200.0,65748.0,173.26388156
2024-09-29 16:00:00+00:00,65756.2,66362.7,65251.4,65822.5,183.09157822
2024-09-29 18:00:00+00:00,65816.7,66158.9,65580.4,65953.9,137.48631036
2024-09-29 20:00:00+00:00,65954.0,66075.0,65649.9,65868.0,178.54189393
2024-09-29 22:00:00+00:00,65867.6,66000.0,65498.1,65602.4,107.57808715
2024-09-30 00:00:00+00:00,65603.6,65703.2,64558.1,64771.0,364.17505153
2024-09-30 02:00:00+00:00,64771.0,64881.5,64196.0,64546.1,3293.64454404
2024-09-30 04:00:00+00:00,64551.2,64551.2,64320.0,64525.8,2518.97899711
2024-09-30 06:00:00+00:00,64525.8,64712.0,64340.0,64564.0,3070.65237862
2024-09-30 08:00:00+00:00,64563.9,64647.8,63542.5,63542.5,4074.16795832
2024-09-30 10:00:00+00:00,63542.4,63871.3,63238.5,63823.0,4312.50367531
2024-09-30 12:00:00+00:00,63822.0,64346.4,63717.9,63874.9,3969.21431395
2024-09-30 14:00:00+00:00,63878.1,64012.1,63538.7,63554.0,5546.54778187
2024-09-30 16:00:00+00:00,63558.9,63728.1,63178.2,63692.6,4025.18094562
2024-09-30 18:00:00+00:00,63694.0,63733.5,62807.5,63462.0,4701.13162096
2024-09-30 20:00:00+00:00,63466.8,63854.4,63451.5,63702.9,1755.81800959
2024-09-30 22:00:00+00:00,63704.5,63775.8,62859.9,63328.1,3419.1075534
2024-10-01 00:00:00+00:00,63327.5,63638.4,63000.1,63460.0,3447.28866066
2024-10-01 02:00:00+00:00,63461.9,63744.0,63180.1,63720.1,3029.02180732
2024-10-01 04:00:00+00:00,63718.2,63882.0,63644.5,63746.4,2798.5325918
2024-10-01 06:00:00+00:00,63748.0,64125.0,63748.0,64042.4,3782.57629618
2024-10-01 08:00:00+00:00,64045.0,64102.1,63825.6,63864.0,2920.28053951
2024-10-01 10:00:00+00:00,63864.0,63985.9,63724.1,63725.0,2525.91276415
2024-10-01 12:00:00+00:00,63725.1,63811.9,62517.5,62860.3,5087.58966747
2024-10-01 14:00:00+00:00,62860.3,63075.9,61802.1,62629.6,13198.477119
2024-10-01 16:00:00+00:00,62629.6,62788.4,61084.9,62145.8,10476.06403706
2024-10-01 18:00:00+00:00,62145.8,62437.8,61580.0,61752.0,10525.6421059
2024-10-01 20:00:00+00:00,61754.6,62057.3,60168.3,61140.0,5714.66461848
2024-10-01 22:00:00+00:00,61140.0,61176.4,60640.6,60824.0,10773.23426627
2024-10-02 00:00:00+00:00,60857.3,61535.1,60680.0,61527.9,3870.62713148
2024-10-02 02:00:00+00:00,61527.8,61876.2,61432.4,61743.9,2882.31435162
2024-10-02 04:00:00+00:00,61742.1,61766.6,61350.0,61486.0,3067.65446893
2024-10-02 06:00:00+00:00,61485.8,61939.8,61353.3,61730.0,2262.1457474
2024-10-02 08:00:00+00:00,61727.7,61992.6,61137.9,61274.1,2289.37159917
2024-10-02 10:00:00+00:00,61274.1,61552.9,60891.1,61160.2,3432.16313909
2024-10-02 12:00:00+00:00,61166.0,61461.7,60562.1,61352.0,5149.27152891
2024-10-02 14:00:00+00:00,61357.4,61925.8,61055.9,61884.0,6348.80046864
2024-10-02 16:00:00+00:00,61875.5,62353.0,61198.6,61621.7,4456.09099932
2024-10-02 18:00:00+00:00,61625.5,61687.9,60000.0,60194.0,7576.2457894
2024-10-02 20:00:00+00:00,60194.1,60990.6,60066.2,60827.4,2969.21785133
2024-10-02 22:00:00+00:00,60827.5,60865.1,60440.3,60642.2,2805.34636942
2024-10-03 00:00:00+00:00,60642.1,61184.1,60387.7,61025.0,3654.17967747
2024-10-03 02:00:00+00:00,61029.6,61466.1,60983.6,61458.9,2179.25553391
2024-10-03 04:00:00+00:00,61460.8,61479.0,61110.0,61178.3,1588.97688125
2024-10-03 06:00:00+00:00,61171.5,61417.9,60825.7,60929.9,2606.65484686
2024-10-03 08:00:00+00:00,60929.9,60980.1,60127.0,60716.7,5199.35417632
2024-10-03 10:00:00+00:00,60716.8,61070.5,60601.4,60768.0,2418.52047489
2024-10-03 12:00:00+00:00,60765.5,60800.5,59549.5,60377.6,5750.46289964
2024-10-03 14:00:00+00:00,60345.3,61000.0,59850.0,60638.0,8902.88676213
2024-10-03 16:00:00+00:00,60636.3,60770.0,59925.3,60631.4,10149.73891549
2024-10-03 18:00:00+00:00,60628.5,61054.1,60352.7,61042.0,2972.87841845
2024-10-03 20:00:00+00:00,61054.3,61099.9,60610.3,60812.1,1173.40109214
2024-10-03 22:00:00+00:00,60812.1,60986.7,60703.1,60750.8,1112.44486073
2024-10-04 00:00:00+00:00,60753.8,61256.0,60463.3,61207.4,2170.83173322
2024-10-04 02:00:00+00:00,61220.2,61271.9,60887.8,60952.4,1388.35179555
2024-10-04 04:00:00+00:00,60956.3,61240.1,60928.0,61221.1,1778.47980955
2024-10-04 06:00:00+00:00,61221.1,61492.1,61067.6,61439.9,2692.19863377
2024-10-04 08:00:00+00:00,61440.0,61644.0,61302.2,61336.0,2905.31282565
2024-10-04 10:00:00+00:00,61336.0,61476.0,61261.8,61446.0,3530.10870703
2024-10-04 12:00:00+00:00,61446.0,61911.9,61285.7,61587.6,2931.14829997
2024-10-04 14:00:00+00:00,61584.0,61874.9,60801.3,61874.9,5966.29688026
2024-10-04 16:00:00+00:00,61875.0,62340.8,61645.6,61985.0,4492.30976567
2024-10-04 18:00:00+00:00,61985.0,62467.7,61905.8,62371.6,2789.945495
2024-10-04 20:00:00+00:00,62371.5,62480.9,62158.8,62276.1,1321.657814
2024-10-04 22:00:00+00:00,62276.1,62360.5,61970.1,62090.0,1673.37598692
2024-10-05 00:00:00+00:00,62098.0,62206.8,61990.0,62076.0,1534.93822598
2024-10-05 02:00:00+00:00,62076.0,62076.6,61687.1,61872.0,1362.33088185
2024-10-05 04:00:00+00:00,61874.0,62162.0,61818.0,62141.7,1422.70179399
2024-10-05 06:00:00+00:00,62141.7,62270.0,62067.4,62067.4,1441.48794087
2024-10-05 08:00:00+00:00,62067.4,62331.6,62067.4,62254.2,1564.63329805
2024-10-05 10:00:00+00:00,62254.2,62277.2,62180.1,62188.5,1088.38972786
2024-10-05 12:00:00+00:00,62188.6,62381.2,62095.8,62148.1,2090.52336677
2024-10-05 14:00:00+00:00,62148.2,62248.5,62100.0,62168.2,1982.63215347
2024-10-05 16:00:00+00:00,62167.3,62225.0,61904.2,62019.5,2270.84878754
2024-10-05 18:00:00+00:00,62019.6,62054.8,61788.0,61854.9,1495.27631009
2024-10-05 20:00:00+00:00,61854.9,61951.8,61706.1,61861.8,1544.23029244
2024-10-05 22:00:00+00:00,61861.8,62111.0,61849.4,62058.6,915.52676215
2024-10-06 00:00:00+00:00,62058.6,62159.9,61890.0,62088.7,1304.62685789
2024-10-06 02:00:00+00:00,62092.2,62125.0,61886.0,61886.0,949.35389748
2024-10-06 04:00:00+00:00,61886.1,62017.6,61820.1,61947.6,989.13069402
2024-10-06 06:00:00+00:00,61950.0,62023.8,61890.5,61956.0,935.79083213
2024-10-06 08:00:00+00:00,61950.5,62169.7,61923.6,62074.4,1321.29466695
2024-10-06 10:00:00+00:00,62074.5,62170.0,62000.9,62099.9,1043.23221633
2024-10-06 12:00:00+00:00,62100.0,62358.2,62017.6,62251.7,2158.0439861
2024-10-06 14:00:00+00:00,62251.8,62782.6,62188.8,62723.1,3460.099047
2024-10-06 16:00:00+00:00,62724.9,62930.7,62553.6,62589.9,2565.09828418
2024-10-06 18:00:00+00:00,62589.9,62975.4,62588.1,62634.0,1578.3501152
2024-10-06 20:00:00+00:00,62637.2,62761.5,62305.6,62305.7,899.49371366
2024-10-06 22:00:00+00:00,62306.2,62920.0,62306.2,62825.4,2040.90944964
2024-10-07 00:00:00+00:00,62825.4,63978.0,62542.5,63824.3,4116.49076807
2024-10-07 02:00:00+00:00,63828.0,63949.5,63346.1,63533.0,2423.46210568
2024-10-07 04:00:00+00:00,63533.1,63683.2,63360.8,63390.0,1543.65893667
2024-10-07 06:00:00+00:00,63390.1,63726.1,63326.8,63542.1,2046.79055874
2024-10-07 08:00:00+00:00,63542.2,63766.7,63086.5,63219.4,2922.733476
2024-10-07 10:00:00+00:00,63216.1,63300.0,62658.1,63139.9,2586.41557388
2024-10-07 12:00:00+00:00,63140.0,63750.0,62824.1,63456.0,3173.77375816
2024-10-07 14:00:00+00:00,63457.9,64466.8,63411.7,63658.1,9256.53395793
2024-10-07 16:00:00+00:00,63658.1,63916.5,63412.6,63830.0,4924.92885868
2024-10-07 18:00:00+00:00,63831.2,63832.2,62737.9,63386.7,5391.46135274
2024-10-07 20:00:00+00:00,63386.7,63414.6,62990.0,63379.6,1499.45011453
2024-10-07 22:00:00+00:00,63379.7,63379.9,62128.7,62227.4,2544.02788258
2024-10-08 00:00:00+00:00,62222.1,62724.6,62158.0,62634.2,1655.84456185
2024-10-08 02:00:00+00:00,62636.0,62818.1,62399.9,62626.9,1628.49581885
2024-10-08 04:00:00+00:00,62626.8,62780.0,62252.1,62513.3,2421.87799777
2024-10-08 06:00:00+00:00,62524.6,62683.0,61657.8,62315.5,3495.93256847
2024-10-08 08:00:00+00:00,62315.6,62585.7,62104.9,62534.2,1349.93812093
2024-10-08 10:00:00+00:00,62534.2,62662.9,62402.5,62624.6,3405.60066377
2024-10-08 12:00:00+00:00,62624.6,63044.0,62327.4,63027.1,9077.44706518
2024-10-08 14:00:00+00:00,63032.0,63247.5,61882.0,62285.3,12957.97019823
2024-10-08 16:00:00+00:00,62286.0,62596.1,62046.5,62389.9,6346.81826103
2024-10-08 18:00:00+00:00,62389.9,62514.0,61870.0,62223.0,6888.91150422
2024-10-08 20:00:00+00:00,62246.0,62570.0,62143.9,62436.0,1980.34199838
2024-10-08 22:00:00+00:00,62434.1,62472.7,62018.3,62155.9,1659.4553638
2024-10-09 00:00:00+00:00,62155.9,62494.0,61998.0,62408.1,3853.71050729
2024-10-09 02:00:00+00:00,62406.1,62493.3,62150.1,62388.1,3468.38567509
2024-10-09 04:00:00+00:00,62388.1,62545.5,62296.1,62530.2,2930.98334596
2024-10-09 06:00:00+00:00,62530.2,62549.1,62200.0,62273.9,3203.35477459
2024-10-09 08:00:00+00:00,62273.6,62353.2,62050.0,62263.3,3291.26434356
2024-10-09 10:00:00+00:00,62263.4,62263.4,61981.7,62198.2,2459.46149646
2024-10-09 12:00:00+00:00,62196.2,62224.0,61718.4,61793.3,5467.66644249
2024-10-09 14:00:00+00:00,61793.3,62530.0,61617.0,62309.9,5222.8712493
2024-10-09 16:00:00+00:00,62310.0,62435.8,61524.7,61749.2,4167.38912166
2024-10-09 18:00:00+00:00,61749.2,61824.5,60832.7,61029.8,5636.82011242
2024-10-09 20:00:00+00:00,61028.6,61120.0,60168.0,60904.8,4890.95265129
2024-10-09 22:00:00+00:00,60882.1,60957.9,60550.7,60637.5,1906.07862666
2024-10-10 00:00:00+00:00,60637.6,60857.0,60366.2,60804.5,2766.51346192
2024-10-10 02:00:00+00:00,60804.5,60954.8,60708.0,60864.7,1931.87717512
2024-10-10 04:00:00+00:00,60864.7,61047.8,60812.7,60936.8,1868.06669155
2024-10-10 06:00:00+00:00,60938.5,61151.9,60781.0,60893.5,2124.78754132
2024-10-10 08:00:00+00:00,60893.0,61070.5,60625.0,60929.0,3238.14378625
2024-10-10 10:00:00+00:00,60929.1,61314.0,60926.1,61262.3,2709.54836889
2024-10-10 12:00:00+00:00,61258.2,61315.9,60616.7,60947.2,7788.04456695
2024-10-10 14:00:00+00:00,60947.2,61107.4,60444.0,60793.2,5392.31495782
2024-10-10 16:00:00+00:00,60795.0,61032.0,59560.0,59604.0,5846.27861671
2024-10-10 18:00:00+00:00,59604.1,59762.4,58831.1,59725.8,7785.17435686
2024-10-10 20:00:00+00:00,59725.9,60190.1,59586.0,60190.0,2044.73026585
2024-10-10 22:00:00+00:00,60190.0,60322.3,59941.1,60322.3,1840.55286079
2024-10-11 00:00:00+00:00,60322.4,60800.0,59967.8,60579.7,2449.69680248
2024-10-11 02:00:00+00:00,60580.2,60710.0,60386.0,60610.0,1789.36354241
2024-10-11 04:00:00+00:00,60610.1,60769.9,60493.2,60596.8,1516.74095913
2024-10-11 06:00:00+00:00,60596.8,60952.3,60591.0,60672.1,2998.9649612
2024-10-11 08:00:00+00:00,60672.1,61125.0,60650.0,61077.9,3233.11880703
2024-10-11 10:00:00+00:00,61077.9,61262.2,60947.8,61172.2,4253.406531
2024-10-11 12:00:00+00:00,61172.3,61854.3,60959.9,61681.4,5429.90591487
2024-10-11 14:00:00+00:00,61681.3,62462.0,61452.8,62267.2,6347.66815586
2024-10-11 16:00:00+00:00,62276.0,62940.0,62130.0,62921.1,4405.94088506
2024-10-11 18:00:00+00:00,62921.2,63418.6,62551.9,63096.0,4365.32895439
2024-10-11 20:00:00+00:00,63096.0,63170.0,62802.1,62861.9,1859.31970057
2024-10-11 22:00:00+00:00,62845.8,62920.6,62313.2,62546.1,1675.95945275
2024-10-12 00:00:00+00:00,62546.1,63082.1,62500.0,62734.5,2119.27233261
2024-10-12 02:00:00+00:00,62734.0,62765.8,62482.8,62572.6,1447.18357366
2024-10-12 04:00:00+00:00,62572.6,62812.3,62478.2,62778.1,1023.67669841
2024-10-12 06:00:00+00:00,62778.1,62778.9,62641.4,62755.7,1121.72382176
2024-10-12 08:00:00+00:00,62755.7,62839.8,62669.0,62839.8,1169.37675455
2024-10-12 10:00:00+00:00,62839.9,63261.2,62807.0,62948.0,2095.06650169
2024-10-12 12:00:00+00:00,62948.1,63150.4,62823.1,63074.1,1862.3014511
2024-10-12 14:00:00+00:00,63074.0,63486.9,63008.1,63158.1,3114.62448904
2024-10-12 16:00:00+00:00,63166.2,63400.0,63051.1,63101.8,2565.05054613
2024-10-12 18:00:00+00:00,63101.8,63181.8,62909.0,63000.1,1861.29211194
2024-10-12 20:00:00+00:00,63000.1,63229.8,62868.9,63221.6,1032.92798304
2024-10-12 22:00:00+00:00,63220.0,63384.0,63132.0,63210.0,1476.04394662
2024-10-13 00:00:00+00:00,63209.9,63295.1,62828.0,62879.5,2161.5407988
2024-10-13 02:00:00+00:00,62879.6,63091.2,62662.2,62713.2,1704.01352443
2024-10-13 04:00:00+00:00,62715.5,62973.3,62711.0,62859.1,1039.5815122
2024-10-13 06:00:00+00:00,62859.1,63000.0,62700.0,62854.0,1363.23000372
2024-10-13 08:00:00+00:00,62850.7,62971.4,62770.1,62842.5,1509.20276827
2024-10-13 10:00:00+00:00,62834.2,62838.4,62527.3,62567.1,2108.79073426
2024-10-13 12:00:00+00:00,62567.1,62816.1,62552.0,62659.3,2022.10042253
2024-10-13 14:00:00+00:00,62659.4,62666.2,62050.0,62230.0,3919.57582528
2024-10-13 16:00:00+00:00,62230.1,62882.1,62169.3,62512.0,2723.98688855
2024-10-13 18:00:00+00:00,62511.9,62741.9,62312.2,62735.5,1966.95133565
2024-10-13 20:00:00+00:00,62737.5,63019.2,62600.1,62889.8,1133.33108214
2024-10-13 22:00:00+00:00,62889.6,63132.3,62630.1,62872.0,1854.14152964
2024-10-14 00:00:00+00:00,62872.0,62903.2,62456.0,62632.9,1839.85633879
2024-10-14 02:00:00+00:00,62633.0,64398.1,62301.5,64310.0,5457.55670107
2024-10-14 04:00:00+00:00,64258.0,64559.3,63787.2,63929.6,7017.5925779
2024-10-14 06:00:00+00:00,63934.1,64680.0,63796.0,64629.9,3707.26743971
2024-10-14 08:00:00+00:00,64620.0,64900.0,64346.9,64822.2,4184.4141282
2024-10-14 10:00:00+00:00,64822.2,65144.2,64686.4,64922.6,5824.26237786
2024-10-14 12:00:00+00:00,64922.6,65330.4,64654.6,65143.8,7627.25829703
2024-10-14 14:00:00+00:00,65144.0,66367.6,64948.5,65878.0,9566.42819657
2024-10-14 16:00:00+00:00,65878.0,66023.6,65451.2,65645.2,4288.97148816
2024-10-14 18:00:00+00:00,65645.3,66084.0,65578.1,65952.1,3672.52370265
2024-10-14 20:00:00+00:00,65948.0,66073.0,65744.8,65789.0,1823.63478421
2024-10-14 22:00:00+00:00,65787.5,66544.9,65780.0,66089.9,2792.80314923
2024-10-15 00:00:00+00:00,66089.9,66330.1,65741.3,65875.9,2997.34363029
2024-10-15 02:00:00+00:00,65875.9,65934.0,65334.2,65406.0,2728.29926647
2024-10-15 04:00:00+00:00,65406.0,65702.6,65228.0,65371.8,3677.13341705
2024-10-15 06:00:00+00:00,65372.9,65844.1,65289.9,65655.9,3535.72289616
2024-10-15 08:00:00+00:00,65655.9,65882.4,65289.9,65644.1,2518.26346244
2024-10-15 10:00:00+00:00,65640.5,65800.0,65284.2,65403.0,4537.26254265
2024-10-15 12:00:00+00:00,65403.0,67764.2,65345.1,67662.4,8202.08829719
2024-10-15 14:00:00+00:00,67662.3,68000.0,64795.5,66032.5,7648.37675492
2024-10-15 16:00:00+00:00,66029.0,67206.1,65766.9,66808.5,5491.59501542
2024-10-15 18:00:00+00:00,66808.6,67399.9,66561.1,66996.0,13917.13643949
2024-10-15 20:00:00+00:00,66991.1,67041.6,66128.0,66434.1,13621.64875463
2024-10-15 22:00:00+00:00,66431.1,67166.4,66231.4,67081.8,4949.45151945
2024-10-16 00:00:00+00:00,67072.1,67500.0,66755.1,67379.9,4323.77857399
2024-10-16 02:00:00+00:00,67379.9,67564.4,67000.0,67098.0,4084.99148627
2024-10-16 04:00:00+00:00,67098.0,67352.6,66865.1,67215.0,3262.88993807
2024-10-16 06:00:00+00:00,67215.0,67303.9,66774.1,66984.7,4260.59198534
2024-10-16 08:00:00+00:00,66984.7,67475.6,66920.6,67427.9,4176.99225796
2024-10-16 10:00:00+00:00,67427.9,68420.1,67307.6,67915.9,8004.9427527
2024-10-16 12:00:00+00:00,67915.8,68075.0,67141.8,67382.0,8668.26582994
2024-10-16 14:00:00+00:00,67375.0,68317.9,67314.6,67758.0,12045.31759544
2024-10-16 16:00:00+00:00,67759.2,68106.0,67482.1,67943.0,4544.49802314
2024-10-16 18:00:00+00:00,67942.9,68067.9,67650.7,67737.1,3190.20717164
2024-10-16 20:00:00+00:00,67736.0,67963.9,67500.1,67573.2,1528.92744902
2024-10-16 22:00:00+00:00,67573.2,67872.5,67573.2,67614.3,1331.04827062
2024-10-17 00:00:00+00:00,67614.4,67952.2,67402.5,67895.9,2983.12219087
2024-10-17 02:00:00+00:00,67896.0,67900.0,67410.0,67600.1,2769.65792554
2024-10-17 04:00:00+00:00,67598.0,67626.4,67252.8,67340.0,2466.4470827
2024-10-17 06:00:00+00:00,67340.1,67512.4,67000.1,67299.9,2705.6181879
2024-10-17 08:00:00+00:00,67300.0,67750.0,66933.0,67193.7,3373.25172984
2024-10-17 10:00:00+00:00,67193.8,67304.8,66813.4,66881.0,4760.43024229
2024-10-17 12:00:00+00:00,66874.6,67346.1,66669.6,67016.0,8194.69553372
2024-10-17 14:00:00+00:00,67009.9,67668.3,66690.7,67588.3,6859.55577968
2024-10-17 16:00:00+00:00,67590.5,67633.3,67122.1,67289.9,3757.45071561
2024-10-17 18:00:00+00:00,67290.2,67374.7,66718.7,66833.8,5484.15397658
2024-10-17 20:00:00+00:00,66833.0,67200.0,66718.7,67082.0,1742.61678972
2024-10-17 22:00:00+00:00,67080.5,67488.0,67080.5,67428.5,2076.79545114
2024-10-18 00:00:00+00:00,67426.5,68254.9,67107.0,68083.9,4014.06284296
2024-10-18 02:00:00+00:00,68084.0,68200.4,67512.0,67550.1,3839.70438779
2024-10-18 04:00:00+00:00,67550.2,68054.0,67536.1,68000.1,2799.06141243
2024-10-18 06:00:00+00:00,68002.5,68382.0,67870.7,67967.6,3824.62633309
2024-10-18 08:00:00+00:00,67967.6,68133.3,67649.5,67800.1,3799.24738957
2024-10-18 10:00:00+00:00,67800.1,68033.8,67675.7,67699.2,3147.02280475
2024-10-18 12:00:00+00:00,67700.0,68199.9,67632.0,68199.9,4389.15159641
2024-10-18 14:00:00+00:00,68200.0,68880.0,67788.6,68723.8,9677.82834239
2024-10-18 16:00:00+00:00,68744.5,68901.0,68330.0,68707.7,4466.64527986
2024-10-18 18:00:00+00:00,68707.8,69000.0,68554.8,68604.0,4599.39435267
2024-10-18 20:00:00+00:00,68604.5,68717.9,68240.0,68416.0,1644.73892547
2024-10-18 22:00:00+00:00,68416.1,68478.2,68211.0,68428.0,1551.30836271
2024-10-19 00:00:00+00:00,68431.4,68486.5,68300.0,68339.8,1907.9437843
2024-10-19 02:00:00+00:00,68339.8,68700.0,68328.9,68452.1,1288.98176306
2024-10-19 04:00:00+00:00,68452.1,68589.7,68328.6,68400.1,1666.8959501
2024-10-19 06:00:00+00:00,68400.1,68479.1,68302.5,68350.8,1435.81296743
2024-10-19 08:00:00+00:00,68350.8,68473.9,68333.3,68344.1,1387.22830845
2024-10-19 10:00:00+00:00,68344.2,68382.4,68080.0,68084.2,2354.47223451
2024-10-19 12:00:00+00:00,68084.0,68279.5,68080.1,68109.9,1858.63941883
2024-10-19 14:00:00+00:00,68109.9,68351.7,68109.9,68227.9,2708.1516387
2024-10-19 16:00:00+00:00,68227.8,68235.4,68006.1,68128.0,2864.42669332
2024-10-19 18:00:00+00:00,68128.0,68246.0,68090.0,68181.9,1436.9721337
2024-10-19 20:00:00+00:00,68176.9,68342.8,68162.6,68220.6,972.52505447
2024-10-19 22:00:00+00:00,68220.6,68413.0,67800.0,68365.5,1833.94646032
2024-10-20 00:00:00+00:00,68366.3,68446.4,68150.0,68156.2,2166.11050315
2024-10-20 02:00:00+00:00,68156.2,68246.0,67955.3,68190.5,1264.86842034
2024-10-20 04:00:00+00:00,68190.5,68321.8,68175.5,68214.3,1229.5525039
2024-10-20 06:00:00+00:00,68214.3,68434.1,68172.6,68366.2,1393.50531216
2024-10-20 08:00:00+00:00,68366.2,68494.5,68346.0,68428.7,1167.13648097
2024-10-20 10:00:00+00:00,68428.7,68462.1,68366.5,68420.0,1133.51212764
2024-10-20 12:00:00+00:00,68413.9,68500.0,67698.0,68450.0,2772.95243435
2024-10-20 14:00:00+00:00,68458.0,68765.9,68274.2,68632.0,4850.34186584
2024-10-20 16:00:00+00:00,68632.0,68664.8,68418.0,68560.4,2072.19559218
2024-10-20 18:00:00+00:00,68560.4,68666.6,68481.7,68509.7,1597.97241805
2024-10-20 20:00:00+00:00,68509.7,68921.9,68461.5,68770.1,1769.43267579
2024-10-20 22:00:00+00:00,68770.1,69414.5,68603.5,69035.7,4138.77801407
2024-10-21 00:00:00+00:00,69035.7,69540.0,68972.7,69211.8,3948.29848818
2024-10-21 02:00:00+00:00,69211.9,69265.9,68500.0,68940.0,3097.72403098
2024-10-21 04:00:00+00:00,68940.1,69191.0,68792.1,68988.1,2376.98405604
2024-10-21 06:00:00+00:00,68988.0,69149.9,68485.5,68519.4,2782.84995872
2024-10-21 08:00:00+00:00,68512.5,68670.0,68141.1,68381.2,3600.89360991
2024-10-21 10:00:00+00:00,68387.2,68490.5,68183.0,68241.3,3157.23664192
2024-10-21 12:00:00+00:00,68241.4,68399.8,67169.5,67314.7,7377.62619644
2024-10-21 14:00:00+00:00,67314.7,67616.3,66510.9,67331.6,12051.03334699
2024-10-21 16:00:00+00:00,67331.5,67657.8,66889.8,67582.1,4864.21481495
2024-10-21 18:00:00+00:00,67518.1,67927.2,67044.6,67750.0,3506.41290743
2024-10-21 20:00:00+00:00,67759.9,67955.3,67503.4,67792.7,1512.06705937
2024-10-21 22:00:00+00:00,67792.8,67872.3,67357.2,67371.8,1989.6701746
2024-10-22 00:00:00+00:00,67371.8,67537.2,66552.5,67504.0,5707.09902345
2024-10-22 02:00:00+00:00,67507.9,67687.9,67250.0,67393.9,2614.02808774
2024-10-22 04:00:00+00:00,67394.0,67652.0,67282.0,67584.0,2239.46628871
2024-10-22 06:00:00+00:00,67584.0,67800.0,67333.3,67400.8,2942.16615184
2024-10-22 08:00:00+00:00,67400.8,67400.8,66600.0,66952.3,5688.41101985
2024-10-22 10:00:00+00:00,66956.1,67519.9,66857.1,67302.0,4649.17043412
2024-10-22 12:00:00+00:00,67300.1,67473.3,66640.1,66999.9,6170.86695718
2024-10-22 14:00:00+00:00,66996.0,67691.8,66830.4,67287.8,11032.22596664
2024-10-22 16:00:00+00:00,67283.6,67428.4,66920.3,67324.4,4448.78623533
2024-10-22 18:00:00+00:00,67325.9,67639.8,66889.8,67482.2,3903.99734687
2024-10-22 20:00:00+00:00,67481.0,67576.1,67408.1,67528.1,1753.85022976
2024-10-22 22:00:00+00:00,67528.1,67838.0,67285.8,67432.5,1922.79163691
2024-10-23 00:00:00+00:00,67432.1,67456.7,67125.4,67349.7,1948.79687904
2024-10-23 02:00:00+00:00,67349.6,67389.9,66888.9,67079.9,2963.18039299
2024-10-23 04:00:00+00:00,67079.9,67237.9,66996.1,67086.4,2768.73592415
2024-10-23 06:00:00+00:00,67086.5,67333.3,66800.0,66857.9,3988.73231514
2024-10-23 08:00:00+00:00,66856.2,67032.7,66200.0,66509.3,4934.08314171
2024-10-23 10:00:00+00:00,66509.3,66685.4,66349.1,66422.1,3120.47199118
2024-10-23 12:00:00+00:00,66422.0,66877.3,66031.8,66799.0,4938.04371898
2024-10-23 14:00:00+00:00,66798.4,66878.3,65761.2,66220.1,6181.17088369
2024-10-23 16:00:00+00:00,66220.1,66292.0,65500.0,65719.2,5847.44747795
2024-10-23 18:00:00+00:00,65719.0,66565.9,65255.3,66466.6,6900.38771389
2024-10-23 20:00:00+00:00,66477.2,66685.5,66338.0,66418.2,2098.38909938
2024-10-23 22:00:00+00:00,66418.2,66812.0,66250.0,66666.1,2388.3403134
2024-10-24 00:00:00+00:00,66666.1,67627.4,66450.0,67266.2,4523.50706379
2024-10-24 02:00:00+00:00,67266.3,67499.9,67142.8,67216.6,2590.53891585
2024-10-24 04:00:00+00:00,67215.9,67475.2,67212.1,67364.1,1349.20870124
2024-10-24 06:00:00+00:00,67364.0,67475.4,67074.4,67126.0,1639.18781005
2024-10-24 08:00:00+00:00,67126.1,67249.9,66666.6,66878.9,2483.88638885
2024-10-24 10:00:00+00:00,66879.0,67327.0,66866.1,67284.0,1446.32982059
2024-10-24 12:00:00+00:00,67293.9,68000.0,67050.0,67904.5,3239.02441664
2024-10-24 14:00:00+00:00,67906.0,67978.0,67533.3,67695.1,4450.48328992
2024-10-24 16:00:00+00:00,67697.8,67854.9,67350.7,67652.1,2854.90896019
2024-10-24 18:00:00+00:00,67653.8,68317.9,67626.1,68293.1,2327.52779793
2024-10-24 20:00:00+00:00,68299.9,68850.3,67972.7,68347.5,1311.60740907
2024-10-24 22:00:00+00:00,68347.6,68555.0,68054.0,68198.6,1044.32590198
2024-10-25 00:00:00+00:00,68198.6,68277.9,67842.1,67971.6,1435.67131649
2024-10-25 02:00:00+00:00,67977.4,68239.1,67834.0,68006.8,1229.00391923
2024-10-25 04:00:00+00:00,68006.9,68047.7,67594.1,67757.5,1640.45468506
2024-10-25 06:00:00+00:00,67757.5,67860.7,67462.8,67529.9,725.95744618
2024-10-25 08:00:00+00:00,67530.0,67875.8,67320.0,67837.1,1692.02194606
2024-10-25 10:00:00+00:00,67837.9,68171.9,67670.0,68106.8,1040.24614121
2024-10-25 12:00:00+00:00,68108.7,68437.2,67736.2,68332.0,1852.95640852
2024-10-25 14:00:00+00:00,68340.0,68772.2,67465.5,67684.3,5149.159078
2024-10-25 16:00:00+00:00,67687.5,67866.4,66776.0,66834.0,5547.21954221
2024-10-25 18:00:00+00:00,66834.1,67579.9,66011.9,66847.3,8643.53939816
2024-10-25 20:00:00+00:00,66847.4,67304.0,66623.4,67294.0,2346.94686924
2024-10-25 22:00:00+00:00,67294.1,67387.1,65596.8,66710.0,4581.11181129
2024-10-26 00:00:00+00:00,66710.0,66923.0,66285.6,66704.6,10508.90646625
2024-10-26 02:00:00+00:00,66704.6,67041.5,66449.3,66900.8,13142.42949191
2024-10-26 04:00:00+00:00,66912.8,67228.0,66785.9,67135.3,1137.03337735
2024-10-26 06:00:00+00:00,67135.4,67239.9,66991.6,67011.8,1243.96410692
2024-10-26 08:00:00+00:00,67008.1,67263.9,66990.1,67053.1,1021.30899343
2024-10-26 10:00:00+00:00,67052.1,67178.4,66955.1,67133.9,1057.38391308
2024-10-26 12:00:00+00:00,67132.2,67178.4,66886.2,66896.0,1737.23868904
2024-10-26 14:00:00+00:00,66896.1,67011.9,66744.3,66883.3,2480.35060436
2024-10-26 16:00:00+00:00,66886.2,67145.9,66792.0,67069.8,1786.40524005
2024-10-26 18:00:00+00:00,67068.2,67195.8,67024.9,67183.3,1324.22903687
2024-10-26 20:00:00+00:00,67187.5,67462.8,67082.4,67176.3,593.83461106
2024-10-26 22:00:00+00:00,67176.2,67244.0,67085.1,67095.9,609.58084205
2024-10-27 00:00:00+00:00,67095.9,67128.9,66937.0,67076.2,700.92340429
2024-10-27 02:00:00+00:00,67076.2,67324.3,67001.0,67290.8,864.4671938
2024-10-27 04:00:00+00:00,67290.9,67321.5,67119.2,67178.6,695.99594159
2024-10-27 06:00:00+00:00,67178.6,67238.0,67125.2,67203.4,391.02041629
2024-10-27 08:00:00+00:00,67203.5,67270.0,67107.1,67152.0,541.25646845
2024-10-27 10:00:00+00:00,67146.6,67200.0,67042.0,67125.9,578.60131278
2024-10-27 12:00:00+00:00,67125.9,67762.9,67123.2,67615.9,1551.07037944
2024-10-27 14:00:00+00:00,67616.0,67851.9,67604.0,67784.0,1154.56173874
2024-10-27 16:00:00+00:00,67786.0,68000.0,67662.1,67760.2,1607.29616594
2024-10-27 18:00:00+00:00,67760.2,67854.8,67544.5,67847.8,1215.75177165
2024-10-27 20:00:00+00:00,67845.4,68182.6,67700.0,67940.7,660.51466838
2024-10-27 22:00:00+00:00,67933.3,68500.0,67857.4,68030.0,1261.74471604
2024-10-28 00:00:00+00:00,68022.2,68119.9,67735.8,67744.1,1443.35288485
2024-10-28 02:00:00+00:00,67744.1,67997.7,67678.1,67726.0,1140.15554437
2024-10-28 04:00:00+00:00,67726.0,67963.9,67618.3,67911.1,1364.73396395
2024-10-28 06:00:00+00:00,67911.1,68678.5,67547.8,68429.5,3554.06496571
2024-10-28 08:00:00+00:00,68420.1,68613.6,68235.5,68574.2,1940.65544032
2024-10-28 10:00:00+00:00,68574.2,68838.0,68487.7,68761.7,2326.47429441
2024-10-28 12:00:00+00:00,68761.8,69316.6,68561.2,68817.7,4914.4321976
2024-10-28 14:00:00+00:00,68827.8,69285.7,68455.8,68499.9,7049.79433585
2024-10-28 16:00:00+00:00,68499.9,69214.8,68450.1,68982.6,4835.78481022
2024-10-28 18:00:00+00:00,68983.3,69909.4,68843.4,69624.0,4775.98082329
2024-10-28 20:00:00+00:00,69622.8,69796.6,69437.3,69790.3,946.34317538
2024-10-28 22:00:00+00:00,69796.0,70328.8,69289.1,69961.2,3025.34197359
2024-10-29 00:00:00+00:00,69961.3,70339.9,69567.1,70302.4,2039.89531082
2024-10-29 02:00:00+00:00,70302.5,71600.0,69499.9,70945.1,10038.9580703
2024-10-29 04:00:00+00:00,70954.2,71140.0,70901.7,71036.0,1646.5262943
2024-10-29 06:00:00+00:00,71036.0,71352.1,70839.9,71014.7,1707.48628219
2024-10-29 08:00:00+00:00,71014.8,71349.3,70977.9,71299.9,1914.37713538
2024-10-29 10:00:00+00:00,71300.0,71585.0,71009.0,71457.9,1709.64360164
2024-10-29 12:00:00+00:00,71458.0,71819.6,70930.0,71800.0,4052.32112213
2024-10-29 14:00:00+00:00,71800.0,72420.5,71209.4,72403.8,17860.332892
2024-10-29 16:00:00+00:00,72402.5,72980.0,72311.0,72717.4,8714.47867385
2024-10-29 18:00:00+00:00,72716.0,73646.3,72111.5,72536.1,12047.38234485
2024-10-29 20:00:00+00:00,72541.2,72873.6,71847.5,72309.0,4676.05635937
2024-10-29 22:00:00+00:00,72309.0,73000.0,72208.0,72744.7,1433.29140836
2024-10-30 00:00:00+00:00,72746.0,72794.6,72014.4,72430.0,2166.88486401
2024-10-30 02:00:00+00:00,72430.0,72699.9,72180.0,72245.8,1766.23980685
2024-10-30 04:00:00+00:00,72245.7,72750.0,72190.1,72513.9,1163.65253959
2024-10-30 06:00:00+00:00,72513.9,72622.3,72100.0,72233.4,1800.47317489
2024-10-30 08:00:00+00:00,72232.1,72590.9,72221.9,72572.5,2474.78063743
2024-10-30 10:00:00+00:00,72572.5,72600.0,71931.6,71978.0,1873.22104817
2024-10-30 12:00:00+00:00,71985.9,72149.3,71442.9,71961.2,5564.37530999
2024-10-30 14:00:00+00:00,71961.3,72461.5,71700.0,72060.3,14323.34879094
2024-10-30 16:00:00+00:00,72060.3,72199.9,71205.3,71894.6,41445.7540494
2024-10-30 18:00:00+00:00,71894.6,72144.0,71777.7,71837.3,1930.88927809
2024-10-30 20:00:00+00:00,71837.3,72963.6,71600.0,72380.1,13845.69394366
2024-10-30 22:00:00+00:00,72387.4,73000.0,72000.5,72346.7,21608.90278973
2024-10-31 00:00:00+00:00,72344.5,72449.8,71969.0,72365.5,22528.55955326
2024-10-31 02:00:00+00:00,72365.5,72600.0,72000.0,72347.9,1734.93840396
2024-10-31 04:00:00+00:00,72352.0,72411.7,72212.4,72288.0,1131.32788262
2024-10-31 06:00:00+00:00,72285.6,72500.0,72130.5,72414.9,2596.16016528
2024-10-31 08:00:00+00:00,72415.0,74204.0,72200.0,72500.0,1256.096586
2024-10-31 10:00:00+00:00,72500.0,74220.7,70504.6,72375.4,2301.47555367
2024-10-31 12:00:00+00:00,72367.9,74102.5,71025.8,72261.8,694.84358268
2024-10-31 14:00:00+00:00,72261.8,72261.8,70267.4,70603.9,812.4513214
2024-10-31 16:00:00+00:00,70628.2,71299.9,70049.4,70794.8,4183.20174919
2024-10-31 18:00:00+00:00,70794.8,70796.6,70007.1,70097.3,1796.44239451
2024-10-31 20:00:00+00:00,70093.0,70542.0,69454.9,70449.9,200.50136523
2024-10-31 22:00:00+00:00,70449.9,70647.2,70166.6,70302.3,266.68759106
2024-11-01 00:00:00+00:00,70302.3,70476.1,69307.4,69404.1,400.04910629
2024-11-01 02:00:00+00:00,69403.6,69710.0,68620.0,69364.0,1285.19631013
2024-11-01 04:00:00+00:00,69364.1,69800.0,69338.0,69607.9,1544.79155064
2024-11-01 06:00:00+00:00,69607.9,69699.0,68888.0,69274.1,8586.81595286
2024-11-01 08:00:00+00:00,69274.0,69586.4,69000.0,69528.1,2902.70273171
2024-11-01 10:00:00+00:00,69528.2,70148.7,69480.0,70004.6,891.08721569
2024-11-01 12:00:00+00:00,70004.6,71216.6,69544.0,71202.1,5171.08150891
2024-11-01 14:00:00+00:00,71202.0,71800.0,69000.0,69080.0,8012.52442856
2024-11-01 16:00:00+00:00,69079.8,70504.0,69066.6,69586.0,9426.1186089
2024-11-01 18:00:00+00:00,69586.0,69899.9,68587.7,69283.3,4370.14678765
2024-11-01 20:00:00+00:00,69270.1,69468.7,68861.9,69268.4,1467.04189375
2024-11-01 22:00:00+00:00,69268.4,69627.9,69239.6,69499.9,1326.00198923
2024-11-02 00:00:00+00:00,69495.6,69699.9,69478.2,69674.1,1791.3015346
2024-11-02 02:00:00+00:00,69674.2,69934.9,69558.5,69600.0,2221.75625745
2024-11-02 04:00:00+00:00,69600.0,69733.3,69446.0,69709.9,2160.63230912
2024-11-02 06:00:00+00:00,69712.0,69828.0,69500.0,69822.0,2032.83793616
2024-11-02 08:00:00+00:00,69821.9,69848.0,69335.8,69563.8,2790.1543845
2024-11-02 10:00:00+00:00,69563.8,69699.9,68888.8,69604.2,2519.67513006
2024-11-02 12:00:00+00:00,69604.2,69705.8,69355.8,69362.0,3474.21121135
2024-11-02 14:00:00+00:00,69362.0,69718.3,69000.0,69388.9,6165.21163059
2024-11-02 16:00:00+00:00,69391.3,69809.5,69308.0,69397.9,2098.19851411
2024-11-02 18:00:00+00:00,69398.0,69557.9,68962.5,69504.5,1298.07187857
2024-11-02 20:00:00+00:00,69504.6,69577.4,69434.0,69434.1,787.79901409
2024-11-02 22:00:00+00:00,69434.1,69545.4,69156.3,69371.0,11124.751829
2024-11-03 00:00:00+00:00,69371.0,69450.0,69000.3,69009.0,1859.98673193
2024-11-03 02:00:00+00:00,69009.1,69055.0,67800.0,68375.0,9035.97910993
2024-11-03 04:00:00+00:00,68375.0,68700.3,68300.0,68424.9,2998.92249343
2024-11-03 06:00:00+00:00,68433.2,68785.9,68380.0,68398.1,1388.26922184
2024-11-03 08:00:00+00:00,68398.1,68609.0,68200.5,68240.7,1801.1137461
2024-11-03 10:00:00+00:00,68240.8,68577.9,68204.0,68352.3,2227.60303007
2024-11-03 12:00:00+00:00,68347.8,68615.3,67960.2,68047.8,3778.86076186
2024-11-03 14:00:00+00:00,68047.8,68228.9,67300.0,68100.0,8694.2185378
2024-11-03 16:00:00+00:00,68100.0,68545.2,67989.6,68355.9,5699.01935443
2024-11-03 18:00:00+00:00,68356.0,68697.9,67567.0,68680.0,2099.17753861
2024-11-03 20:00:00+00:00,68680.0,69349.9,68500.0,69138.8,4873.92354715
2024-11-03 22:00:00+00:00,69138.8,69303.5,68513.5,68770.0,2095.43909715
2024-11-04 00:00:00+00:00,68769.9,69114.8,68233.9,68968.0,7270.04791383
2024-11-04 02:00:00+00:00,68968.0,69688.0,68733.7,69046.3,7344.32187673
2024-11-04 04:00:00+00:00,69046.3,69400.0,68716.0,68815.9,3483.83683982
2024-11-04 06:00:00+00:00,68816.0,69175.9,68526.6,68620.6,5223.32895021
2024-11-04 08:00:00+00:00,68620.6,68933.3,68200.0,68652.2,3502.59962016
2024-11-04 10:00:00+00:00,68652.2,69046.2,68593.2,68794.2,3409.333652
2024-11-04 12:00:00+00:00,68794.2,69263.7,68663.9,68668.6,4125.48147232
2024-11-04 14:00:00+00:00,68668.6,69000.0,68173.9,68645.6,11411.42419139
2024-11-04 16:00:00+00:00,68645.6,68795.0,67247.9,67829.8,4403.19747592
2024-11-04 18:00:00+00:00,67829.7,68309.8,67489.8,67849.4,12422.96596439
2024-11-04 20:00:00+00:00,67849.4,67887.3,66500.0,67112.9,4743.32102813
2024-11-04 22:00:00+00:00,67112.9,68117.8,66854.1,67850.0,6921.36225226
2024-11-05 00:00:00+00:00,67850.0,68172.9,67448.9,67988.1,13668.75365087
2024-11-05 02:00:00+00:00,68003.1,68247.8,67816.6,68242.9,5042.28321421
2024-11-05 04:00:00+00:00,68239.5,68799.9,68156.2,68741.1,3961.64254571
2024-11-05 06:00:00+00:00,68741.1,69034.0,68557.2,68900.0,3181.42053496
2024-11-05 08:00:00+00:00,68900.0,69102.2,68690.9,68776.1,5082.35990249
2024-11-05 10:00:00+00:00,68776.1,68980.6,68532.6,68812.5,2241.38919841
2024-11-05 12:00:00+00:00,68812.5,68997.9,68616.2,68824.0,3737.24762554
2024-11-05 14:00:00+00:00,68822.1,70329.2,68455.0,69542.0,9722.72248072
2024-11-05 16:00:00+00:00,69536.3,70689.9,69428.1,69952.0,9152.81934275
2024-11-05 18:00:00+00:00,69976.4,70272.6,68747.1,69214.0,3746.25688738
2024-11-05 20:00:00+00:00,69214.2,70121.3,68724.5,69163.9,8190.72864626
2024-11-05 22:00:00+00:00,69163.9,70120.0,68881.8,69372.7,2572.87201189
2024-11-06 00:00:00+00:00,69372.7,71552.2,69290.0,71130.0,8654.3911975
2024-11-06 02:00:00+00:00,71130.0,75169.6,70954.2,74136.2,8021.76402292
2024-11-06 04:00:00+00:00,74135.6,74958.3,73669.2,74769.9,11022.43466997
2024-11-06 06:00:00+00:00,74769.9,75409.6,73080.0,73415.7,8440.78081286
2024-11-06 08:00:00+00:00,73376.2,74126.0,72610.3,73771.3,5940.32164213
2024-11-06 10:00:00+00:00,73771.1,74477.2,73341.9,74272.0,5414.3178028
2024-11-06 12:00:00+00:00,74277.2,74760.1,73601.2,73992.5,8818.11916002
2024-11-06 14:00:00+00:00,73992.5,74750.1,73500.0,74296.4,9763.92793109
2024-11-06 16:00:00+00:00,74296.5,74661.4,73720.0,74448.4,11120.59902972
2024-11-06 18:00:00+00:00,74448.4,75837.8,74396.0,75814.1,21311.10229551
2024-11-06 20:00:00+00:00,75814.1,76383.3,75400.0,75887.9,11475.12028912
2024-11-06 22:00:00+00:00,75887.7,76039.9,75528.6,75584.8,2227.64427754
2024-11-07 00:00:00+00:00,75584.8,76016.0,74848.4,75393.0,8948.88599172
2024-11-07 02:00:00+00:00,75392.5,75625.0,74860.9,75040.1,13689.03278612
2024-11-07 04:00:00+00:00,75040.1,75077.4,74623.4,74759.8,5705.58934231
2024-11-07 06:00:00+00:00,74759.8,74994.0,74428.4,74768.7,4161.06431583
2024-11-07 08:00:00+00:00,74768.7,75160.0,74683.3,74917.5,2973.81209071
2024-11-07 10:00:00+00:00,74917.5,75037.7,74708.0,74752.0,2632.06612452
2024-11-07 12:00:00+00:00,74752.0,75400.0,74623.7,74677.6,2504.96215817
2024-11-07 14:00:00+00:00,74677.6,76056.3,74454.1,76056.3,7297.52896995
2024-11-07 16:00:00+00:00,76056.0,76451.5,75400.0,76253.7,7210.99306787
2024-11-07 18:00:00+00:00,76258.7,76696.1,75454.2,76509.9,7026.02027514
2024-11-07 20:00:00+00:00,76510.0,76823.9,75862.7,75873.3,6037.04500859
2024-11-07 22:00:00+00:00,75873.3,76088.0,75486.5,75860.3,1591.48560179
2024-11-08 00:00:00+00:00,75860.4,76363.9,75632.9,75981.9,7736.0680131
2024-11-08 02:00:00+00:00,75980.1,76019.4,75400.0,75899.0,2173.14115873
2024-11-08 04:00:00+00:00,75899.0,76156.0,75816.1,75988.0,1844.58469422
2024-11-08 06:00:00+00:00,75992.8,76232.2,75500.0,76164.1,2455.52925509
2024-11-08 08:00:00+00:00,76156.5,76178.1,75750.0,75940.4,2694.45244853
2024-11-08 10:00:00+00:00,75940.4,76320.1,75753.8,75936.7,2095.82924563
2024-11-08 12:00:00+00:00,75936.7,76330.0,75800.0,76254.9,6808.8721991
2024-11-08 14:00:00+00:00,76263.6,76587.2,75400.0,76413.1,9273.60635506
2024-11-08 16:00:00+00:00,76418.9,76760.0,75506.4,76374.1,9984.32668911
2024-11-08 18:00:00+00:00,76374.1,77200.0,76208.8,76906.0,11433.49076737
2024-11-08 20:00:00+00:00,76914.7,77150.8,75875.0,76476.0,5551.11244896
2024-11-08 22:00:00+00:00,76472.1,76621.5,76292.5,76499.0,1269.06637527
2024-11-09 00:00:00+00:00,76499.1,76621.5,76250.0,76312.2,1650.49694355
2024-11-09 02:00:00+00:00,76312.2,76449.6,76135.2,76340.1,1823.44163129
2024-11-09 04:00:00+00:00,76340.1,76663.6,76266.6,76559.9,2330.33379315
2024-11-09 06:00:00+00:00,76551.0,76800.0,76200.0,76531.9,2361.20577576
2024-11-09 08:00:00+00:00,76531.8,76735.9,76198.1,76553.9,1805.91381331
2024-11-09 10:00:00+00:00,76553.8,76622.0,76378.0,76489.4,1636.95583171
2024-11-09 12:00:00+00:00,76489.3,76539.9,76150.0,76421.3,2152.01374456
2024-11-09 14:00:00+00:00,76421.3,76448.0,76272.4,76321.2,2985.52813522
2024-11-09 16:00:00+00:00,76321.2,76332.0,75714.2,76235.9,4883.42824956
2024-11-09 18:00:00+00:00,76235.9,76704.7,76025.6,76209.0,3207.20669596
2024-11-09 20:00:00+00:00,76209.0,76484.0,76000.0,76454.3,1608.69081054
2024-11-09 22:00:00+00:00,76454.3,76911.6,76166.6,76675.1,1666.36529726
2024-11-10 00:00:00+00:00,76675.0,77500.0,76240.4,76696.2,4342.15850118
2024-11-10 02:00:00+00:00,76696.3,77654.0,76500.0,77204.8,4906.42758691
2024-11-10 04:00:00+00:00,77204.8,79787.6,76875.0,79083.5,9383.52326763
2024-11-10 06:00:00+00:00,79083.4,79626.0,78465.9,78827.8,11675.14425036
2024-11-10 08:00:00+00:00,78827.8,79499.8,78818.9,79371.0,3642.81967912
2024-11-10 10:00:00+00:00,79371.1,80024.0,79250.0,79841.4,5936.48228547
2024-11-10 12:00:00+00:00,79841.4,80100.7,79084.0,79719.6,13337.79017856
2024-11-10 14:00:00+00:00,79719.6,80000.0,79173.9,79687.2,12331.06739278
2024-11-10 16:00:00+00:00,79687.3,80739.4,79484.1,80317.9,14822.13466529
2024-11-10 18:00:00+00:00,80328.0,81216.1,79200.0,79739.9,10531.81960967
2024-11-10 20:00:00+00:00,79743.0,80328.0,78511.0,79863.5,9116.40739195
2024-11-10 22:00:00+00:00,79870.2,81494.2,79156.0,80365.9,4455.51268915
2024-11-11 00:00:00+00:00,80365.9,81714.6,80000.0,81131.1,6888.95245882
2024-11-11 02:00:00+00:00,81212.0,82500.0,80950.1,81610.0,3887.40262575
2024-11-11 04:00:00+00:00,81610.0,81733.3,80440.0,80732.6,7066.39555626
2024-11-11 06:00:00+00:00,80724.2,81291.6,80382.7,81112.1,11527.61046441
2024-11-11 08:00:00+00:00,81104.3,81762.7,80766.0,81684.1,13143.27345413
2024-11-11 10:00:00+00:00,81684.2,82350.7,81500.0,82139.0,12168.05200584
2024-11-11 12:00:00+00:00,82136.0,82620.5,81288.2,81824.0,9794.64641749
2024-11-11 14:00:00+00:00,81824.0,84622.8,81500.0,84072.0,8469.48299679
2024-11-11 16:00:00+00:00,84072.1,85150.0,83499.9,84596.0,9271.94173247
2024-11-11 18:00:00+00:00,84595.9,86834.6,84005.2,86091.7,3442.26810806
2024-11-11 20:00:00+00:00,86091.7,88900.0,85985.9,87900.1,1353.87754921
2024-11-11 22:00:00+00:00,87900.1,89545.7,86388.4,88640.0,1398.20510111
2024-11-12 00:00:00+00:00,88640.1,89496.2,86388.4,88539.9,1606.1523028
2024-11-12 02:00:00+00:00,88540.0,88876.2,86690.4,88063.9,1902.29934133
2024-11-12 04:00:00+00:00,88056.5,88999.6,87600.0,88387.4,1437.98694938
2024-11-12 06:00:00+00:00,88381.1,90000.0,88143.8,89015.9,1882.94156037
2024-11-12 08:00:00+00:00,89015.9,89700.0,87592.5,87656.0,1821.90633251
2024-11-12 10:00:00+00:00,87648.9,88252.0,85263.4,87176.1,1641.14607711
2024-11-12 12:00:00+00:00,87176.1,87857.1,84807.6,86341.1,1338.65323296
2024-11-12 14:00:00+00:00,86177.7,87600.0,84999.9,86606.6,1782.72197154
2024-11-12 16:00:00+00:00,86609.6,88099.8,85400.0,86956.6,1618.41721233
2024-11-12 18:00:00+00:00,86956.6,89796.5,86461.1,88698.0,1617.84758039
2024-11-12 20:00:00+00:00,88698.0,89825.4,88102.1,88256.0,710.9814763
2024-11-12 22:00:00+00:00,88256.0,88653.6,87261.9,87944.5,446.74427943
2024-11-13 00:00:00+00:00,87944.5,88891.9,87359.9,88263.9,903.22873817
2024-11-13 02:00:00+00:00,88252.2,88333.3,86985.1,87139.1,1158.67086214
2024-11-13 04:00:00+00:00,87139.1,87692.1,86099.9,86543.6,917.7497941
2024-11-13 06:00:00+00:00,86543.7,87481.4,86099.9,87357.6,953.81384459
2024-11-13 08:00:00+00:00,87357.7,87692.3,86800.0,87392.6,1195.41127608
2024-11-13 10:00:00+00:00,87392.6,88076.5,87115.3,87675.8,1099.83017723
2024-11-13 12:00:00+00:00,87674.4,89700.0,87466.6,89162.2,1123.76046692
2024-11-13 14:00:00+00:00,89236.0,93409.0,88643.9,92525.6,3913.76752346
2024-11-13 16:00:00+00:00,92581.4,93252.3,91323.7,92232.0,3040.7708119
2024-11-13 18:00:00+00:00,92232.0,93109.3,89900.0,90178.0,1884.04774659
2024-11-13 20:00:00+00:00,90176.9,91151.9,87975.8,88533.3,1018.32486713
2024-11-13 22:00:00+00:00,88533.3,90600.0,88354.1,90378.3,743.22147701
2024-11-14 00:00:00+00:00,90378.3,90521.4,89466.4,90375.9,1343.59077137
2024-11-14 02:00:00+00:00,90375.9,90552.9,89412.4,89940.1,1115.0399082
2024-11-14 04:00:00+00:00,89940.1,90199.9,89079.7,89940.8,990.88481957
2024-11-14 06:00:00+00:00,89955.3,90865.6,89020.1,90784.2,933.51181729
2024-11-14 08:00:00+00:00,90780.1,91417.6,89979.1,90846.5,1248.20265458
2024-11-14 10:00:00+00:00,90896.0,91960.0,90081.4,91495.9,1159.85625977
2024-11-14 12:00:00+00:00,91491.8,91960.0,90371.1,90749.5,861.925012
2024-11-14 14:00:00+00:00,90749.6,91764.1,87853.8,87950.1,2038.74048324
2024-11-14 16:00:00+00:00,87950.1,89708.3,87400.0,89071.4,1738.85959544
2024-11-14 18:00:00+00:00,89215.9,90000.0,88833.2,89463.9,1159.12113266
2024-11-14 20:00:00+00:00,89463.9,89599.9,87037.0,88216.6,649.11779107
2024-11-14 22:00:00+00:00,88225.9,88456.9,86518.4,87318.1,501.96634277
2024-11-15 00:00:00+00:00,87330.0,88727.8,87200.0,88082.8,955.0086455
2024-11-15 02:00:00+00:00,88094.0,88473.6,87666.6,88201.9,650.90665341
2024-11-15 04:00:00+00:00,88201.9,88350.0,86833.3,87728.9,736.41078615
2024-11-15 06:00:00+00:00,87800.0,88387.7,87440.1,87622.3,859.96042591
2024-11-15 08:00:00+00:00,87631.3,89437.4,87300.0,89184.0,936.27154081
2024-11-15 10:00:00+00:00,89195.0,89768.7,88800.0,89731.9,788.51204634
2024-11-15 12:00:00+00:00,89732.0,90700.9,89033.3,90155.8,1146.75311277
2024-11-15 14:00:00+00:00,90155.8,90200.0,87133.3,88432.1,1339.02250007
2024-11-15 16:00:00+00:00,88439.9,89931.1,88282.5,89487.8,1056.70478718
2024-11-15 18:00:00+00:00,89475.9,90833.0,88999.6,90362.3,631.16100567
2024-11-15 20:00:00+00:00,90365.7,91828.4,89901.8,91686.3,502.0754472
2024-11-15 22:00:00+00:00,91680.0,91836.7,90856.3,91047.9,453.56616476
2024-11-16 00:00:00+00:00,91032.9,91763.7,90809.5,91238.8,488.30886695
2024-11-16 02:00:00+00:00,91238.8,91847.0,90916.6,91248.1,648.24350505
2024-11-16 04:00:00+00:00,91248.1,91774.1,91034.5,91344.2,596.53085816
2024-11-16 06:00:00+00:00,91344.2,91628.1,90933.3,91123.3,1525.39875204
2024-11-16 08:00:00+00:00,91117.8,91483.0,91000.0,91234.5,979.66789625
2024-11-16 10:00:00+00:00,91234.5,91847.0,90700.0,91181.6,867.09386514
2024-11-16 12:00:00+00:00,91183.3,91321.5,90500.0,90748.0,608.35029234
2024-11-16 14:00:00+00:00,90748.0,91300.0,90064.5,90520.1,1077.35653106
2024-11-16 16:00:00+00:00,90527.9,91006.7,89800.0,90914.5,847.78317595
2024-11-16 18:00:00+00:00,90914.5,91484.0,90800.0,91099.8,656.59575978
2024-11-16 20:00:00+00:00,91099.8,91196.6,90666.6,90986.1,777.87099896
2024-11-16 22:00:00+00:00,90992.8,90998.6,90313.2,90548.3,226.68984518
2024-11-17 00:00:00+00:00,90537.0,90912.0,89657.9,90260.0,579.40221768
2024-11-17 02:00:00+00:00,90260.0,90322.5,89341.3,90248.0,564.57646633
2024-11-17 04:00:00+00:00,90248.0,90900.0,90148.5,90464.8,715.11500232
2024-11-17 06:00:00+00:00,90466.5,90785.0,90350.0,90563.2,515.84530938
2024-11-17 08:00:00+00:00,90564.5,91466.3,90477.4,91305.3,832.91589645
2024-11-17 10:00:00+00:00,91305.4,91458.0,90477.4,90688.2,877.40767451
2024-11-17 12:00:00+00:00,90683.3,91187.0,89820.0,90501.7,734.06472265
2024-11-17 14:00:00+00:00,90501.7,90769.2,89500.0,90260.1,682.2990003
2024-11-17 16:00:00+00:00,90260.1,90666.6,89835.1,90582.6,754.13296469
2024-11-17 18:00:00+00:00,90582.6,90640.2,89666.6,90043.8,364.10659846
2024-11-17 20:00:00+00:00,90048.9,90233.3,89003.1,89120.1,292.62766024
2024-11-17 22:00:00+00:00,89132.8,89875.2,88359.9,89859.8,363.24344179
2024-11-18 00:00:00+00:00,89859.8,90950.0,89615.3,90749.9,575.31121451
2024-11-18 02:00:00+00:00,90752.0,90928.5,89800.0,90655.8,1281.23080365
2024-11-18 04:00:00+00:00,90655.8,90811.9,90422.6,90609.8,522.65649085
2024-11-18 06:00:00+00:00,90609.2,92300.0,90384.6,91712.3,1335.49414867
2024-11-18 08:00:00+00:00,91712.3,92220.0,91500.0,91723.9,905.36338497
2024-11-18 10:00:00+00:00,91720.2,92061.6,90000.0,90276.0,1031.66242607
2024-11-18 12:00:00+00:00,90276.0,91000.0,89307.6,89460.0,1267.70118095
2024-11-18 14:00:00+00:00,89496.1,92609.5,89440.1,92336.1,1204.75061722
2024-11-18 16:00:00+00:00,92355.2,92588.0,90833.3,91563.2,1108.8487035
2024-11-18 18:00:00+00:00,91573.6,91654.9,89554.0,90615.0,474.78204692
2024-11-18 20:00:00+00:00,90608.8,91983.1,90400.0,91294.0,522.70661174
2024-11-18 22:00:00+00:00,91300.0,91456.4,90234.5,90463.9,217.33967121
2024-11-19 00:00:00+00:00,90464.0,91240.6,90200.0,90707.9,444.03064628
2024-11-19 02:00:00+00:00,90710.1,91546.4,90507.9,91420.7,905.17872701
2024-11-19 04:00:00+00:00,91430.5,91887.9,90965.5,91875.8,691.52318855
2024-11-19 06:00:00+00:00,91888.0,92157.5,91576.9,91612.7,678.72973615
2024-11-19 08:00:00+00:00,91627.6,92044.8,91115.3,91698.9,1259.03556235
2024-11-19 10:00:00+00:00,91698.0,91916.0,91483.5,91660.0,566.95934424
2024-11-19 12:00:00+00:00,91660.1,92799.9,91040.0,91128.0,1803.8011527
2024-11-19 14:00:00+00:00,91128.0,92437.1,90995.8,92373.0,1223.84759
2024-11-19 16:00:00+00:00,92373.1,93250.0,92000.0,92836.0,882.86104939
2024-11-19 18:00:00+00:00,92836.1,94265.3,92642.8,93202.9,904.77266974
2024-11-19 20:00:00+00:00,93225.6,93566.4,91800.0,92199.9,273.26718217
2024-11-19 22:00:00+00:00,92300.0,92425.8,91376.4,92300.9,210.74001788
2024-11-20 00:00:00+00:00,92302.1,92517.2,91631.5,91964.5,2675.23019428
2024-11-20 02:00:00+00:00,91971.7,92074.2,91325.4,92038.5,782.3677929
2024-11-20 04:00:00+00:00,92044.0,92520.0,91800.0,92504.0,664.84024193
2024-11-20 06:00:00+00:00,92508.0,93000.0,92200.0,92837.6,1249.47561171
2024-11-20 08:00:00+00:00,92842.4,93657.2,92456.0,93096.0,882.41399353
2024-11-20 10:00:00+00:00,93085.1,93712.1,92808.1,93453.1,815.71835118
2024-11-20 12:00:00+00:00,93453.2,95000.0,92928.0,94380.0,1472.43847365
2024-11-20 14:00:00+00:00,94380.0,95000.0,93737.0,94724.9,1388.55680956
2024-11-20 16:00:00+00:00,94724.9,95000.0,93300.0,93924.1,1274.4075858
2024-11-20 18:00:00+00:00,93918.5,94798.8,93100.0,94011.0,689.45608156
2024-11-20 20:00:00+00:00,94012.0,94603.6,93713.0,94365.7,548.97344404
2024-11-20 22:00:00+00:00,94365.7,94471.8,93760.0,94283.9,405.84844692
2024-11-21 00:00:00+00:00,94284.0,94943.5,94000.0,94729.4,676.32713805
2024-11-21 02:00:00+00:00,94700.0,95910.2,93900.0,95792.6,1307.42179988
2024-11-21 04:00:00+00:00,95792.6,97855.8,95773.5,97320.0,1827.58596062
2024-11-21 06:00:00+00:00,97320.2,97711.8,94522.5,96911.4,26277.07015256
2024-11-21 08:00:00+00:00,96911.4,97652.7,96600.0,97607.1,1568.39662633
2024-11-21 10:00:00+00:00,97596.1,98769.1,97000.0,97973.6,2140.74428471
2024-11-21 12:00:00+00:00,97976.0,98253.4,96800.0,97524.0,1817.76194107
2024-11-21 14:00:00+00:00,97518.8,98104.1,95244.0,96640.8,1335.99742914
2024-11-21 16:00:00+00:00,96659.9,98032.9,96128.1,98026.7,1247.69502752
2024-11-21 18:00:00+00:00,98026.7,99000.0,97627.5,97820.1,1132.10688508
2024-11-21 20:00:00+00:00,97820.1,98666.5,97500.0,97964.0,455.20704014
2024-11-21 22:00:00+00:00,97967.2,98750.3,97833.3,98317.2,469.23026561
2024-11-22 00:00:00+00:00,98317.2,98819.4,97315.6,98067.3,659.18868182
2024-11-22 02:00:00+00:00,98067.4,99469.0,97593.2,98841.4,1432.91793311
2024-11-22 04:00:00+00:00,98841.4,99100.0,98500.1,98792.0,997.78578
2024-11-22 06:00:00+00:00,98792.0,99404.3,98500.0,99175.9,1056.43628928
2024-11-22 08:00:00+00:00,99169.5,99475.0,98380.0,98710.3,2231.29119926
2024-11-22 10:00:00+00:00,98710.3,98916.0,98205.2,98852.0,3079.80899204
2024-11-22 12:00:00+00:00,98875.9,98949.9,97183.1,97750.0,4665.44428216
2024-11-22 14:00:00+00:00,97749.9,98778.3,97076.6,98656.1,5755.93624999
2024-11-22 16:00:00+00:00,98648.2,99303.9,98032.9,98791.9,3856.17138825
2024-11-22 18:00:00+00:00,98778.2,99588.0,98461.8,99071.2,3943.71369017
2024-11-22 20:00:00+00:00,99068.3,99600.0,98746.1,99278.8,3160.27590877
2024-11-22 22:00:00+00:00,99278.8,99604.9,98565.1,98891.8,1230.71942691
2024-11-23 00:00:00+00:00,98891.8,98974.8,98301.1,98580.5,3052.00709891
2024-11-23 02:00:00+00:00,98580.5,98819.4,98288.6,98653.8,2657.33014716
2024-11-23 04:00:00+00:00,98648.3,98765.6,98250.0,98746.4,2480.55127071
2024-11-23 06:00:00+00:00,98746.4,98795.7,98400.0,98541.2,1563.88604463
2024-11-23 08:00:00+00:00,98541.3,98618.5,98333.3,98450.7,1807.83644235
2024-11-23 10:00:00+00:00,98450.7,98595.5,98300.1,98420.7,1600.06860779
2024-11-23 12:00:00+00:00,98420.7,98828.0,98408.5,98499.7,2418.27330315
2024-11-23 14:00:00+00:00,98499.7,98786.5,98377.0,98377.3,3479.47518948
2024-11-23 16:00:00+00:00,98377.3,98459.7,97188.0,97902.0,6047.0293796
2024-11-23 18:00:00+00:00,97902.1,97997.5,97350.3,97500.2,2622.61811131
2024-11-23 20:00:00+00:00,97500.2,98032.9,97115.3,97964.3,2565.54258931
2024-11-23 22:00:00+00:00,97964.3,98038.7,97109.1,97666.5,1274.21132393
2024-11-24 00:00:00+00:00,97666.4,98588.4,97612.9,98184.9,2250.41898177
2024-11-24 02:00:00+00:00,98192.8,98588.4,98089.9,98192.0,2014.42565161
2024-11-24 04:00:00+00:00,98192.1,98273.8,97878.7,98256.2,1559.60118203
2024-11-24 06:00:00+00:00,98256.0,98405.7,97948.7,98397.9,1404.886692
2024-11-24 08:00:00+00:00,98398.0,98428.5,97692.2,97923.1,1610.64710798
2024-11-24 10:00:00+00:00,97923.1,97971.4,97200.0,97271.6,2567.35923902
2024-11-24 12:00:00+00:00,97271.6,97600.0,96364.0,97227.6,3927.86556882
2024-11-24 14:00:00+00:00,97227.7,97229.1,95920.9,95920.9,3638.02789195
2024-11-24 16:00:00+00:00,95920.8,96756.7,95647.9,95903.9,3009.58772708
2024-11-24 18:00:00+00:00,95904.0,96634.9,95800.4,96315.0,1709.63404462
2024-11-24 20:00:00+00:00,96315.1,97200.0,96194.6,96971.1,1383.49100145
2024-11-24 22:00:00+00:00,96975.7,98356.5,96962.5,97897.3,1730.9147338
2024-11-25 00:00:00+00:00,97914.4,98049.0,96879.3,97200.5,3903.76242785
2024-11-25 02:00:00+00:00,97200.6,97888.0,96900.0,97879.1,2149.15632867
2024-11-25 04:00:00+00:00,97879.1,98234.6,97333.3,98077.2,2681.6611505
2024-11-25 06:00:00+00:00,98077.0,98357.8,97700.0,98053.4,2288.34423175
2024-11-25 08:00:00+00:00,98053.4,98876.0,97332.4,98491.8,3911.20699223
2024-11-25 10:00:00+00:00,98464.8,98675.9,97900.0,98182.1,4147.83524814
2024-11-25 12:00:00+00:00,98181.2,98419.1,97200.4,97480.0,6546.46012324
2024-11-25 14:00:00+00:00,97480.0,97666.6,94038.4,95999.6,8494.76779928
2024-11-25 16:00:00+00:00,95999.6,96498.4,94600.0,95233.3,7498.362743
2024-11-25 18:00:00+00:00,95233.4,95913.7,94349.2,94663.8,5172.1810469
2024-11-25 20:00:00+00:00,94663.9,95400.0,93100.0,93743.9,4558.27793278
2024-11-25 22:00:00+00:00,93743.9,94419.9,92456.0,93005.0,3555.2372157
2024-11-26 00:00:00+00:00,93001.9,94854.5,92415.4,94854.4,3392.16764011
2024-11-26 02:00:00+00:00,94854.4,95000.0,94235.6,94471.5,2419.78734156
2024-11-26 04:00:00+00:00,94471.5,94692.8,93755.1,94648.9,2756.80124623
2024-11-26 06:00:00+00:00,94648.0,94984.8,93531.9,93774.6,4026.32571764
2024-11-26 08:00:00+00:00,93777.6,94400.0,91852.4,93520.1,4575.20469379
2024-11-26 10:00:00+00:00,93520.1,93750.0,90962.9,92377.3,6338.64691319
2024-11-26 12:00:00+00:00,92338.9,92914.1,91763.6,92176.0,5505.57925555
2024-11-26 14:00:00+00:00,92176.5,93965.6,91715.7,92804.1,5079.05205031
2024-11-26 16:00:00+00:00,92827.9,94666.6,92275.1,93558.2,4194.96993629
2024-11-26 18:00:00+00:00,93558.3,93630.4,91580.0,91704.0,4180.02829859
2024-11-26 20:00:00+00:00,91703.9,92045.1,90616.0,91683.8,4511.67654192
2024-11-26 22:00:00+00:00,91683.9,92354.7,91536.8,91960.1,1628.73816774
2024-11-27 00:00:00+00:00,91960.1,92815.4,91576.9,92757.1,3817.80272432
2024-11-27 02:00:00+00:00,92757.1,93047.9,91800.0,92584.0,3062.70274451
2024-11-27 04:00:00+00:00,92584.0,93200.8,92197.8,92766.9,4115.77247787
2024-11-27 06:00:00+00:00,92766.9,93648.6,92766.9,93596.8,3787.41380578
2024-11-27 08:00:00+00:00,93602.2,93611.2,92831.7,93400.2,4149.83165194
2024-11-27 10:00:00+00:00,93400.2,93880.0,93269.2,93363.4,4476.72468227
2024-11-27 12:00:00+00:00,93363.4,94254.4,92828.9,94254.1,5076.62554513
2024-11-27 14:00:00+00:00,94255.5,95866.8,93600.0,95554.5,7773.1532528
2024-11-27 16:00:00+00:00,95554.5,96346.1,95000.0,96231.9,6449.53546836
2024-11-27 18:00:00+00:00,96227.3,96629.4,95598.6,96627.9,3732.04955419
2024-11-27 20:00:00+00:00,96628.0,97203.7,96052.1,96267.8,4183.25897564
2024-11-27 22:00:00+00:00,96267.8,96691.0,95499.9,95850.0,1852.29995562
2024-11-28 00:00:00+00:00,95848.2,96567.6,95600.0,96267.2,2632.20622345
2024-11-28 02:00:00+00:00,96267.2,96444.0,94809.9,95456.5,3334.64038289
2024-11-28 04:00:00+00:00,95466.1,95908.3,95186.1,95452.8,3076.02701187
2024-11-28 06:00:00+00:00,95452.8,95750.3,95075.5,95298.5,3047.19776622
2024-11-28 08:00:00+00:00,95298.5,95616.0,94944.3,94961.8,2545.72454526
2024-11-28 10:00:00+00:00,94976.8,95784.1,94584.5,95456.0,3068.96853482
2024-11-28 12:00:00+00:00,95456.0,96088.2,94911.9,95719.4,2747.31056512
2024-11-28 14:00:00+00:00,95704.2,96224.0,94893.3,94997.8,3265.70868563
2024-11-28 16:00:00+00:00,94997.8,95310.3,94813.8,94872.0,2165.97944824
2024-11-28 18:00:00+00:00,94872.1,95466.6,94835.2,95126.4,1249.99769087
2024-11-28 20:00:00+00:00,95126.4,95192.3,94702.2,95132.6,1341.99432338
2024-11-28 22:00:00+00:00,95132.7,96023.9,95024.1,95636.7,1281.86905137
2024-11-29 00:00:00+00:00,95636.8,95972.5,95200.0,95913.3,2406.60810038
2024-11-29 02:00:00+00:00,95913.3,96865.3,95870.8,96603.8,3679.6063602
2024-11-29 04:00:00+00:00,96603.8,96682.9,96167.0,96167.1,2387.21973491
2024-11-29 06:00:00+00:00,96167.1,96412.1,95590.0,95616.4,3058.17519239
2024-11-29 08:00:00+00:00,95616.4,96470.0,95562.3,96350.2,2990.57405627
2024-11-29 10:00:00+00:00,96350.3,97352.0,96286.6,97235.4,3537.32116249
2024-11-29 12:00:00+00:00,97240.0,97496.6,96800.0,97220.0,769.40769453
2024-11-29 14:00:00+00:00,97216.1,98638.9,96906.2,98000.1,6041.40160014
2024-11-29 16:00:00+00:00,98000.1,98439.2,96463.5,96963.1,4630.8532453
2024-11-29 18:00:00+00:00,96963.2,97420.5,96600.0,97316.0,2320.29848674
2024-11-29 20:00:00+00:00,97332.0,97620.0,96981.7,97387.5,1552.01942323
2024-11-29 22:00:00+00:00,97387.5,97497.2,97101.2,97456.0,1081.15550154
2024-11-30 00:00:00+00:00,97456.0,97460.0,96422.0,96423.9,2535.23296484
2024-11-30 02:00:00+00:00,96424.0,96730.7,96314.8,96641.2,1828.28941194
2024-11-30 04:00:00+00:00,96641.2,97190.7,96473.3,97110.0,1609.58877578
2024-11-30 06:00:00+00:00,97100.1,97241.3,96538.4,96777.2,2348.61164214
2024-11-30 08:00:00+00:00,96777.2,97000.0,96596.4,96770.2,1303.24332616
2024-11-30 10:00:00+00:00,96770.2,96800.0,96084.2,96269.0,2097.16738313
2024-11-30 12:00:00+00:00,96268.8,96700.0,96242.0,96408.0,1979.86144907
2024-11-30 14:00:00+00:00,96408.0,96738.2,96300.1,96646.6,1993.96459134
2024-11-30 16:00:00+00:00,96646.7,97272.7,96516.3,96789.4,1927.3700444
2024-11-30 18:00:00+00:00,96789.4,97061.5,96762.6,97014.7,1330.09949173
2024-11-30 20:00:00+00:00,97014.7,97043.9,96767.1,96783.8,904.52431072
2024-11-30 22:00:00+00:00,96783.9,96827.8,96320.0,96409.1,1168.46278061
2024-12-01 00:00:00+00:00,96409.1,96700.0,96048.4,96100.6,2697.48870659
2024-12-01 02:00:00+00:00,96100.7,96449.0,95687.9,96331.9,3190.37073583
2024-12-01 04:00:00+00:00,96335.8,96573.6,95945.9,96314.1,1809.95033679
2024-12-01 06:00:00+00:00,96314.1,96492.0,96280.1,96464.9,1371.80158929
2024-12-01 08:00:00+00:00,96464.9,97206.2,96393.5,97028.0,2829.21025643
2024-12-01 10:00:00+00:00,97028.0,97148.0,96545.3,97119.9,1906.33623112
2024-12-01 12:00:00+00:00,97119.9,97406.7,96676.6,97066.8,2151.71751969
2024-12-01 14:00:00+00:00,97075.9,97332.4,96956.7,97029.4,2106.40743468
2024-12-01 16:00:00+00:00,97029.5,97336.0,96999.5,97300.0,1798.43226529
2024-12-01 18:00:00+00:00,97300.0,97520.2,96958.6,97178.4,1457.2017583
2024-12-01 20:00:00+00:00,97178.5,97780.0,96789.7,97776.1,1871.65632387
2024-12-01 22:00:00+00:00,97776.2,98409.9,97176.6,97190.1,2253.14814258
2024-12-02 00:00:00+00:00,97190.2,98171.6,96745.4,97986.3,4266.99303813
2024-12-02 02:00:00+00:00,97986.4,98068.6,96358.2,96481.6,3877.50441288
2024-12-02 04:00:00+00:00,96481.7,96930.6,96013.2,96375.8,4450.01351869
2024-12-02 06:00:00+00:00,96375.8,96474.6,95687.0,95996.1,3434.46269509
2024-12-02 08:00:00+00:00,95996.1,96112.0,94562.8,95493.2,5160.99411056
2024-12-02 10:00:00+00:00,95493.3,95500.0,94800.0,95110.4,5428.08115915
2024-12-02 12:00:00+00:00,95110.3,95800.0,94784.8,95683.3,3827.1505198
2024-12-02 14:00:00+00:00,95683.3,97200.0,95464.3,97035.7,4072.64698182
2024-12-02 16:00:00+00:00,97035.8,97499.9,94333.3,94606.4,3698.59565811
2024-12-02 18:00:00+00:00,94604.3,95999.2,94488.0,95824.0,3128.43866673
2024-12-02 20:00:00+00:00,95820.1,96381.8,95347.7,95398.8,2474.4645119
2024-12-02 22:00:00+00:00,95398.8,95848.0,95111.0,95828.1,1746.49035614
2024-12-03 00:00:00+00:00,95828.2,96090.9,95454.6,95524.1,3638.017785
2024-12-03 02:00:00+00:00,95524.1,96302.5,95406.0,96070.1,3005.47301096
2024-12-03 04:00:00+00:00,96070.1,96229.1,95856.0,96158.2,2508.94140957
2024-12-03 06:00:00+00:00,96154.0,96333.3,94686.0,95551.1,3671.60072222
2024-12-03 08:00:00+00:00,95551.1,95659.9,95200.0,95452.7,1959.09648424
2024-12-03 10:00:00+00:00,95452.8,95452.8,94640.3,95001.0,1611.74920672
2024-12-03 12:00:00+00:00,95001.1,95001.1,93659.8,93709.4,4774.4133036
2024-12-03 14:00:00+00:00,93709.4,96240.1,93500.0,95684.0,7323.75379479
2024-12-03 16:00:00+00:00,95683.9,96163.9,94806.0,95832.1,4328.69579201
2024-12-03 18:00:00+00:00,95823.4,96130.2,94943.8,95435.5,2905.36206141
2024-12-03 20:00:00+00:00,95435.6,96093.9,94820.0,95993.8,2799.68830148
2024-12-03 22:00:00+00:00,95993.8,96117.6,95650.5,95859.4,1698.23643368
2024-12-04 00:00:00+00:00,95857.4,96630.7,95479.8,96214.0,4041.81402421
2024-12-04 02:00:00+00:00,96214.0,96223.9,95165.1,95775.9,2819.94086661
2024-12-04 04:00:00+00:00,95775.9,96475.5,95708.0,96468.1,1393.71853977
2024-12-04 06:00:00+00:00,96468.1,96700.0,96033.0,96583.2,4255.26722093
2024-12-04 08:00:00+00:00,96583.2,96958.0,96000.0,96820.9,2403.28272675
2024-12-04 10:00:00+00:00,96820.8,96845.3,96200.0,96200.2,3173.23246705
2024-12-04 12:00:00+00:00,96200.3,96810.3,95360.6,95667.2,5031.42067805
2024-12-04 14:00:00+00:00,95667.2,96573.6,95200.0,95739.8,5877.48122513
2024-12-04 16:00:00+00:00,95746.4,95833.3,94509.4,95539.3,5237.94629753
2024-12-04 18:00:00+00:00,95539.3,97222.0,95191.4,97169.7,3400.36255439
2024-12-04 20:00:00+00:00,97169.7,99000.0,97071.7,97705.7,7041.54634118
2024-12-04 22:00:00+00:00,97705.7,98972.5,97546.0,98580.7,3820.54698959
2024-12-05 00:00:00+00:00,98580.7,98794.8,97362.0,98175.8,6089.35730776
2024-12-05 02:00:00+00:00,98175.9,104030.0,98134.8,102949.9,8120.29594403
2024-12-05 04:00:00+00:00,102949.9,103744.3,101800.2,102470.2,5344.57605412
2024-12-05 06:00:00+00:00,102470.2,102944.2,100400.0,102247.9,10888.03154568
2024-12-05 08:00:00+00:00,102247.9,104055.4,101675.8,102695.3,10811.39937526
2024-12-05 10:00:00+00:00,102695.2,103420.3,102000.0,102565.0,5444.73822462
2024-12-05 12:00:00+00:00,102565.1,103301.3,102000.0,102765.6,5091.45079221
2024-12-05 14:00:00+00:00,102765.6,103548.0,100656.8,101332.1,6425.20718946
2024-12-05 16:00:00+00:00,101308.1,102011.0,100015.1,101290.8,5015.9025135
2024-12-05 18:00:00+00:00,101290.8,101644.1,98672.4,99032.6,4638.43473374
2024-12-05 20:00:00+00:00,99026.0,99483.9,97900.0,98909.6,4208.69770391
2024-12-05 22:00:00+00:00,98906.7,99035.9,89901.0,96960.0,4319.69004022
2024-12-06 00:00:00+00:00,96960.0,98808.7,96200.0,98113.3,3437.57274364
2024-12-06 02:00:00+00:00,98113.4,98230.6,97050.0,97734.5,2969.76549002
2024-12-06 04:00:00+00:00,97745.4,98265.9,97225.4,97869.1,2653.17136527
2024-12-06 06:00:00+00:00,97869.1,98285.4,97463.2,98156.7,3032.82761578
2024-12-06 08:00:00+00:00,98149.7,98710.4,97509.0,97990.2,6047.61612802
2024-12-06 10:00:00+00:00,97990.1,98322.6,97465.7,98067.8,2767.24576406
2024-12-06 12:00:00+00:00,98059.0,98905.1,97225.4,98573.3,3637.83508851
2024-12-06 14:00:00+00:00,98588.0,99493.8,98355.9,99312.1,4678.86826331
2024-12-06 16:00:00+00:00,99312.2,101423.2,98666.6,100846.2,3723.89840927
2024-12-06 18:00:00+00:00,100849.0,101793.0,100603.1,101440.1,2975.79379711
2024-12-06 20:00:00+00:00,101440.0,101900.0,100312.0,100373.6,2436.05097539
2024-12-06 22:00:00+00:00,100373.7,100700.0,99015.0,99734.0,1561.29355443
2024-12-07 00:00:00+00:00,99734.0,100436.8,99481.4,100057.5,2172.5758601
2024-12-07 02:00:00+00:00,100050.4,100178.0,99280.2,99303.4,1695.85239854
2024-12-07 04:00:00+00:00,99303.4,99676.3,98856.0,99143.9,1597.72307734
2024-12-07 06:00:00+00:00,99148.0,99486.3,98800.0,99416.1,1666.21035175
2024-12-07 08:00:00+00:00,99396.9,99824.5,99252.0,99674.0,1511.92662188
2024-12-07 10:00:00+00:00,99660.5,99850.0,99285.7,99600.0,1298.34480153
2024-12-07 12:00:00+00:00,99600.1,99700.0,99288.6,99337.2,1485.74743263
2024-12-07 14:00:00+00:00,99337.2,99785.0,99022.2,99733.3,2131.84067508
2024-12-07 16:00:00+00:00,99733.4,99850.0,99375.9,99630.2,1758.15980783
2024-12-07 18:00:00+00:00,99630.3,100259.6,99334.0,100066.4,1775.09426647
2024-12-07 20:00:00+00:00,100066.4,100434.4,99692.1,99871.2,1575.73536169
2024-12-07 22:00:00+00:00,99871.3,100255.9,99600.0,99835.4,970.66962324
2024-12-08 00:00:00+00:00,99835.5,100135.2,99590.0,99842.8,1983.96482387
2024-12-08 02:00:00+00:00,99842.8,100323.2,99700.0,99924.6,1841.62332005
2024-12-08 04:00:00+00:00,99924.6,100086.7,99354.8,99535.0,2026.45959944
2024-12-08 06:00:00+00:00,99535.1,99900.0,99336.8,99664.9,1458.0137484
2024-12-08 08:00:00+00:00,99665.0,99718.3,98663.2,98883.5,2752.3083472
2024-12-08 10:00:00+00:00,98883.6,99835.9,98784.0,99689.8,1959.9370858
2024-12-08 12:00:00+00:00,99689.9,100500.0,99457.4,100394.6,2450.56640095
2024-12-08 14:00:00+00:00,100394.6,100408.5,99249.9,99907.1,2643.70762357
2024-12-08 16:00:00+00:00,99907.1,100108.4,99518.3,99940.1,1878.90821301
2024-12-08 18:00:00+00:00,99949.5,100192.0,99464.9,100100.0,1569.88558456
2024-12-08 20:00:00+00:00,100120.0,100165.4,99730.1,100032.9,1058.35012151
2024-12-08 22:00:00+00:00,100027.3,101362.0,99874.3,101107.5,1736.63794335
2024-12-09 00:00:00+00:00,101107.8,101219.9,99100.0,99534.4,2963.84720496
2024-12-09 02:00:00+00:00,99527.1,99745.7,98480.3,99099.9,3281.51583556
2024-12-09 04:00:00+00:00,99099.9,99550.0,98791.3,99435.7,2725.32394373
2024-12-09 06:00:00+00:00,99435.6,99740.0,98319.0,99576.1,3909.52118902
2024-12-09 08:00:00+00:00,99576.2,99696.6,98083.6,98410.6,13460.74918959
2024-12-09 10:00:00+00:00,98410.6,98916.6,97581.0,98085.7,23956.59670325
2024-12-09 12:00:00+00:00,98084.0,99200.1,97842.4,98996.7,3972.57559351
2024-12-09 14:00:00+00:00,98993.6,100427.4,97500.9,97800.0,6766.94536872
2024-12-09 16:00:00+00:00,97800.0,98404.2,97338.0,97372.6,5934.68984164
2024-12-09 18:00:00+00:00,97358.5,98307.6,97000.0,97071.9,4137.68196872
2024-12-09 20:00:00+00:00,97072.2,97547.9,94025.7,96897.4,6468.62023971
2024-12-09 22:00:00+00:00,96897.1,97524.0,94838.0,97268.9,3653.25474166
2024-12-10 00:00:00+00:00,97267.2,98200.0,96987.2,97937.5,5235.67196378
2024-12-10 02:00:00+00:00,97937.6,97947.5,95557.4,96923.0,7553.39089233
2024-12-10 04:00:00+00:00,96925.7,97120.6,95890.0,96935.9,3530.56628521
2024-12-10 06:00:00+00:00,96936.0,97500.0,96803.4,97197.3,3138.6946441
2024-12-10 08:00:00+00:00,97197.4,97676.6,96943.1,97489.1,3442.63524186
2024-12-10 10:00:00+00:00,97489.1,97916.6,97414.4,97720.5,2650.64023842
2024-12-10 12:00:00+00:00,97720.5,97915.5,96859.5,97715.4,4950.02430795
2024-12-10 14:00:00+00:00,97715.4,98263.8,95633.1,95637.9,6239.96570237
2024-12-10 16:00:00+00:00,95637.9,96494.7,94215.9,94484.0,6018.82620618
2024-12-10 18:00:00+00:00,94482.0,96165.9,94000.0,95844.1,3845.35832948
2024-12-10 20:00:00+00:00,95844.2,97200.0,95607.2,96847.9,3704.38959465
2024-12-10 22:00:00+00:00,96855.6,97124.2,96423.4,96593.2,1345.42561604
2024-12-11 00:00:00+00:00,96593.2,96839.7,95666.8,95755.2,4136.25325805
2024-12-11 02:00:00+00:00,95764.9,97629.9,95666.6,97389.5,4017.67609654
2024-12-11 04:00:00+00:00,97389.5,97664.8,97114.9,97480.0,2605.18542531
2024-12-11 06:00:00+00:00,97495.5,97989.8,97100.2,97331.9,2890.63165571
2024-12-11 08:00:00+00:00,97331.9,98500.0,97218.4,98008.2,11033.60425628
2024-12-11 10:00:00+00:00,98008.2,98550.0,97542.4,98294.0,14100.52933017
2024-12-11 12:00:00+00:00,98294.0,98863.6,98038.7,98748.0,4313.34703072
2024-12-11 14:00:00+00:00,98733.4,100789.9,98358.8,100374.3,7857.66099726
2024-12-11 16:00:00+00:00,100374.1,101084.1,99652.1,99776.7,6658.17818448
2024-12-11 18:00:00+00:00,99768.0,101148.0,99603.1,101125.5,4396.98268431
2024-12-11 20:00:00+00:00,101125.5,101666.6,100600.0,101505.4,3764.48146358
2024-12-11 22:00:00+00:00,101520.0,101884.0,101056.4,101117.3,1784.39041836
2024-12-12 00:00:00+00:00,101117.3,101192.0,100338.2,100502.3,3092.16424637
2024-12-12 02:00:00+00:00,100498.8,101824.9,100498.8,101035.2,3711.32977714
2024-12-12 04:00:00+00:00,101035.4,101192.9,100500.0,100624.6,3200.87057751
2024-12-12 06:00:00+00:00,100624.5,100822.2,100302.9,100491.1,3073.25894544
2024-12-12 08:00:00+00:00,100491.2,101125.0,100302.9,100803.2,1765.37902744
2024-12-12 10:00:00+00:00,100803.3,100816.3,100000.0,100364.2,836.15859804
2024-12-12 12:00:00+00:00,100364.1,101618.7,100201.6,100905.6,824.64975329
2024-12-12 14:00:00+00:00,100912.0,101858.2,100501.0,101795.4,853.49847364
2024-12-12 16:00:00+00:00,101795.5,102638.0,101088.6,101615.3,1079.83099119
2024-12-12 18:00:00+00:00,101615.5,101725.7,99312.8,99494.5,522.90772435
2024-12-12 20:00:00+00:00,99485.4,100400.0,99280.3,99743.7,273.62140701
2024-12-12 22:00:00+00:00,99743.7,100500.0,99439.2,100001.1,330.43260807
2024-12-13 00:00:00+00:00,100001.2,100570.3,99205.0,99332.5,434.86250154
2024-12-13 02:00:00+00:00,99332.5,99806.2,99137.8,99738.3,406.60848375
2024-12-13 04:00:00+00:00,99738.4,100200.0,99600.0,99887.4,408.95973785
2024-12-13 06:00:00+00:00,99887.4,100237.7,99502.2,100140.1,539.82227129
2024-12-13 08:00:00+00:00,100140.2,100373.8,99806.2,100112.0,686.14312986
2024-12-13 10:00:00+00:00,100112.0,100565.2,99900.0,100356.0,1905.73538003
2024-12-13 12:00:00+00:00,100356.1,100533.2,99833.4,100291.1,2619.85857936
2024-12-13 14:00:00+00:00,100291.1,101500.0,99749.9,99870.9,5514.32406981
2024-12-13 16:00:00+00:00,99872.7,101800.0,99627.8,101751.1,6097.15671891
2024-12-13 18:00:00+00:00,101761.2,101906.3,101213.8,101457.8,3910.85186461
2024-12-13 20:00:00+00:00,101483.3,101886.7,101038.1,101303.3,2769.28807157
2024-12-13 22:00:00+00:00,101303.3,101527.6,101009.2,101418.6,1087.31192092
2024-12-14 00:00:00+00:00,101418.6,102660.0,101140.9,102166.5,2880.89163593
2024-12-14 02:00:00+00:00,102166.5,102353.4,101500.0,102080.0,1439.14186341
2024-12-14 04:00:00+00:00,102080.1,102160.1,101586.3,101730.9,1317.55756478
2024-12-14 06:00:00+00:00,101730.9,102000.0,101498.8,101811.6,1176.92580252
2024-12-14 08:00:00+00:00,101811.6,101870.0,101287.7,101550.0,1169.14942085
2024-12-14 10:00:00+00:00,101550.0,101709.5,101311.9,101590.1,1205.08456205
2024-12-14 12:00:00+00:00,101589.3,101653.3,100812.7,101176.2,1919.8085943
2024-12-14 14:00:00+00:00,101176.3,101744.9,101144.6,101624.2,1549.65206008
2024-12-14 16:00:00+00:00,101624.3,101734.3,100884.0,100983.4,1692.28256055
2024-12-14 18:00:00+00:00,100983.4,101364.2,100789.6,101330.1,1917.43138428
2024-12-14 20:00:00+00:00,101330.1,101427.7,100603.1,101079.3,1704.66352477
2024-12-14 22:00:00+00:00,101079.4,101493.6,100899.1,101421.4,1098.71907036
2024-12-15 00:00:00+00:00,101421.6,102189.9,101218.7,102129.4,2113.22020989
2024-12-15 02:00:00+00:00,102124.4,102189.9,101500.0,101733.2,2156.54538682
2024-12-15 04:00:00+00:00,101733.2,102854.3,101733.2,102157.4,2303.99975679
2024-12-15 06:00:00+00:00,102157.5,102201.0,101414.6,101732.9,2303.39541944
2024-12-15 08:00:00+00:00,101733.0,102280.6,101562.5,102261.9,1673.32853162
2024-12-15 10:00:00+00:00,102261.9,102681.3,102133.3,102653.5,1833.56722049
2024-12-15 12:00:00+00:00,102653.4,103342.1,102337.5,102778.1,3657.2036343
2024-12-15 14:00:00+00:00,102782.9,103062.3,102427.0,102696.9,2650.43712005
2024-12-15 16:00:00+00:00,102696.9,103500.0,102571.7,103162.2,2621.43628704
2024-12-15 18:00:00+00:00,103162.2,103454.5,102985.5,103258.9,1722.20962739
2024-12-15 20:00:00+00:00,103258.8,103412.7,102625.6,102858.8,2018.27095521
2024-12-15 22:00:00+00:00,102858.9,105326.9,102442.7,104461.9,2952.59380191
2024-12-16 00:00:00+00:00,104462.1,106666.0,104078.8,105535.0,4861.44721155
2024-12-16 02:00:00+00:00,105548.4,105640.3,104181.2,104588.6,3406.47508265
2024-12-16 04:00:00+00:00,104588.6,105073.6,104475.9,105023.4,2589.35083538
2024-12-16 06:00:00+00:00,105023.3,105416.7,104880.8,104977.2,2554.91884699
2024-12-16 08:00:00+00:00,104973.9,105347.2,104315.2,104684.7,2434.67235764
2024-12-16 10:00:00+00:00,104684.8,104846.1,103315.1,103766.7,2727.90800839
2024-12-16 12:00:00+00:00,103767.1,104145.9,103332.9,103900.0,3008.09567785
2024-12-16 14:00:00+00:00,103900.0,106495.3,103705.3,106333.9,4592.00359339
2024-12-16 16:00:00+00:00,106333.3,107398.7,105979.0,107075.7,4592.36233836
2024-12-16 18:00:00+00:00,107075.8,107790.0,105647.1,106591.1,3889.33467488
2024-12-16 20:00:00+00:00,106591.1,106661.1,105583.9,106050.9,2439.89623752
2024-12-16 22:00:00+00:00,106050.9,106309.3,105463.9,106066.0,1892.74657431
2024-12-17 00:00:00+00:00,106066.0,106495.3,105672.0,106376.5,3356.69470904
2024-12-17 02:00:00+00:00,106376.6,106987.6,106205.5,106874.6,2096.62389735
2024-12-17 04:00:00+00:00,106874.6,106964.1,106196.5,106832.1,1444.44930867
2024-12-17 06:00:00+00:00,106827.9,107128.7,106376.1,106810.4,3937.34637107
2024-12-17 08:00:00+00:00,106810.5,107500.0,106751.7,107306.8,3619.85170094
2024-12-17 10:00:00+00:00,107306.9,107592.9,106556.2,106804.9,2998.05720213
2024-12-17 12:00:00+00:00,106805.0,107600.1,106536.4,107295.5,2829.94259806
2024-12-17 14:00:00+00:00,107295.6,108400.0,105729.2,106471.0,6646.94237856
2024-12-17 16:00:00+00:00,106471.1,107650.8,105873.1,107117.6,1160.5368393
2024-12-17 18:00:00+00:00,107111.1,107631.4,106117.6,106477.1,558.72425094
2024-12-17 20:00:00+00:00,106493.8,107000.0,106000.0,106481.4,488.90028883
2024-12-17 22:00:00+00:00,106411.4,106538.0,105030.3,106130.0,489.49950239
2024-12-18 00:00:00+00:00,106130.0,106500.0,104750.3,105366.9,1529.2976843
2024-12-18 02:00:00+00:00,105367.9,105649.2,104500.0,104760.0,2444.84886516
2024-12-18 04:00:00+00:00,104760.1,104866.1,103265.6,103568.1,3302.30567062
2024-12-18 06:00:00+00:00,103568.1,104625.0,103135.0,104235.5,3818.28580092
2024-12-18 08:00:00+00:00,104235.4,104375.0,103727.3,104032.7,2633.46614944
2024-12-18 10:00:00+00:00,104032.6,105028.0,103964.1,105018.2,2531.25738779
2024-12-18 12:00:00+00:00,105011.9,105355.9,104407.2,104564.6,4140.02082254
2024-12-18 14:00:00+00:00,104564.7,104866.5,103467.5,104422.9,5105.20899413
2024-12-18 16:00:00+00:00,104427.3,104826.7,103400.0,104656.0,4421.49291144
2024-12-18 18:00:00+00:00,104656.0,104979.6,102828.4,102839.4,4434.35761529
2024-12-18 20:00:00+00:00,102828.0,102980.9,100099.9,101018.0,4701.99627788
2024-12-18 22:00:00+00:00,101018.0,101518.2,100000.1,100203.9,1649.70886586
2024-12-19 00:00:00+00:00,100199.9,100999.9,99620.7,99774.0,4450.83083194
2024-12-19 02:00:00+00:00,99774.0,101287.9,98622.6,101194.4,6481.28012652
2024-12-19 04:00:00+00:00,101175.3,101425.9,100620.0,101294.1,3822.56696509
2024-12-19 06:00:00+00:00,101294.1,101722.4,100600.0,101657.9,3537.24990698
2024-12-19 08:00:00+00:00,101658.0,101866.1,101364.3,101807.7,3819.53509702
2024-12-19 10:00:00+00:00,101811.9,102750.0,101774.3,102459.9,3724.88040208
2024-12-19 12:00:00+00:00,102459.9,102576.0,101435.5,101955.5,5520.39394094
2024-12-19 14:00:00+00:00,101955.4,102800.0,99350.0,100700.8,7826.00695884
2024-12-19 16:00:00+00:00,100676.2,101199.9,97460.2,98852.0,6582.68805086
2024-12-19 18:00:00+00:00,98850.0,99061.6,96009.0,97212.1,6970.97215616
2024-12-19 20:00:00+00:00,97212.4,98044.0,95617.6,97407.3,5038.7474739
2024-12-19 22:00:00+00:00,97407.2,98399.4,97200.0,97458.0,2339.45581169
2024-12-20 00:00:00+00:00,97458.1,97815.9,96000.0,96317.7,4561.44292739
2024-12-20 02:00:00+00:00,96315.8,97809.5,96000.0,97116.5,3259.63065444
2024-12-20 04:00:00+00:00,97113.0,97842.9,96528.6,96734.3,3946.0095795
2024-12-20 06:00:00+00:00,96734.5,98240.8,96289.2,97816.5,4617.0083239
2024-12-20 08:00:00+00:00,97816.5,97867.9,94684.8,94813.6,5496.58299192
2024-12-20 10:00:00+00:00,94813.6,95105.3,92425.8,92736.5,6942.51535027
2024-12-20 12:00:00+00:00,92736.5,96000.0,92287.2,95188.0,5846.37297626
2024-12-20 14:00:00+00:00,95197.3,97558.3,94584.5,96992.5,5224.2660294
2024-12-20 16:00:00+00:00,96988.9,97682.7,96314.1,97201.9,3960.70406442
2024-12-20 18:00:00+00:00,97202.0,97707.7,96605.1,97090.3,3923.10073756
2024-12-20 20:00:00+00:00,97116.7,97226.9,95242.6,96620.9,3285.4688832
2024-12-20 22:00:00+00:00,96620.9,97820.1,96451.6,97809.1,1418.88808562
2024-12-21 00:00:00+00:00,97809.2,97821.1,97187.5,97352.7,2714.01734266
2024-12-21 02:00:00+00:00,97359.2,97605.6,97185.0,97494.1,2233.67753426
2024-12-21 04:00:00+00:00,97494.1,98692.0,97149.0,98684.8,2364.71121793
2024-12-21 06:00:00+00:00,98684.9,99540.9,98301.7,99025.2,2818.54696283
2024-12-21 08:00:00+00:00,99031.6,99190.0,98236.3,98562.3,2923.88647369
2024-12-21 10:00:00+00:00,98562.4,98648.1,97787.2,98265.2,2604.05821285
2024-12-21 12:00:00+00:00,98265.2,98322.4,96284.8,97339.0,3622.94579696
2024-12-21 14:00:00+00:00,97333.3,97756.9,96956.5,97524.1,2810.99788272
2024-12-21 16:00:00+00:00,97524.1,97718.8,96857.1,97597.5,2882.64916143
2024-12-21 18:00:00+00:00,97597.5,97727.1,96770.9,97276.3,2248.21519318
2024-12-21 20:00:00+00:00,97276.3,98043.9,96533.3,96891.4,1768.58847141
2024-12-21 22:00:00+00:00,96882.2,97384.8,96500.7,97277.4,1192.46034608
2024-12-22 00:00:00+00:00,97289.2,97451.7,96514.7,97050.0,2435.41178769
2024-12-22 02:00:00+00:00,97050.0,97319.9,96562.5,96985.4,1968.89792937
2024-12-22 04:00:00+00:00,96989.3,97078.7,95800.0,96160.1,2067.17501681
2024-12-22 06:00:00+00:00,96160.1,96843.6,95718.8,96192.0,1526.88751713
2024-12-22 08:00:00+00:00,96199.6,97250.0,96194.1,96938.1,1583.43099702
2024-12-22 10:00:00+00:00,96938.1,97349.6,96847.1,97093.1,1285.18131463
2024-12-22 12:00:00+00:00,97093.2,97300.0,96843.0,96987.9,1595.04478657
2024-12-22 14:00:00+00:00,96988.0,97070.5,95140.8,95370.8,3111.52180112
2024-12-22 16:00:00+00:00,95370.9,95865.3,95166.6,95615.5,2040.33100927
2024-12-22 18:00:00+00:00,95615.6,96442.6,94685.6,94829.3,2145.73211402
2024-12-22 20:00:00+00:00,94831.8,95741.4,94343.5,95206.5,1754.96436848
2024-12-22 22:00:00+00:00,95206.5,95822.8,94152.7,95173.4,1394.02596835
2024-12-23 00:00:00+00:00,95173.4,95416.3,93609.5,94451.7,2746.09741592
2024-12-23 02:00:00+00:00,94459.7,96035.3,93695.6,96014.6,2875.80619136
2024-12-23 04:00:00+00:00,96014.2,96519.0,95337.2,95618.0,2239.96427315
2024-12-23 06:00:00+00:00,95616.1,95672.3,94703.7,95410.4,2389.59929376
2024-12-23 08:00:00+00:00,95410.4,96379.5,95040.0,96011.4,2057.53196063
2024-12-23 10:00:00+00:00,96011.5,96537.4,95813.7,95934.0,1681.28097402
2024-12-23 12:00:00+00:00,95924.1,96409.7,94832.0,94920.2,1971.56613522
2024-12-23 14:00:00+00:00,94920.1,95620.5,93115.4,93265.8,4096.63636327
2024-12-23 16:00:00+00:00,93256.3,94485.4,92942.3,93374.5,4179.67478109
2024-12-23 18:00:00+00:00,93374.5,93874.0,92597.1,93045.5,2696.12957404
2024-12-23 20:00:00+00:00,93011.5,94299.8,92528.0,93964.2,2669.74018711
2024-12-23 22:00:00+00:00,93966.2,95512.8,93894.8,94884.0,1828.76896063
2024-12-24 00:00:00+00:00,94884.0,94900.0,93900.0,94115.8,1640.54151138
2024-12-24 02:00:00+00:00,94115.9,94400.0,93380.8,94359.2,1528.00824199
2024-12-24 04:00:00+00:00,94359.2,94680.0,94051.4,94599.9,1259.81222443
2024-12-24 06:00:00+00:00,94599.9,94628.5,93811.4,94224.6,1332.78563556
2024-12-24 08:00:00+00:00,94224.6,94632.0,93949.1,94086.8,1472.91019137
2024-12-24 10:00:00+00:00,94061.8,94423.8,93840.0,94396.1,1438.97327096
2024-12-24 12:00:00+00:00,94390.0,96080.1,94071.5,96067.9,1790.59501565
2024-12-24 14:00:00+00:00,96080.0,98313.5,95770.9,98304.1,3343.19906874
2024-12-24 16:00:00+00:00,98306.4,99025.9,97940.1,98785.7,2923.38661187
2024-12-24 18:00:00+00:00,98785.7,99480.3,97555.8,97603.6,1967.86555743
2024-12-24 20:00:00+00:00,97603.6,98460.7,97277.1,98395.0,1479.19607512
2024-12-24 22:00:00+00:00,98395.0,99077.3,98344.2,98664.8,882.79781464
2024-12-25 00:00:00+00:00,98664.7,98881.4,97915.0,97986.3,1142.41073802
2024-12-25 02:00:00+00:00,97986.3,98367.8,97722.9,98033.3,1355.5041121
2024-12-25 04:00:00+00:00,98033.3,98364.1,97883.6,98282.2,845.50025886
2024-12-25 06:00:00+00:00,98282.2,98586.4,97851.5,98085.0,1636.94026413
2024-12-25 08:00:00+00:00,98085.1,98275.4,97925.0,98187.4,1197.6319235
2024-12-25 10:00:00+00:00,98187.5,99340.0,97787.2,97875.9,2558.70904691
2024-12-25 12:00:00+00:00,97898.6,98620.0,97638.6,98464.5,2230.02643009
2024-12-25 14:00:00+00:00,98464.5,98838.0,98206.2,98527.7,2019.99982937
2024-12-25 16:00:00+00:00,98527.8,98714.2,97952.9,98581.2,1377.43986585
2024-12-25 18:00:00+00:00,98572.1,99300.0,98361.7,99018.8,1512.71790225
2024-12-25 20:00:00+00:00,99018.8,99556.8,98373.8,98512.0,1581.33188686
2024-12-25 22:00:00+00:00,98512.0,99568.1,98436.0,99452.6,995.05070561
2024-12-26 00:00:00+00:00,99440.4,99968.2,98469.3,99063.1,1902.20751402
2024-12-26 02:00:00+00:00,99063.5,99214.1,98440.4,99000.0,1458.84655391
2024-12-26 04:00:00+00:00,99000.1,99031.1,98052.7,98375.3,1876.76417957
2024-12-26 06:00:00+00:00,98375.2,98479.9,97608.6,97735.3,1390.44535618
2024-12-26 08:00:00+00:00,97735.3,97800.0,95288.6,95439.4,2864.61263838
2024-12-26 10:00:00+00:00,95439.4,96087.0,95200.0,95692.2,2025.73263298
2024-12-26 12:00:00+00:00,95692.2,95876.1,95198.2,95702.2,2101.18199199
2024-12-26 14:00:00+00:00,95700.6,96283.5,95198.2,96046.5,2653.03842789
2024-12-26 16:00:00+00:00,96046.5,96617.1,95603.6,95808.0,2154.08573151
2024-12-26 18:00:00+00:00,95808.0,96195.4,95244.0,96103.6,1766.39335093
2024-12-26 20:00:00+00:00,96103.6,96159.8,95216.9,95813.2,1355.27229742
2024-12-26 22:00:00+00:00,95813.2,95968.3,95369.4,95789.2,828.87588003
2024-12-27 00:00:00+00:00,95777.8,96242.0,95395.8,95916.1,1253.05353909
2024-12-27 02:00:00+00:00,95917.6,96445.0,95710.6,96430.8,1490.42801795
2024-12-27 04:00:00+00:00,96430.3,96783.3,95993.0,96250.0,1211.91135755
2024-12-27 06:00:00+00:00,96250.1,96595.7,94660.8,95095.3,2191.79057086
2024-12-27 08:00:00+00:00,95099.9,97619.0,95096.0,96785.2,1866.70478963
2024-12-27 10:00:00+00:00,96785.3,97200.0,96113.0,96954.4,1747.52675399
2024-12-27 12:00:00+00:00,96953.9,97037.0,96100.0,96416.1,1611.01922866
2024-12-27 14:00:00+00:00,96408.1,96485.8,94000.0,94566.7,2650.24966788
2024-12-27 16:00:00+00:00,94575.0,94999.9,93500.0,94287.9,2608.44105662
2024-12-27 18:00:00+00:00,94287.9,94800.0,94172.8,94728.2,1562.42980535
2024-12-27 20:00:00+00:00,94749.1,94826.6,94279.1,94533.1,1420.48340742
2024-12-27 22:00:00+00:00,94533.2,94682.7,94131.1,94303.6,897.45840469
2024-12-28 00:00:00+00:00,94303.6,94601.0,94133.3,94548.8,1280.13299381
2024-12-28 02:00:00+00:00,94548.9,94714.8,94166.6,94589.4,925.46214034
2024-12-28 04:00:00+00:00,94589.5,94792.3,94450.0,94624.6,848.85675494
2024-12-28 06:00:00+00:00,94624.7,94731.5,94304.2,94385.9,1061.77704388
2024-12-28 08:00:00+00:00,94385.9,94685.8,94308.0,94579.2,810.31178893
2024-12-28 10:00:00+00:00,94579.2,94892.6,94489.0,94756.9,933.62182611
2024-12-28 12:00:00+00:00,94756.8,94883.1,94466.9,94671.0,1181.24790404
2024-12-28 14:00:00+00:00,94671.0,95322.5,94368.5,94444.1,1859.91338443
2024-12-28 16:00:00+00:00,94444.0,95250.0,94347.8,95023.0,1674.04514663
2024-12-28 18:00:00+00:00,95023.1,95149.8,94709.5,95040.5,975.46874353
2024-12-28 20:00:00+00:00,95040.6,95232.0,94871.7,95166.5,576.12351983
2024-12-28 22:00:00+00:00,95166.5,95736.6,95039.1,95305.3,734.88703791
2024-12-29 00:00:00+00:00,95304.1,95346.6,94812.0,94856.6,1022.89169582
2024-12-29 02:00:00+00:00,94856.6,95290.2,94848.0,95172.0,773.70790229
2024-12-29 04:00:00+00:00,95171.9,95281.2,95035.1,95124.2,572.51836718
2024-12-29 06:00:00+00:00,95124.2,95285.8,94778.1,95265.9,1029.18974585
2024-12-29 08:00:00+00:00,95266.0,95307.9,95043.6,95184.9,904.87493029
2024-12-29 10:00:00+00:00,95184.9,95280.0,94999.9,95020.6,620.0111644
2024-12-29 12:00:00+00:00,95020.6,95133.2,94805.9,94930.5,905.97179176
2024-12-29 14:00:00+00:00,94930.5,95400.0,94013.6,94505.5,1985.14147168
2024-12-29 16:00:00+00:00,94505.5,94666.6,93500.0,93932.0,1853.83727202
2024-12-29 18:00:00+00:00,93932.0,94000.0,93423.0,93608.1,1104.09196877
2024-12-29 20:00:00+00:00,93612.6,93944.7,93125.0,93357.4,871.44021571
2024-12-29 22:00:00+00:00,93357.5,93864.1,93011.6,93737.5,1311.07343783
2024-12-30 00:00:00+00:00,93737.6,94281.2,93200.0,93955.7,1816.32305947
2024-12-30 02:00:00+00:00,93952.1,94088.8,93388.0,93737.0,1711.09075798
2024-12-30 04:00:00+00:00,93721.3,93984.0,93233.5,93581.0,1393.04152128
2024-12-30 06:00:00+00:00,93582.5,94054.4,93334.2,93734.9,1351.66010512
2024-12-30 08:00:00+00:00,93734.9,94020.8,93505.0,93880.1,1368.06065566
2024-12-30 10:00:00+00:00,93880.1,94052.0,93471.5,93930.8,1189.91242926
2024-12-30 12:00:00+00:00,93930.8,94279.6,92599.1,92690.9,6218.94997067
2024-12-30 14:00:00+00:00,92690.8,93144.5,91500.0,92123.0,3826.05541532
2024-12-30 16:00:00+00:00,92123.0,94187.5,91689.2,93839.3,3317.17173859
2024-12-30 18:00:00+00:00,93833.3,94804.9,93366.3,94418.5,3202.11780452
2024-12-30 20:00:00+00:00,94418.5,95020.8,91831.8,92069.7,2334.19625463
2024-12-30 22:00:00+00:00,92069.7,93024.9,91935.8,92796.3,1480.67454924
2024-12-31 00:00:00+00:00,92796.3,92905.1,92035.8,92424.1,2076.84765473
2024-12-31 02:00:00+00:00,92424.1,92709.3,92231.7,92513.6,1495.7534105
2024-12-31 04:00:00+00:00,92513.6,92822.7,92350.0,92602.0,1209.71559131
2024-12-31 06:00:00+00:00,92602.0,93028.0,92575.1,92853.2,1868.11250333
2024-12-31 08:00:00+00:00,92853.3,94731.4,92832.1,94022.9,2401.14931179
2024-12-31 10:00:00+00:00,94022.9,94301.7,93608.9,94228.0,1650.68104522
2024-12-31 12:00:00+00:00,94225.4,96119.3,93992.0,95583.9,3139.59921964
2024-12-31 14:00:00+00:00,95584.0,96249.2,94936.2,95417.9,3344.79674604
2024-12-31 16:00:00+00:00,95417.9,95590.0,93204.1,94128.2,2594.4138612
2024-12-31 18:00:00+00:00,94129.0,94403.7,93706.9,94170.7,1935.85311668
2024-12-31 20:00:00+00:00,94170.8,94220.0,93297.3,93892.7,1538.02101502
2024-12-31 22:00:00+00:00,93892.6,93892.7,93230.5,93585.1,583.30466006
2025-01-01 00:00:00+00:00,93585.1,94489.5,93500.0,93604.7,1075.13474445
2025-01-01 02:00:00+00:00,93604.7,94105.8,93588.1,93835.3,804.26983768
2025-01-01 04:00:00+00:00,93835.3,93937.3,93531.3,93788.5,826.71687553
2025-01-01 06:00:00+00:00,93788.5,93822.7,93565.7,93683.9,650.61558414
2025-01-01 08:00:00+00:00,93683.9,93761.3,92906.2,93408.6,1196.02044556
2025-01-01 10:00:00+00:00,93408.7,93727.4,93198.1,93456.1,1151.12913819
2025-01-01 12:00:00+00:00,93456.1,94076.0,93402.9,94038.8,1450.03271941
2025-01-01 14:00:00+00:00,94038.8,94518.0,93666.0,94442.9,1824.8186753
2025-01-01 16:00:00+00:00,94443.0,94505.0,93666.0,94142.1,1287.93156634
2025-01-01 18:00:00+00:00,94139.3,94828.4,93932.1,94630.0,1039.2353276
2025-01-01 20:00:00+00:00,94630.0,95171.6,94589.9,94975.0,814.69625206
2025-01-01 22:00:00+00:00,94974.2,94999.9,94349.2,94589.5,776.59277439
2025-01-02 00:00:00+00:00,94589.5,95526.1,94390.5,94865.5,1645.97765131
2025-01-02 02:00:00+00:00,94865.5,95426.0,94621.2,94996.3,1071.46664946
2025-01-02 04:00:00+00:00,94996.3,96000.0,94965.0,95586.4,1396.50303566
2025-01-02 06:00:00+00:00,95586.5,95886.2,95388.2,95825.9,1145.05460786
2025-01-02 08:00:00+00:00,95825.9,96797.0,95547.5,96734.8,1509.81550313
2025-01-02 10:00:00+00:00,96734.9,96880.0,96465.9,96739.0,1353.72408714
2025-01-02 12:00:00+00:00,96739.1,96955.1,96439.5,96460.2,1518.55994169
2025-01-02 14:00:00+00:00,96460.2,97388.3,95766.8,96456.2,3059.20535127
2025-01-02 16:00:00+00:00,96476.5,97646.6,96070.3,96757.7,2558.80764922
2025-01-02 18:00:00+00:00,96757.7,97777.0,96400.0,97324.4,1705.97557454
2025-01-02 20:00:00+00:00,97324.4,97841.5,97042.3,97212.2,1012.10889465
2025-01-02 22:00:00+00:00,97212.2,97223.3,96690.2,96988.3,676.02321644
2025-01-03 00:00:00+00:00,96988.4,97073.3,96650.0,97000.1,831.33607384
2025-01-03 02:00:00+00:00,97000.0,97346.6,96834.2,97068.3,970.80774264
2025-01-03 04:00:00+00:00,97068.4,97096.7,96590.3,96763.9,808.23305089
2025-01-03 06:00:00+00:00,96763.8,96916.0,96288.1,96311.5,1166.20376721
2025-01-03 08:00:00+00:00,96311.6,96705.8,96100.0,96541.9,1277.34350688
2025-01-03 10:00:00+00:00,96541.9,96840.8,96239.0,96767.6,1030.86581915
2025-01-03 12:00:00+00:00,96767.6,96931.5,96488.0,96508.2,1479.89988922
2025-01-03 14:00:00+00:00,96508.3,97649.7,96193.4,97525.1,3138.45563949
2025-01-03 16:00:00+00:00,97528.7,98447.4,97397.8,98026.7,2815.59310693
2025-01-03 18:00:00+00:00,98026.7,98966.6,97993.3,98600.0,1652.57498079
2025-01-03 20:00:00+00:00,98600.0,98758.2,98069.3,98269.5,1737.11674764
2025-01-03 22:00:00+00:00,98269.5,98519.9,98078.2,98183.2,626.95106123
2025-01-04 00:00:00+00:00,98183.3,98293.0,97789.9,98035.4,785.13316347
2025-01-04 02:00:00+00:00,98035.4,98315.5,97841.6,98194.0,767.91336602
2025-01-04 04:00:00+00:00,98194.0,98226.6,97865.6,98128.4,786.45264113
2025-01-04 06:00:00+00:00,98128.4,98334.4,98044.8,98273.3,715.57923957
2025-01-04 08:00:00+00:00,98268.9,98300.0,97576.9,97695.2,966.20092591
2025-01-04 10:00:00+00:00,97695.2,97933.2,97580.6,97895.5,835.9805642
2025-01-04 12:00:00+00:00,97895.5,98081.5,97750.0,97993.0,1233.20005776
2025-01-04 14:00:00+00:00,97993.0,98167.9,97530.5,97665.2,1685.80472701
2025-01-04 16:00:00+00:00,97665.2,98050.0,97566.8,98021.3,1185.69105355
2025-01-04 18:00:00+00:00,98021.3,98351.4,97904.8,98162.6,944.07107309
2025-01-04 20:00:00+00:00,98162.7,98781.2,98162.7,98366.6,1058.55617253
2025-01-04 22:00:00+00:00,98366.6,98492.2,98152.0,98221.9,396.89785115
2025-01-05 00:00:00+00:00,98221.9,98392.8,98044.4,98131.5,660.26991239
2025-01-05 02:00:00+00:00,98131.6,98238.6,98063.0,98188.9,543.19774305
2025-01-05 04:00:00+00:00,98188.9,98528.4,98188.8,98346.4,657.00445744
2025-01-05 06:00:00+00:00,98346.3,98506.6,98261.4,98267.2,728.31006095
2025-01-05 08:00:00+00:00,98267.2,98292.6,97626.6,97651.3,1644.15933485
2025-01-05 10:00:00+00:00,97651.3,97826.1,97590.9,97642.0,972.15872025
2025-01-05 12:00:00+00:00,97642.0,98021.7,97561.8,97695.3,1210.30835359
2025-01-05 14:00:00+00:00,97695.4,98277.5,97083.3,98029.9,1455.57941943
2025-01-05 16:00:00+00:00,98029.9,98331.4,97659.9,97735.3,1038.93286652
2025-01-05 18:00:00+00:00,97735.3,98128.0,97576.9,98078.3,622.54218226
2025-01-05 20:00:00+00:00,98078.4,98675.7,98008.3,98490.6,625.5715114
2025-01-05 22:00:00+00:00,98490.6,98837.1,98175.0,98363.9,585.19564722
2025-01-06 00:00:00+00:00,98363.9,98821.0,97924.1,98757.9,1164.67743296
2025-01-06 02:00:00+00:00,98757.9,99300.0,98500.0,99026.9,1549.89765577
2025-01-06 04:00:00+00:00,99035.1,99895.9,99035.0,99595.9,1208.81311131
2025-01-06 06:00:00+00:00,99610.1,99758.9,99058.8,99317.6,1366.01280282
2025-01-06 08:00:00+00:00,99317.6,99632.7,98900.0,99000.0,1133.04188026
2025-01-06 10:00:00+00:00,99000.0,99400.0,98703.0,99259.4,1327.88237763
2025-01-06 12:00:00+00:00,99259.5,99724.3,98910.9,99498.8,1724.6114058
2025-01-06 14:00:00+00:00,99498.8,102469.5,98720.5,102134.9,4698.04403397
2025-01-06 16:00:00+00:00,102135.0,102479.3,101255.0,101827.9,2599.24834014
2025-01-06 18:00:00+00:00,101830.8,102055.2,101569.9,101805.0,1369.85438867
2025-01-06 20:00:00+00:00,101807.3,102329.9,101589.7,101607.7,2042.84186635
2025-01-06 22:00:00+00:00,101607.7,102240.9,101400.0,102233.3,1069.34077698
2025-01-07 00:00:00+00:00,102224.5,102724.5,101685.2,101907.0,1476.22675465
2025-01-07 02:00:00+00:00,101906.9,102018.7,101509.0,101703.1,1019.36153846
2025-01-07 04:00:00+00:00,101703.2,101940.0,101544.2,101732.5,1033.73434117
2025-01-07 06:00:00+00:00,101732.4,102019.9,101586.3,101675.8,1127.46506073
2025-01-07 08:00:00+00:00,101675.8,101999.7,101614.0,101723.3,1235.81198625
2025-01-07 10:00:00+00:00,101723.2,101723.3,100379.1,100850.0,1744.99286991
2025-01-07 12:00:00+00:00,100839.9,100965.1,100500.1,100638.0,1621.27307312
2025-01-07 14:00:00+00:00,100638.0,100874.0,97125.1,97942.8,3949.17810405
2025-01-07 16:00:00+00:00,97942.9,98332.2,96506.7,97273.4,3037.44407385
2025-01-07 18:00:00+00:00,97273.5,97545.2,96018.3,96450.1,2325.93605987
2025-01-07 20:00:00+00:00,96451.9,97090.2,96054.4,96510.8,1943.63441369
2025-01-07 22:00:00+00:00,96510.9,97215.4,96407.5,96957.9,1124.66890819
2025-01-08 00:00:00+00:00,96957.9,97278.8,96600.0,96921.5,1630.94206023
2025-01-08 02:00:00+00:00,96909.9,97175.0,96163.3,96526.7,1655.36219167
2025-01-08 04:00:00+00:00,96526.7,96645.3,96000.0,96481.2,1647.74598478
2025-01-08 06:00:00+00:00,96484.4,96625.1,95233.4,95658.7,2419.36748072
2025-01-08 08:00:00+00:00,95658.7,96106.4,95413.8,95435.1,862.73540343
2025-01-08 10:00:00+00:00,95430.9,96058.5,94552.2,95133.7,1786.44167945
2025-01-08 12:00:00+00:00,95136.4,95720.0,94839.6,95388.1,2352.08868838
2025-01-08 14:00:00+00:00,95388.1,96115.3,94595.0,95472.5,3085.61770748
2025-01-08 16:00:00+00:00,95481.5,95489.3,92466.1,94026.6,3422.61244216
2025-01-08 18:00:00+00:00,94026.5,95105.9,93600.0,94248.6,2684.99932205
2025-01-08 20:00:00+00:00,94248.6,94583.3,93553.6,94460.5,1934.90833366
2025-01-08 22:00:00+00:00,94460.6,95289.6,94451.5,95065.9,886.9272447
2025-01-09 00:00:00+00:00,95060.2,95381.0,94803.5,94990.5,1058.75218876
2025-01-09 02:00:00+00:00,94990.5,95036.8,93449.9,94022.4,2012.77405585
2025-01-09 04:00:00+00:00,94022.4,94565.9,93798.4,94472.1,1735.66504684
2025-01-09 06:00:00+00:00,94472.1,94624.1,93200.0,93206.1,2127.75271277
2025-01-09 08:00:00+00:00,93222.0,93734.5,92666.6,93519.8,2299.06270019
2025-01-09 10:00:00+00:00,93514.1,93868.4,93023.9,93466.6,1663.71333932
2025-01-09 12:00:00+00:00,93466.6,93695.5,91904.3,91989.6,2024.69215143
2025-01-09 14:00:00+00:00,91986.4,94578.2,91800.0,94238.0,2968.72815909
2025-01-09 16:00:00+00:00,94247.1,94692.8,92300.2,92690.0,2164.1677105
2025-01-09 18:00:00+00:00,92690.0,93295.9,91900.3,91900.3,1317.37461573
2025-01-09 20:00:00+00:00,91900.2,92484.6,91200.0,92109.3,594.14576524
2025-01-09 22:00:00+00:00,92151.9,92716.4,91482.1,92553.0,377.62828305
2025-01-10 00:00:00+00:00,92553.0,93163.3,92365.1,93108.9,479.97413949
2025-01-10 02:00:00+00:00,93108.9,93824.0,93000.0,93720.1,480.66663615
2025-01-10 04:00:00+00:00,93720.1,94312.4,93500.0,93968.8,550.40295723
2025-01-10 06:00:00+00:00,93968.8,94989.9,93733.4,94512.1,2710.5950533
2025-01-10 08:00:00+00:00,94498.0,94981.0,94342.0,94787.7,1134.27559919
2025-01-10 10:00:00+00:00,94787.7,95263.2,94349.2,95071.1,1864.81440904
2025-01-10 12:00:00+00:00,95065.4,95132.0,92653.0,93557.0,2856.83441515
2025-01-10 14:00:00+00:00,93548.7,94692.8,92166.6,93728.0,4018.39825716
2025-01-10 16:00:00+00:00,93735.0,95828.8,93000.0,95809.5,2776.98235151
2025-01-10 18:00:00+00:00,95808.9,95841.7,94425.8,95323.0,2278.67897021
2025-01-10 20:00:00+00:00,95323.1,95448.1,94349.2,94615.7,1858.66401146
2025-01-10 22:00:00+00:00,94619.3,94971.5,94500.0,94724.4,705.4677605
2025-01-11 00:00:00+00:00,94724.5,94796.6,94225.3,94431.1,1622.21075207
2025-01-11 02:00:00+00:00,94431.1,94510.9,93891.7,94209.6,1193.45985212
2025-01-11 04:00:00+00:00,94209.7,94385.3,93666.6,94364.9,1302.22275428
2025-01-11 06:00:00+00:00,94364.9,94437.6,94145.6,94253.6,924.10125554
2025-01-11 08:00:00+00:00,94253.6,94407.0,94029.8,94332.6,401.99946677
2025-01-11 10:00:00+00:00,94332.7,94791.3,94197.9,94625.6,680.85476321
2025-01-11 12:00:00+00:00,94625.7,94649.9,94334.7,94391.2,537.94434228
2025-01-11 14:00:00+00:00,94391.3,94647.0,94117.4,94413.0,569.26713715
2025-01-11 16:00:00+00:00,94413.0,94927.3,93979.6,94155.0,644.06832745
2025-01-11 18:00:00+00:00,94155.2,94462.6,93900.0,94245.3,217.27508377
2025-01-11 20:00:00+00:00,94245.4,95016.3,94188.0,94940.9,288.82138939
2025-01-11 22:00:00+00:00,94940.9,94987.4,94500.0,94612.4,132.07160848
2025-01-12 00:00:00+00:00,94612.4,94668.6,94300.0,94579.7,296.80324314
2025-01-12 02:00:00+00:00,94579.6,94700.1,94416.2,94629.1,293.6940839
2025-01-12 04:00:00+00:00,94629.1,94663.1,94493.3,94573.8,243.86934654
2025-01-12 06:00:00+00:00,94573.9,94618.3,94272.3,94332.6,303.71565418
2025-01-12 08:00:00+00:00,94332.6,94399.9,93708.3,93905.4,490.77252359
2025-01-12 10:00:00+00:00,93905.4,94359.6,93700.2,94263.5,377.48060963
2025-01-12 12:00:00+00:00,94259.9,94734.1,94166.6,94671.4,489.03725564
2025-01-12 14:00:00+00:00,94671.5,95448.1,94553.3,95068.1,542.15334068
2025-01-12 16:00:00+00:00,95079.3,95273.2,94699.4,95155.5,525.57233685
2025-01-12 18:00:00+00:00,95189.3,95310.3,94574.1,94656.9,187.14834957
2025-01-12 20:00:00+00:00,94656.9,94881.1,94300.0,94366.5,885.62061058
2025-01-12 22:00:00+00:00,94366.5,94566.0,93800.1,94549.9,206.52081518
2025-01-13 00:00:00+00:00,94549.9,95936.3,94106.7,94236.0,325.84552632
2025-01-13 02:00:00+00:00,94221.8,94509.3,93889.7,94266.7,425.4243782
2025-01-13 04:00:00+00:00,94266.6,94921.8,94049.9,94171.3,461.89605489
2025-01-13 06:00:00+00:00,94171.2,94334.0,93048.7,93592.7,426.7134497
2025-01-13 08:00:00+00:00,93592.7,93800.0,92500.0,92852.7,587.1656117
2025-01-13 10:00:00+00:00,92851.7,92956.1,90600.0,90862.5,1234.83164842
2025-01-13 12:00:00+00:00,90867.9,91781.3,90200.0,91100.0,1265.15429658
2025-01-13 14:00:00+00:00,91109.8,93092.4,89120.2,92123.6,2232.5295787
2025-01-13 16:00:00+00:00,92123.6,92322.0,91000.0,91984.1,947.66374348
2025-01-13 18:00:00+00:00,91980.1,92648.7,91466.2,92313.5,461.37939108
2025-01-13 20:00:00+00:00,92324.5,94465.5,91900.0,94201.2,444.98162101
2025-01-13 22:00:00+00:00,94210.9,94724.8,94145.7,94538.6,704.81781632
2025-01-14 00:00:00+00:00,94538.6,95051.3,94351.5,94853.9,449.21582306
2025-01-14 02:00:00+00:00,94839.7,95288.6,94660.0,94869.1,501.34867302
2025-01-14 04:00:00+00:00,94869.1,95478.0,94828.4,94924.0,519.5959146
2025-01-14 06:00:00+00:00,94923.9,95333.3,94752.4,94866.4,661.51335123
2025-01-14 08:00:00+00:00,94866.5,97433.3,94866.0,97173.5,1810.39442307
2025-01-14 10:00:00+00:00,97173.4,97269.2,96119.9,96548.5,764.59685996
2025-01-14 12:00:00+00:00,96548.6,97249.8,95769.1,96326.2,733.84383417
2025-01-14 14:00:00+00:00,96343.1,97258.0,96000.0,96486.4,783.17978841
2025-01-14 16:00:00+00:00,96477.8,96552.1,95370.1,96529.4,789.5770536
2025-01-14 18:00:00+00:00,96530.1,97104.0,96242.9,96548.3,415.94070806
2025-01-14 20:00:00+00:00,96543.9,96926.4,96100.0,96478.0,1289.18355652
2025-01-14 22:00:00+00:00,96483.3,96786.3,96388.8,96551.0,190.27346829
2025-01-15 00:00:00+00:00,96560.0,97526.3,96500.0,97341.8,484.48642844
2025-01-15 02:00:00+00:00,97341.9,97445.7,96639.8,97320.7,487.19045572
2025-01-15 04:00:00+00:00,97319.3,97713.0,96758.6,97036.6,418.35868415
2025-01-15 06:00:00+00:00,97040.1,97593.7,96860.0,97300.0,670.11818005
2025-01-15 08:00:00+00:00,97298.6,97533.9,96775.0,96826.6,407.42629055
2025-01-15 10:00:00+00:00,96825.3,97146.2,96363.6,96771.2,754.20792695
2025-01-15 12:00:00+00:00,96771.3,99032.2,96547.4,98952.7,804.5224542
2025-01-15 14:00:00+00:00,98961.0,99773.0,98432.0,98970.3,1178.44640365
2025-01-15 16:00:00+00:00,98996.6,99479.5,98609.7,98644.2,698.36762817
2025-01-15 18:00:00+00:00,98644.2,99934.0,98500.0,99845.7,428.12462433
2025-01-15 20:00:00+00:00,99846.1,100681.7,99368.0,99679.0,631.68286655
2025-01-15 22:00:00+00:00,99679.1,100500.0,99556.0,100498.0,257.49301284
2025-01-16 00:00:00+00:00,100495.2,100876.1,99575.7,100079.4,558.73246197
2025-01-16 02:00:00+00:00,100081.2,100125.0,99104.1,99470.3,437.10173442
2025-01-16 04:00:00+00:00,99470.4,99699.9,99200.0,99382.1,329.31177589
2025-01-16 06:00:00+00:00,99382.1,99908.1,99128.0,99813.3,360.49355526
2025-01-16 08:00:00+00:00,99816.0,99862.9,98577.5,99153.4,312.15534751
2025-01-16 10:00:00+00:00,99166.9,99416.2,98550.0,99156.1,333.47502164
2025-01-16 12:00:00+00:00,99156.1,99514.6,98788.7,99092.2,507.59751445
2025-01-16 14:00:00+00:00,99081.9,99391.3,97327.5,99299.9,689.85727754
2025-01-16 16:00:00+00:00,99300.0,100368.9,99063.4,99829.2,894.64151638
2025-01-16 18:00:00+00:00,99829.3,100436.4,99254.0,100436.4,350.54738389
2025-01-16 20:00:00+00:00,100415.2,100642.0,99720.0,100155.3,167.16522401
2025-01-16 22:00:00+00:00,100155.3,100200.0,99387.5,100029.4,203.74518679
2025-01-17 00:00:00+00:00,99990.9,101832.0,99951.0,101655.0,526.33403515
2025-01-17 02:00:00+00:00,101659.7,102137.4,100791.6,101047.1,482.86865794
2025-01-17 04:00:00+00:00,101047.1,101769.9,100950.8,101333.0,342.54245493
2025-01-17 06:00:00+00:00,101345.8,101848.2,101176.8,101430.3,338.46275131
2025-01-17 08:00:00+00:00,101430.3,102290.4,101012.9,101860.6,623.26323657
2025-01-17 10:00:00+00:00,101857.9,102591.3,101800.1,102229.8,495.79982022
2025-01-17 12:00:00+00:00,102229.8,102969.8,102193.6,102492.5,502.28671738
2025-01-17 14:00:00+00:00,102478.6,104248.7,102107.0,104012.6,1088.08816321
2025-01-17 16:00:00+00:00,104013.7,105274.0,103840.0,104086.5,921.22195619
2025-01-17 18:00:00+00:00,104136.0,106000.0,104074.7,105843.6,576.78637156
2025-01-17 20:00:00+00:00,105843.6,105875.7,104444.4,104627.7,259.74487762
2025-01-17 22:00:00+00:00,104610.1,104800.0,104076.0,104084.4,209.30979057
2025-01-18 00:00:00+00:00,104084.5,104664.5,103840.8,104262.3,311.97239791
2025-01-18 02:00:00+00:00,104262.4,104502.0,103056.0,103589.2,362.80997498
2025-01-18 04:00:00+00:00,103589.3,103774.9,102684.0,102831.8,357.84914191
2025-01-18 06:00:00+00:00,102831.9,103624.6,102580.6,102842.0,518.28750676
2025-01-18 08:00:00+00:00,102828.9,103461.3,102000.0,103150.0,459.03589672
2025-01-18 10:00:00+00:00,103162.2,103881.5,102609.7,103576.0,448.82207576
2025-01-18 12:00:00+00:00,103592.1,104400.0,103130.0,104367.8,456.62955156
2025-01-18 14:00:00+00:00,104365.6,104983.6,103651.6,104561.4,573.83496885
2025-01-18 16:00:00+00:00,104566.6,104743.5,102967.8,103401.8,769.89180476
2025-01-18 18:00:00+00:00,103532.7,103532.7,102757.6,103133.6,59.07270825
2025-01-18 20:00:00+00:00,103133.6,103387.4,102850.0,102852.0,75.5668049
2025-01-18 22:00:00+00:00,102852.0,103744.9,102833.3,103744.9,53.08142445
2025-01-19 00:00:00+00:00,103744.9,103809.9,102971.0,103365.4,124.06393833
2025-01-19 02:00:00+00:00,103365.4,103882.0,103365.4,103882.0,170.36255914
2025-01-19 04:00:00+00:00,103882.0,103969.7,103320.0,103720.6,478.86470769
2025-01-19 06:00:00+00:00,103720.6,103995.7,103720.6,103995.7,102.67760882
2025-01-19 08:00:00+00:00,103995.7,103995.7,102507.0,103425.9,221.36824737
2025-01-19 10:00:00+00:00,103425.9,103819.1,103219.9,103400.0,189.920066
2025-01-19 12:00:00+00:00,103400.0,103745.0,103305.4,103745.0,126.72463683
2025-01-19 14:00:00+00:00,103746.4,103870.0,103521.0,103746.8,183.20471462
2025-01-19 16:00:00+00:00,103746.8,103799.6,103507.9,103590.8,156.08467797
2025-01-19 18:00:00+00:00,103590.8,103907.4,103590.8,103907.4,146.79485004
2025-01-19 20:00:00+00:00,103907.4,103948.7,103871.8,103871.8,156.56870557
2025-01-19 22:00:00+00:00,103907.4,103907.4,98793.6,100000.0,215.10702502
2025-01-20 00:00:00+00:00,100000.0,100422.5,98708.4,99325.5,177.09407515
2025-01-20 02:00:00+00:00,99325.5,102214.2,99325.5,101921.0,858.1295692
2025-01-20 04:00:00+00:00,101926.8,102825.8,100606.0,102321.8,847.82406995
2025-01-20 06:00:00+00:00,102346.8,109771.7,102092.6,107137.5,3331.05459861
2025-01-20 08:00:00+00:00,107147.5,109206.4,107000.0,108144.4,1125.36102097
2025-01-20 10:00:00+00:00,108158.2,108753.4,107800.0,108245.1,2485.23168888
2025-01-20 12:00:00+00:00,108245.2,108711.6,105535.7,107950.9,3652.21244215
2025-01-20 14:00:00+00:00,107950.8,108242.4,104466.0,104927.7,3572.94182603
2025-01-20 16:00:00+00:00,104940.5,107036.9,100586.2,103015.0,3458.4037611
2025-01-20 18:00:00+00:00,102955.9,104459.7,102739.4,103679.5,1987.35025688
2025-01-20 20:00:00+00:00,103681.7,104323.7,102579.9,102585.3,1717.77848006
2025-01-20 22:00:00+00:00,102605.6,103824.5,101727.9,102298.1,2178.49232096
2025-01-21 00:00:00+00:00,102264.4,102790.0,100160.0,101485.9,655.29701058
2025-01-21 02:00:00+00:00,101485.8,103232.1,101061.0,102926.9,783.2201032
2025-01-21 04:00:00+00:00,102922.6,103105.0,101200.0,101375.8,828.64939299
2025-01-21 06:00:00+00:00,101375.8,102487.1,101112.6,101994.6,837.83842017
2025-01-21 08:00:00+00:00,102114.9,102877.6,101749.0,102723.7,1147.63511583
2025-01-21 10:00:00+00:00,102704.8,103980.6,102566.6,103796.3,814.23716446
2025-01-21 12:00:00+00:00,103750.1,105000.0,103549.9,104448.0,899.03371666
2025-01-21 14:00:00+00:00,104453.9,105270.4,102672.0,103954.3,1058.55945314
2025-01-21 16:00:00+00:00,103954.3,106606.4,103828.6,106179.9,1326.64759171
2025-01-21 18:00:00+00:00,106182.0,107254.1,105697.6,107022.0,1167.31968961
2025-01-21 20:00:00+00:00,107022.0,107196.6,105600.0,106799.8,859.90952453
2025-01-21 22:00:00+00:00,106775.3,106785.0,105444.8,106150.0,1231.07643507
2025-01-22 00:00:00+00:00,106150.0,106398.4,105453.0,105807.0,476.90297375
2025-01-22 02:00:00+00:00,105801.6,106173.9,105230.6,105607.0,569.73826823
2025-01-22 04:00:00+00:00,105607.1,105864.2,105230.6,105686.9,618.0965943
2025-01-22 06:00:00+00:00,105700.0,105956.2,104571.1,105084.0,599.55643402
2025-01-22 08:00:00+00:00,105073.9,105346.3,104656.8,104987.7,704.5885147
2025-01-22 10:00:00+00:00,104989.9,105456.9,104642.8,105098.3,896.02239407
2025-01-22 12:00:00+00:00,105107.0,105592.8,103700.0,104065.1,1980.36657745
2025-01-22 14:00:00+00:00,104065.2,105173.7,103500.0,104186.0,3484.86808796
2025-01-22 16:00:00+00:00,104186.0,104647.1,103000.0,104340.6,2943.59324407
2025-01-22 18:00:00+00:00,104328.2,105055.0,103755.9,104631.6,1727.3048875
2025-01-22 20:00:00+00:00,104631.6,104822.9,103651.1,104105.8,1635.31156858
2025-01-22 22:00:00+00:00,104105.8,104500.0,103554.0,103703.1,893.62492811
2025-01-23 00:00:00+00:00,103704.2,103823.5,102600.0,102941.1,1542.71202975
2025-01-23 02:00:00+00:00,102943.2,103038.4,102110.0,102455.5,1930.56119978
2025-01-23 04:00:00+00:00,102455.6,102627.9,101500.0,102530.4,2181.06740601
2025-01-23 06:00:00+00:00,102530.4,102967.7,101935.2,102709.5,1841.21393843
2025-01-23 08:00:00+00:00,102709.4,102797.7,101642.8,101660.0,2045.68436965
2025-01-23 10:00:00+00:00,101662.8,102190.4,101183.6,101930.1,5605.26207106
2025-01-23 12:00:00+00:00,101943.6,102699.6,101287.7,102507.4,2287.22021724
2025-01-23 14:00:00+00:00,102507.4,106034.0,101544.1,105231.5,3352.39365393
2025-01-23 16:00:00+00:00,105222.0,106847.7,104160.7,105921.6,2632.14083968
2025-01-23 18:00:00+00:00,105932.2,106132.7,103386.0,103811.6,2053.01562921
2025-01-23 20:00:00+00:00,103811.6,106400.0,102222.2,103069.0,2013.2225778
2025-01-23 22:00:00+00:00,103069.0,104784.3,102967.4,103914.8,1306.84491191
2025-01-24 00:00:00+00:00,103914.8,104167.2,103078.5,103244.6,1557.21749468
2025-01-24 02:00:00+00:00,103244.6,104298.1,102750.0,103897.2,2355.62899539
2025-01-24 04:00:00+00:00,103897.2,105277.5,103802.2,105222.3,1703.94183023
2025-01-24 06:00:00+00:00,105229.0,105357.1,104629.1,105041.2,1750.356034
2025-01-24 08:00:00+00:00,105041.2,105760.0,104916.7,105158.1,1780.41954818
2025-01-24 10:00:00+00:00,105158.2,105515.4,105044.2,105424.6,5640.22992354
2025-01-24 12:00:00+00:00,105424.7,105780.8,104732.5,105114.1,1693.69037975
2025-01-24 14:00:00+00:00,105114.2,106304.8,104483.8,105860.0,2457.18214323
2025-01-24 16:00:00+00:00,105862.2,106700.0,105500.0,106468.5,2027.41640981
2025-01-24 18:00:00+00:00,106468.5,107122.2,105695.0,105766.4,1966.8416983
2025-01-24 20:00:00+00:00,105766.4,105892.8,104625.0,105100.3,1750.04711321
2025-01-24 22:00:00+00:00,105117.3,105462.8,104407.2,104866.1,1023.06390213
2025-01-25 00:00:00+00:00,104866.1,104882.3,104353.7,104736.9,1319.57682464
2025-01-25 02:00:00+00:00,104737.0,105290.4,104336.0,105216.0,1036.10843095
2025-01-25 04:00:00+00:00,105216.1,105216.9,104277.9,104369.4,844.174906
2025-01-25 06:00:00+00:00,104356.0,104536.7,104215.0,104399.9,1068.9043693
2025-01-25 08:00:00+00:00,104399.9,104500.0,104132.9,104361.8,1060.49270843
2025-01-25 10:00:00+00:00,104361.8,104761.0,104106.1,104672.1,1185.06741017
2025-01-25 12:00:00+00:00,104672.2,104875.0,104423.0,104714.1,1595.36920493
2025-01-25 14:00:00+00:00,104714.2,105121.8,104458.1,104897.2,1796.29610275
2025-01-25 16:00:00+00:00,104897.3,104995.1,104270.0,104891.7,1613.36005487
2025-01-25 18:00:00+00:00,104891.7,105300.0,104770.0,105042.7,1124.35816213
2025-01-25 20:00:00+00:00,105042.7,105193.2,104856.6,105092.3,549.63521558
2025-01-25 22:00:00+00:00,105092.3,105310.3,104685.0,104740.3,569.22960862
2025-01-26 00:00:00+00:00,104740.3,104861.3,104144.8,104617.9,545.22039961
2025-01-26 02:00:00+00:00,104617.8,105241.8,104500.0,105060.0,722.37398192
2025-01-26 04:00:00+00:00,105060.0,105500.0,104972.5,105094.2,849.14351206
2025-01-26 06:00:00+00:00,105094.2,105126.2,104930.8,104993.7,606.37815925
2025-01-26 08:00:00+00:00,104993.7,105216.7,104400.0,104621.5,953.28814163
2025-01-26 10:00:00+00:00,104621.5,104865.1,104200.0,104820.1,938.53341081
2025-01-26 12:00:00+00:00,104820.1,105057.1,104487.1,104953.9,966.35235281
2025-01-26 14:00:00+00:00,104953.9,105115.0,104743.9,104972.6,836.12185545
2025-01-26 16:00:00+00:00,104972.6,105200.0,104900.0,104946.4,769.46393979
2025-01-26 18:00:00+00:00,104946.4,105266.0,104743.9,105081.6,738.03049423
2025-01-26 20:00:00+00:00,105081.7,105272.7,104550.4,104561.5,686.38047175
2025-01-26 22:00:00+00:00,104560.1,104775.0,102505.1,102620.3,1773.724471
2025-01-27 00:00:00+00:00,102600.8,103272.1,101088.6,101303.8,3155.03773553
2025-01-27 02:00:00+00:00,101300.1,102103.4,100713.7,101389.0,2756.9042508
2025-01-27 04:00:00+00:00,101389.0,101500.8,99638.0,100366.5,3525.62408703
2025-01-27 06:00:00+00:00,100366.5,100487.1,97758.7,99036.5,4035.49707481
2025-01-27 08:00:00+00:00,99036.4,99866.7,98400.0,99421.5,2811.65657172
2025-01-27 10:00:00+00:00,99421.5,99472.0,98072.8,98753.0,2730.44947825
2025-01-27 12:00:00+00:00,98753.0,101650.0,98329.7,100491.4,3412.79874406
2025-01-27 14:00:00+00:00,100491.3,102488.6,100015.5,101130.0,3766.64753973
2025-01-27 16:00:00+00:00,101101.3,101364.4,99000.0,99159.0,3865.56338054
2025-01-27 18:00:00+00:00,99153.7,99947.0,98881.9,99699.8,2794.97885091
2025-01-27 20:00:00+00:00,99699.9,102418.0,99609.2,101342.5,2801.53079669
2025-01-27 22:00:00+00:00,101359.4,102189.3,101025.2,102077.8,1408.90656003
2025-01-28 00:00:00+00:00,102076.0,102887.2,101392.9,101400.1,2008.89535536
2025-01-28 02:00:00+00:00,101388.7,102894.4,101327.8,102627.6,1857.82777161
2025-01-28 04:00:00+00:00,102627.5,103381.5,102589.0,103010.1,1768.82743376
2025-01-28 06:00:00+00:00,103010.0,103333.8,102525.9,102794.9,1837.44583055
2025-01-28 08:00:00+00:00,102794.9,103049.3,102175.8,102966.6,1931.49879814
2025-01-28 10:00:00+00:00,102966.9,103238.5,102560.1,102761.6,1574.92655974
2025-01-28 12:00:00+00:00,102761.6,102993.6,102132.7,102601.1,1496.42883567
2025-01-28 14:00:00+00:00,102601.1,103834.2,101600.0,102776.7,3208.61440998
2025-01-28 16:00:00+00:00,102776.7,103381.5,101934.9,102570.6,2758.56753605
2025-01-28 18:00:00+00:00,102570.7,103109.6,101575.3,102430.0,1806.50355691
2025-01-28 20:00:00+00:00,102430.0,102600.0,100277.6,100340.7,1999.96400044
2025-01-28 22:00:00+00:00,100340.8,101449.8,100189.0,101345.1,1400.44275024
2025-01-29 00:00:00+00:00,101345.1,102000.0,101316.6,101842.0,1318.26708746
2025-01-29 02:00:00+00:00,101842.0,102308.6,101690.1,102043.2,1014.07950361
2025-01-29 04:00:00+00:00,102043.3,102379.7,101889.2,102258.6,980.57382094
2025-01-29 06:00:00+00:00,102275.9,102853.8,102242.2,102749.9,1802.3308554
2025-01-29 08:00:00+00:00,102749.9,103000.0,102308.0,102334.4,1958.73817207
2025-01-29 10:00:00+00:00,102334.3,102790.5,102200.0,102629.9,1367.8641323
2025-01-29 12:00:00+00:00,102630.0,102849.2,101711.2,101848.0,2095.67564936
2025-01-29 14:00:00+00:00,102000.0,102647.0,101588.0,101975.5,3032.24845547
2025-01-29 16:00:00+00:00,101975.6,102765.8,101680.0,102407.8,2285.03579241
2025-01-29 18:00:00+00:00,102413.1,103988.4,101404.4,103596.4,3489.81518239
2025-01-29 20:00:00+00:00,103596.4,104796.4,102694.4,103744.4,2496.86532359
2025-01-29 22:00:00+00:00,103742.3,104370.5,103400.0,103733.3,1196.9954744
2025-01-30 00:00:00+00:00,103733.3,104598.0,103302.6,104264.7,1368.26302443
2025-01-30 02:00:00+00:00,104264.8,105315.6,103992.2,105210.5,1614.66729225
2025-01-30 04:00:00+00:00,105188.9,105582.5,104807.6,105395.7,1651.33253074
2025-01-30 06:00:00+00:00,105395.7,105586.8,104825.0,105142.7,1750.70972072
2025-01-30 08:00:00+00:00,105142.7,105655.1,104932.0,105418.0,1706.08591083
2025-01-30 10:00:00+00:00,105418.0,105460.4,105000.0,105302.3,1459.10963429
2025-01-30 12:00:00+00:00,105302.3,105355.0,104764.0,104884.3,2145.69587249
2025-01-30 14:00:00+00:00,104874.8,106422.9,104650.0,105563.9,4174.2366687
2025-01-30 16:00:00+00:00,105566.0,106395.0,104750.0,105292.6,2201.53262453
2025-01-30 18:00:00+00:00,105292.6,105776.1,104736.8,105698.8,1821.25487942
2025-01-30 20:00:00+00:00,105709.3,105840.0,104727.0,105045.9,1758.4285554
2025-01-30 22:00:00+00:00,105045.9,105359.6,104697.5,104727.1,571.29720132
2025-01-31 00:00:00+00:00,104727.2,105060.0,104403.6,104728.4,1387.91700517
2025-01-31 02:00:00+00:00,104728.4,104864.0,103921.3,104322.1,1301.40937523
2025-01-31 04:00:00+00:00,104324.3,104549.8,103963.8,104318.0,1099.33749454
2025-01-31 06:00:00+00:00,104318.0,104806.7,104015.9,104209.1,1225.21343719
2025-01-31 08:00:00+00:00,104194.6,104340.1,103750.0,104252.0,1286.98453965
2025-01-31 10:00:00+00:00,104252.1,104864.4,104076.9,104729.3,1392.69785885
2025-01-31 12:00:00+00:00,104729.3,105023.1,104250.2,104663.7,1793.66352019
2025-01-31 14:00:00+00:00,104663.7,106000.0,104000.0,105437.9,3606.02274959
2025-01-31 16:00:00+00:00,105437.9,105598.6,104197.7,104581.1,2604.87335646
2025-01-31 18:00:00+00:00,104581.1,104998.0,102115.3,102314.9,3136.81913942
2025-01-31 20:00:00+00:00,102403.3,102403.3,101400.0,102143.6,2768.36759183
2025-01-31 22:00:00+00:00,102143.7,102486.7,101950.0,102440.0,1285.10828423
2025-02-01 00:00:00+00:00,102439.9,102773.3,102206.1,102567.3,1424.37653168
2025-02-01 02:00:00+00:00,102567.3,102790.4,102194.0,102240.9,1485.63073601
2025-02-01 04:00:00+00:00,102240.9,102582.2,102125.0,102494.6,1062.89962283
2025-02-01 06:00:00+00:00,102494.6,102586.9,102167.7,102173.2,1080.40351629
2025-02-01 08:00:00+00:00,102173.2,102282.8,101400.4,101674.5,1700.92747746
2025-02-01 10:00:00+00:00,101674.5,102055.6,101612.6,102030.1,1342.71269126
2025-02-01 12:00:00+00:00,102030.1,102330.1,101774.8,101865.5,1241.58548875
2025-02-01 14:00:00+00:00,101868.6,102181.8,101400.0,102074.3,1301.95317007
2025-02-01 16:00:00+00:00,102074.3,102280.0,101860.0,102260.2,1555.73997355
2025-02-01 18:00:00+00:00,102261.0,102275.8,101448.2,101673.5,1169.64696228
2025-02-01 20:00:00+00:00,101673.6,101730.7,100982.2,101199.1,1886.59666767
2025-02-01 22:00:00+00:00,101192.1,101427.9,100270.0,100637.2,1395.88190579
2025-02-02 00:00:00+00:00,100633.1,101487.9,100200.0,101225.6,1786.0604715
2025-02-02 02:00:00+00:00,101239.8,101273.1,99072.6,99197.3,2865.60617497
2025-02-02 04:00:00+00:00,99197.4,100343.4,99026.5,100255.3,2344.50865705
2025-02-02 06:00:00+00:00,100254.8,100495.6,99471.9,99640.0,1700.8138107
2025-02-02 08:00:00+00:00,99640.0,100114.6,99100.0,99683.7,1590.77106768
2025-02-02 10:00:00+00:00,99683.7,99693.1,98600.0,98873.4,2330.80844042
2025-02-02 12:00:00+00:00,98873.4,99160.0,98100.0,98801.0,2716.22408588
2025-02-02 14:00:00+00:00,98800.9,99594.8,98500.0,99348.1,2181.74397519
2025-02-02 16:00:00+00:00,99348.1,99378.5,97013.8,97216.5,3880.8958067
2025-02-02 18:00:00+00:00,97233.3,98693.6,96743.4,98266.6,3238.81799345
2025-02-02 20:00:00+00:00,98258.1,98616.6,96564.0,97018.0,2103.78090123
2025-02-02 22:00:00+00:00,97023.9,98262.2,95992.7,97698.0,2691.41384556
2025-02-03 00:00:00+00:00,97698.9,97781.1,91834.0,93371.3,4421.57781051
2025-02-03 02:00:00+00:00,93400.0,94964.6,91200.0,94044.7,4137.70094851
2025-02-03 04:00:00+00:00,94044.8,94500.0,92352.9,94192.4,3452.3086713
2025-02-03 06:00:00+00:00,94199.9,95415.1,93600.0,95319.8,3071.08958468
2025-02-03 08:00:00+00:00,95314.5,95931.4,94791.8,95270.9,3032.9464644
2025-02-03 10:00:00+00:00,95274.0,95733.3,94418.1,95113.0,2546.22502722
2025-02-03 12:00:00+00:00,95114.1,95612.5,94141.7,94659.6,2846.88099475
2025-02-03 14:00:00+00:00,94659.7,99466.6,94000.0,98830.0,3677.85155773
2025-02-03 16:00:00+00:00,98821.8,99326.2,97900.0,99193.6,2689.62477361
2025-02-03 18:00:00+00:00,99181.7,101887.6,98756.6,101887.4,3041.75546688
2025-02-03 20:00:00+00:00,101887.9,101968.5,100808.0,101812.0,2035.82519197
2025-02-03 22:00:00+00:00,101812.1,102470.1,101098.1,101337.8,1626.00649234
2025-02-04 00:00:00+00:00,101337.6,101873.5,100702.3,101385.5,2486.09757328
2025-02-04 02:00:00+00:00,101385.6,101504.0,100455.6,100629.4,1871.70647209
2025-02-04 04:00:00+00:00,100629.4,100773.9,97999.9,98890.0,2852.69674884
2025-02-04 06:00:00+00:00,98890.0,99647.4,98296.9,98454.5,2609.35668569
2025-02-04 08:00:00+00:00,98450.0,98881.5,97700.0,98345.2,2908.74988941
2025-02-04 10:00:00+00:00,98345.2,99430.6,98339.9,98975.7,1886.22644556
2025-02-04 12:00:00+00:00,98980.6,99799.8,98964.1,99016.1,2096.03524329
2025-02-04 14:00:00+00:00,99016.0,100399.9,98296.9,99355.3,3041.09773412
2025-02-04 16:00:00+00:00,99368.7,99931.0,98621.5,99172.7,2168.21180047
2025-02-04 18:00:00+00:00,99172.7,100780.9,98436.5,98864.1,2113.61904825
2025-02-04 20:00:00+00:00,98864.1,99400.8,96440.3,96496.0,2542.33656669
2025-02-04 22:00:00+00:00,96505.9,98200.0,96145.1,97760.6,1235.47289185
2025-02-05 00:00:00+00:00,97780.1,98939.2,97592.4,97835.9,1759.25644706
2025-02-05 02:00:00+00:00,97835.9,98400.0,97143.8,98062.2,1893.19638324
2025-02-05 04:00:00+00:00,98052.2,98350.0,97710.3,98138.6,1322.13617921
2025-02-05 06:00:00+00:00,98152.7,98282.0,97200.0,97876.0,2075.29819561
2025-02-05 08:00:00+00:00,97876.0,98053.7,97108.0,97419.9,1566.85150206
2025-02-05 10:00:00+00:00,97418.2,98226.8,97349.9,98208.8,1651.5016931
2025-02-05 12:00:00+00:00,98208.8,98719.5,97955.3,98600.0,2256.41371394
2025-02-05 14:00:00+00:00,98611.5,99138.6,97576.0,98113.4,3133.43928565
2025-02-05 16:00:00+00:00,98114.7,98300.0,97182.2,97555.0,2851.72900129
2025-02-05 18:00:00+00:00,97555.0,97709.1,96500.0,97377.3,2280.36110072
2025-02-05 20:00:00+00:00,97377.3,97785.9,96778.1,96918.5,1674.42862544
2025-02-05 22:00:00+00:00,96918.3,97062.4,96160.0,96616.0,1733.91797742
2025-02-06 00:00:00+00:00,96616.0,97231.2,96346.1,97157.9,1675.34069313
2025-02-06 02:00:00+00:00,97160.0,97499.9,96953.0,97348.1,1461.90416327
2025-02-06 04:00:00+00:00,97348.1,98000.0,97188.6,97828.4,1489.49412484
2025-02-06 06:00:00+00:00,97829.5,98431.5,97708.0,98204.9,1944.04363196
2025-02-06 08:00:00+00:00,98204.9,98745.5,97959.8,98619.7,2180.76050147
2025-02-06 10:00:00+00:00,98619.7,99143.4,98387.0,98872.5,2206.20083776
2025-02-06 12:00:00+00:00,98872.5,99100.0,98171.9,98606.1,2589.64856695
2025-02-06 14:00:00+00:00,98609.9,98905.6,96639.5,97337.0,3260.38978005
2025-02-06 16:00:00+00:00,97338.7,97580.6,96290.3,96715.0,2892.00580014
2025-02-06 18:00:00+00:00,96711.3,96998.0,95589.2,95984.7,3004.32625954
2025-02-06 20:00:00+00:00,95984.7,97083.2,95798.6,96808.8,2114.68294331
2025-02-06 22:00:00+00:00,96810.4,96967.1,96120.0,96560.0,1398.99785242
2025-02-07 00:00:00+00:00,96554.8,97809.7,96400.0,97637.8,1531.3921536
2025-02-07 02:00:00+00:00,97400.1,98124.4,97076.5,97454.4,1732.88758374
2025-02-07 04:00:00+00:00,97464.1,97878.0,97148.1,97340.7,1728.46837842
2025-02-07 06:00:00+00:00,97356.0,97370.0,96508.5,96761.9,2246.23815326
2025-02-07 08:00:00+00:00,96754.6,97256.6,96606.0,97106.1,1060.5407188
2025-02-07 10:00:00+00:00,97106.1,97759.9,96701.6,97749.0,261.55442592
2025-02-07 12:00:00+00:00,97748.9,98994.0,97248.0,98833.3,2843.13548288
2025-02-07 14:00:00+00:00,98825.8,100163.6,97630.5,98308.1,4596.11388661
2025-02-07 16:00:00+00:00,98314.2,98579.0,96977.6,97438.0,2900.38347138
2025-02-07 18:00:00+00:00,97436.0,98353.8,96843.7,96900.5,1938.73235688
2025-02-07 20:00:00+00:00,96900.1,96932.1,95617.6,95990.0,3495.5286902
2025-02-07 22:00:00+00:00,95985.9,96525.9,95630.5,96504.0,1323.09757272
2025-02-08 00:00:00+00:00,96504.1,96849.9,96340.3,96513.3,1484.91542158
2025-02-08 02:00:00+00:00,96513.4,96878.1,96400.0,96698.0,1119.92243976
2025-02-08 04:00:00+00:00,96698.0,96698.1,96040.1,96213.9,1295.2735148
2025-02-08 06:00:00+00:00,96213.9,96310.5,95700.0,96207.1,1489.21853019
2025-02-08 08:00:00+00:00,96207.1,96341.9,95883.0,96175.2,1285.44952272
2025-02-08 10:00:00+00:00,96175.2,96295.4,95864.6,96127.2,1255.91237621
2025-02-08 12:00:00+00:00,96127.3,96509.0,95765.0,96248.4,1285.59622706
2025-02-08 14:00:00+00:00,96242.8,96400.0,95694.0,95855.6,1449.42474757
2025-02-08 16:00:00+00:00,95855.6,96400.0,95750.0,96370.2,1408.24120349
2025-02-08 18:00:00+00:00,96370.3,96750.0,95937.4,96585.6,1041.32108013
2025-02-08 20:00:00+00:00,96585.6,96633.2,96315.7,96538.0,848.04238246
2025-02-08 22:00:00+00:00,96540.6,96699.9,96389.8,96458.1,534.2226
2025-02-09 00:00:00+00:00,96458.1,96979.9,96315.7,96978.0,1217.02196223
2025-02-09 02:00:00+00:00,96978.0,97333.3,96458.5,97315.9,1816.02185901
2025-02-09 04:00:00+00:00,97318.7,97329.0,96812.3,97031.9,1127.03832859
2025-02-09 06:00:00+00:00,97032.0,97130.5,96778.1,97062.1,1310.84287478
2025-02-09 08:00:00+00:00,97065.8,97295.8,96900.0,96930.1,1473.3841683
2025-02-09 10:00:00+00:00,96930.1,97023.5,96555.1,96556.5,1429.34268512
2025-02-09 12:00:00+00:00,96558.0,96712.2,95600.0,95882.8,1976.61214339
2025-02-09 14:00:00+00:00,95884.0,96669.2,95731.9,96490.4,1594.49475797
2025-02-09 16:00:00+00:00,96488.8,96574.6,95882.3,96176.0,1259.19479027
2025-02-09 18:00:00+00:00,96175.1,96280.5,95900.1,96071.5,803.39373585
2025-02-09 20:00:00+00:00,96071.6,96753.7,94575.1,95259.2,1575.41644683
2025-02-09 22:00:00+00:00,95175.0,96579.5,94818.0,96475.0,1703.44450887
2025-02-10 00:00:00+00:00,96470.1,97135.6,95254.1,95576.1,2216.63885206
2025-02-10 02:00:00+00:00,95579.8,97201.0,95418.1,96805.9,3350.40878763
2025-02-10 04:00:00+00:00,96805.8,97666.6,96628.0,97016.0,3163.33784604
2025-02-10 06:00:00+00:00,97022.7,97483.3,96750.0,97436.4,1675.39763033
2025-02-10 08:00:00+00:00,97436.4,97901.6,97320.0,97677.0,1808.58022329
2025-02-10 10:00:00+00:00,97677.0,97968.0,97420.0,97660.0,1881.74747734
2025-02-10 12:00:00+00:00,97660.0,98351.1,97190.4,98230.0,2570.08481868
2025-02-10 14:00:00+00:00,98230.0,98351.1,96711.3,97222.0,3293.78208891
2025-02-10 16:00:00+00:00,97235.1,97600.0,96666.6,97500.0,1758.53175803
2025-02-10 18:00:00+00:00,97500.0,97701.5,97000.0,97384.0,1339.46760561
2025-02-10 20:00:00+00:00,97386.0,97650.3,97129.3,97387.5,1196.25716147
2025-02-10 22:00:00+00:00,97387.5,97499.0,97078.2,97431.7,747.63533425
2025-02-11 00:00:00+00:00,97431.7,98148.2,97314.1,98004.1,2344.90519471
2025-02-11 02:00:00+00:00,98000.1,98110.0,97281.0,97621.7,2140.26078546
2025-02-11 04:00:00+00:00,97620.1,98485.9,97562.1,98418.0,1995.93030232
2025-02-11 06:00:00+00:00,98418.0,98500.0,98024.7,98270.1,2136.43728553
2025-02-11 08:00:00+00:00,98274.0,98340.7,97568.1,98005.8,2786.76896235
2025-02-11 10:00:00+00:00,98005.8,98240.0,97741.9,98146.0,1848.74202673
2025-02-11 12:00:00+00:00,98146.0,98161.9,96698.1,96810.0,3713.31197773
2025-02-11 14:00:00+00:00,96810.0,97633.7,96500.0,97015.0,4937.62513748
2025-02-11 16:00:00+00:00,97024.0,97054.7,95999.9,96158.1,2480.82516048
2025-02-11 18:00:00+00:00,96160.0,96200.0,94854.3,95042.0,2614.91972804
2025-02-11 20:00:00+00:00,95032.2,96456.0,94804.9,96380.0,1982.0868395
2025-02-11 22:00:00+00:00,96381.4,96646.0,95353.9,95779.9,1033.78036852
2025-02-12 00:00:00+00:00,95779.9,96270.5,95683.3,96202.4,1161.35275199
2025-02-12 02:00:00+00:00,96213.5,96430.6,95000.0,95308.8,2142.33043397
2025-02-12 04:00:00+00:00,95308.0,95940.0,95268.0,95881.3,1482.05773259
2025-02-12 06:00:00+00:00,95890.9,96168.8,95678.2,96070.8,1408.59348515
2025-02-12 08:00:00+00:00,96070.9,96470.1,95787.3,96137.1,800.50288148
2025-02-12 10:00:00+00:00,96137.1,96371.4,95908.7,96099.9,1539.81688514
2025-02-12 12:00:00+00:00,96099.9,96627.3,93994.7,94975.4,3797.72623786
2025-02-12 14:00:00+00:00,94972.9,95995.4,94400.0,95805.0,4397.36254223
2025-02-12 16:00:00+00:00,95805.0,97946.2,95120.0,97353.3,3305.52916136
2025-02-12 18:00:00+00:00,97353.4,97423.1,96343.2,97196.6,1903.70557203
2025-02-12 20:00:00+00:00,97200.4,97914.1,96680.0,97644.1,2141.96570418
2025-02-12 22:00:00+00:00,97644.2,98124.3,97410.0,97870.1,2013.52589317
2025-02-13 00:00:00+00:00,97870.1,98091.4,97534.0,97987.4,2065.66574458
2025-02-13 02:00:00+00:00,97987.4,98014.7,97368.5,97504.0,1704.63798883
2025-02-13 04:00:00+00:00,97504.0,97563.3,96449.8,96669.9,1988.54363622
2025-02-13 06:00:00+00:00,96669.9,96816.3,95600.0,96075.0,2629.92047853
2025-02-13 08:00:00+00:00,96075.0,96296.0,95504.1,96263.0,1305.95923836
2025-02-13 10:00:00+00:00,96262.9,96336.0,95600.0,95930.0,1231.87875482
2025-02-13 12:00:00+00:00,95929.9,96300.0,95623.0,96053.9,1952.75271316
2025-02-13 14:00:00+00:00,96074.0,96500.0,95333.3,95997.8,2696.95367101
2025-02-13 16:00:00+00:00,95996.1,96016.0,95225.9,95708.4,2071.1033125
2025-02-13 18:00:00+00:00,95708.5,96400.0,95358.7,95628.7,1845.98010246
2025-02-13 20:00:00+00:00,95628.7,96800.1,95606.8,96490.1,1228.93538301
2025-02-13 22:00:00+00:00,96485.6,96642.8,96162.1,96616.9,596.33909647
2025-02-14 00:00:00+00:00,96617.0,97000.0,96380.5,96540.0,1321.03917539
2025-02-14 02:00:00+00:00,96540.1,97210.0,96456.0,97143.6,1270.25270221
2025-02-14 04:00:00+00:00,97147.3,97250.0,96569.5,96684.4,854.20994825
2025-02-14 06:00:00+00:00,96684.4,97078.2,96619.1,96941.0,1124.92457139
2025-02-14 08:00:00+00:00,96941.0,97629.9,96806.6,97120.0,500.34357814
2025-02-14 10:00:00+00:00,97136.0,97333.3,96655.3,96888.2,1783.94235129
2025-02-14 12:00:00+00:00,96888.2,96985.7,96462.0,96800.1,1791.54950453
2025-02-14 14:00:00+00:00,96800.1,97499.9,95990.0,95990.0,1129.77116682
2025-02-14 16:00:00+00:00,95990.0,97722.7,95588.2,97508.2,272.03513077
2025-02-14 18:00:00+00:00,97519.0,97550.7,96711.0,96777.5,77.43220577
2025-02-14 20:00:00+00:00,96777.5,98000.0,96000.0,97451.7,550.86876669
2025-02-14 22:00:00+00:00,97456.8,97592.4,96923.0,97504.1,862.4912112
2025-02-15 00:00:00+00:00,97504.0,97844.9,97118.3,97803.3,1048.35565459
2025-02-15 02:00:00+00:00,97803.3,97965.8,97447.5,97664.3,943.91523751
2025-02-15 04:00:00+00:00,97664.3,97796.0,97447.5,97605.5,911.82461452
2025-02-15 06:00:00+00:00,97605.5,97673.8,97350.0,97350.1,1099.39163813
2025-02-15 08:00:00+00:00,97350.0,97601.2,97258.0,97564.8,942.23554904
2025-02-15 10:00:00+00:00,97564.9,97735.9,97436.0,97621.9,1313.07259535
2025-02-15 12:00:00+00:00,97621.9,97946.9,97546.3,97710.0,1256.31833325
2025-02-15 14:00:00+00:00,97710.0,97950.0,97208.3,97639.1,1215.03765866
2025-02-15 16:00:00+00:00,97639.1,97722.2,97322.9,97416.2,1134.83556124
2025-02-15 18:00:00+00:00,97416.1,97666.4,97250.0,97534.0,828.15706854
2025-02-15 20:00:00+00:00,97539.0,97696.8,97421.4,97690.0,551.79032537
2025-02-15 22:00:00+00:00,97690.0,97753.9,97435.8,97587.3,527.46745049
2025-02-16 00:00:00+00:00,97587.4,97722.1,97550.0,97651.2,635.80920292
2025-02-16 02:00:00+00:00,97651.2,97694.5,97434.6,97554.0,655.53254084
2025-02-16 04:00:00+00:00,97554.0,97696.8,97287.0,97606.2,634.43459737
2025-02-16 06:00:00+00:00,97606.3,97630.8,97215.6,97256.0,706.58354825
2025-02-16 08:00:00+00:00,97260.4,97388.3,96962.6,97374.4,1172.17299208
2025-02-16 10:00:00+00:00,97374.4,97411.4,97161.0,97350.2,1087.01444165
2025-02-16 12:00:00+00:00,97350.2,97357.3,96789.7,96843.4,1096.84040845
2025-02-16 14:00:00+00:00,96843.4,97096.7,96685.7,96913.7,1357.08301368
2025-02-16 16:00:00+00:00,96913.7,97200.0,96800.0,96984.9,1004.01875963
2025-02-16 18:00:00+00:00,96984.0,97400.0,96658.1,97064.9,17707.61660008
2025-02-16 20:00:00+00:00,97056.3,97276.0,96854.4,97183.9,827.7640513
2025-02-16 22:00:00+00:00,97192.6,97197.6,96000.0,96105.5,1247.26341211
2025-02-17 00:00:00+00:00,96101.1,96534.7,95863.3,96500.9,1400.42108837
2025-02-17 02:00:00+00:00,96500.9,96650.0,96062.0,96211.7,1274.36078649
2025-02-17 04:00:00+00:00,96211.8,96346.1,95799.2,96238.0,1825.32131837
2025-02-17 06:00:00+00:00,96240.0,96465.9,95894.0,96056.2,1509.83128963
2025-02-17 08:00:00+00:00,96056.2,96320.0,95890.9,96163.4,1748.05885606
2025-02-17 10:00:00+00:00,96163.4,96400.0,95993.2,96071.6,1053.79543617
2025-02-17 12:00:00+00:00,96072.0,96516.6,96063.1,96410.1,1787.91590991
2025-02-17 14:00:00+00:00,96410.2,97030.3,95500.0,95663.9,2879.15537952
2025-02-17 16:00:00+00:00,95656.1,95939.2,95243.9,95475.5,2375.74539393
2025-02-17 18:00:00+00:00,95470.1,95772.0,95188.8,95540.1,1649.58023277
2025-02-17 20:00:00+00:00,95540.1,96419.2,95500.0,96419.1,1231.43395848
2025-02-17 22:00:00+00:00,96417.1,96421.0,95702.0,95778.2,762.88604019
2025-02-18 00:00:00+00:00,95778.3,96300.0,95547.7,96251.9,1096.09223797
2025-02-18 02:00:00+00:00,96261.5,96324.0,95199.9,96198.0,428.18209163
2025-02-18 04:00:00+00:00,96198.0,96297.9,95556.3,95604.1,1571.4406932
2025-02-18 06:00:00+00:00,95604.2,95838.2,95000.0,95484.0,2244.14193856
2025-02-18 08:00:00+00:00,95459.9,95858.9,95093.6,95781.9,1468.36404312
2025-02-18 10:00:00+00:00,95780.1,95873.1,95442.6,95638.7,1142.64308217
2025-02-18 12:00:00+00:00,95627.6,96471.9,95591.2,96216.3,2422.66074651
2025-02-18 14:00:00+00:00,96216.3,96828.0,95205.7,95551.6,3592.99534302
2025-02-18 16:00:00+00:00,95542.0,95645.0,94100.0,94105.0,3059.176999
2025-02-18 18:00:00+00:00,94103.1,94413.6,93363.0,94099.4,3191.12277662
2025-02-18 20:00:00+00:00,94101.9,95375.0,93742.5,95071.8,1994.12894541
2025-02-18 22:00:00+00:00,95066.1,95670.5,94876.5,95666.5,1012.27520623
2025-02-19 00:00:00+00:00,95665.1,95829.9,95048.3,95478.0,1583.28277048
2025-02-19 02:00:00+00:00,95478.1,95964.0,95288.6,95719.7,1587.07506212
2025-02-19 04:00:00+00:00,95719.8,95777.0,95050.4,95284.9,1331.44347775
2025-02-19 06:00:00+00:00,95285.0,95843.0,95238.6,95684.9,1335.42751779
2025-02-19 08:00:00+00:00,95684.3,96027.1,95628.4,95950.0,1676.80222447
2025-02-19 10:00:00+00:00,95957.0,96478.3,95951.2,96437.3,1881.94549078
2025-02-19 12:00:00+00:00,96437.3,96500.0,96165.6,96297.4,2052.50833938
2025-02-19 14:00:00+00:00,96297.4,96710.5,95532.3,95934.5,3059.50992508
2025-02-19 16:00:00+00:00,95935.9,96664.5,95776.6,96388.2,1581.11681135
2025-02-19 18:00:00+00:00,96388.2,96416.6,95420.1,96206.2,1462.24685325
2025-02-19 20:00:00+00:00,96206.2,96488.6,96056.6,96314.9,1281.42084039
2025-02-19 22:00:00+00:00,96314.9,97000.0,96314.9,96644.3,885.92999942
2025-02-20 00:00:00+00:00,96644.4,96995.9,96415.2,96769.9,1170.69401967
2025-02-20 02:00:00+00:00,96769.9,97388.0,96670.1,97067.2,1058.33615841
2025-02-20 04:00:00+00:00,97067.2,97359.1,96897.4,96917.2,1048.36713702
2025-02-20 06:00:00+00:00,96916.3,97187.6,96533.3,96863.1,934.86827933
2025-02-20 08:00:00+00:00,96862.8,97281.7,96800.0,97187.6,1155.7369865
2025-02-20 10:00:00+00:00,97187.5,97388.0,97001.7,97203.4,1024.18757622
2025-02-20 12:00:00+00:00,97203.4,97555.3,96426.2,97546.2,1732.88952072
2025-02-20 14:00:00+00:00,97546.2,98038.0,96799.6,96897.6,3996.92156247
2025-02-20 16:00:00+00:00,96904.3,98016.0,96880.1,97964.0,2841.57230914
2025-02-20 18:00:00+00:00,97964.0,98523.1,97868.7,98423.0,2313.04849803
2025-02-20 20:00:00+00:00,98423.0,98721.9,98007.0,98088.3,1788.38043805
2025-02-20 22:00:00+00:00,98088.2,98515.9,98060.0,98307.9,1058.0287074
2025-02-21 00:00:00+00:00,98307.9,98500.0,98060.0,98314.7,1434.75944299
2025-02-21 02:00:00+00:00,98314.8,98379.9,97852.0,98163.9,1288.64007715
2025-02-21 04:00:00+00:00,98164.0,98400.0,98125.9,98344.0,1139.10947087
2025-02-21 06:00:00+00:00,98344.1,98600.0,98164.2,98170.6,1096.71694056
2025-02-21 08:00:00+00:00,98173.9,98918.1,98114.3,98344.0,2467.89374304
2025-02-21 10:00:00+00:00,98344.0,98814.3,98000.0,98622.6,1254.49896631
2025-02-21 12:00:00+00:00,98623.9,99500.0,98520.0,99331.5,3558.77943566
2025-02-21 14:00:00+00:00,99329.7,99355.0,97175.0,98100.0,4793.77058744
2025-02-21 16:00:00+00:00,98110.0,98760.0,96800.0,96984.0,3931.69150373
2025-02-21 18:00:00+00:00,96974.1,97229.4,95210.0,95272.4,3518.75312057
2025-02-21 20:00:00+00:00,95262.8,95656.0,94868.3,95400.1,2369.85996259
2025-02-21 22:00:00+00:00,95390.7,96194.0,95233.5,96172.9,1514.35691456
2025-02-22 00:00:00+00:00,96173.0,96447.6,95760.4,96229.9,1265.47911646
2025-02-22 02:00:00+00:00,96229.9,96439.3,96091.6,96273.7,970.36226546
2025-02-22 04:00:00+00:00,96282.1,96525.9,96251.7,96511.0,1094.31649863
2025-02-22 06:00:00+00:00,96511.0,96581.5,96282.3,96290.5,1015.87866318
2025-02-22 08:00:00+00:00,96287.3,96526.3,96131.3,96487.2,1022.53855709
2025-02-22 10:00:00+00:00,96487.1,96606.1,96418.2,96569.8,1325.81600381
2025-02-22 12:00:00+00:00,96569.8,96970.1,96520.0,96555.4,1464.46989048
2025-02-22 14:00:00+00:00,96555.4,96717.0,96487.6,96581.3,1555.0744189
2025-02-22 16:00:00+00:00,96581.4,96800.0,96454.4,96626.1,1668.43894876
2025-02-22 18:00:00+00:00,96626.1,96813.9,96358.0,96635.9,1071.19892956
2025-02-22 20:00:00+00:00,96644.0,96662.3,96507.6,96659.8,632.16643672
2025-02-22 22:00:00+00:00,96659.8,96710.7,96290.3,96552.0,465.09070222
2025-02-23 00:00:00+00:00,96552.1,96648.1,96371.6,96454.0,764.26554704
2025-02-23 02:00:00+00:00,96452.2,96564.2,96384.0,96418.1,1334.91551781
2025-02-23 04:00:00+00:00,96418.0,96525.4,96207.0,96207.0,746.74291174
2025-02-23 06:00:00+00:00,96207.1,96550.0,96100.0,96509.2,1234.26595278
2025-02-23 08:00:00+00:00,96509.2,96509.2,96256.0,96277.5,992.31036567
2025-02-23 10:00:00+00:00,96272.6,96300.0,96080.0,96113.0,838.26906929
2025-02-23 12:00:00+00:00,96113.1,96160.5,95650.0,95973.2,1668.23248196
2025-02-23 14:00:00+00:00,95973.3,96047.2,95428.5,95451.7,1726.91750644
2025-02-23 16:00:00+00:00,95451.8,95759.5,95238.6,95660.0,1193.95728608
2025-02-23 18:00:00+00:00,95660.1,95884.4,95400.0,95764.0,908.90066163
2025-02-23 20:00:00+00:00,95764.0,95819.6,95645.3,95769.6,335.52891836
2025-02-23 22:00:00+00:00,95769.6,96333.2,95540.2,96264.7,1096.1786664
2025-02-24 00:00:00+00:00,96264.7,96505.6,95749.0,95978.6,2280.66088977
2025-02-24 02:00:00+00:00,95978.6,96208.4,95304.3,95428.0,2062.49870127
2025-02-24 04:00:00+00:00,95428.1,95759.9,95073.9,95726.9,1760.97115716
2025-02-24 06:00:00+00:00,95727.0,95954.9,95609.2,95868.4,1383.1290385
2025-02-24 08:00:00+00:00,95868.5,96156.0,95380.4,95760.1,1915.09091909
2025-02-24 10:00:00+00:00,95760.1,95925.0,95361.9,95822.4,1949.15604847
2025-02-24 12:00:00+00:00,95823.2,96094.3,95174.0,95595.6,2160.93942117
2025-02-24 14:00:00+00:00,95595.6,95796.7,93808.7,94323.8,4203.77703422
2025-02-24 16:00:00+00:00,94322.1,95180.0,94154.8,94642.7,2463.35123505
2025-02-24 18:00:00+00:00,94642.8,94857.1,93615.6,93924.2,1956.59652218
2025-02-24 20:00:00+00:00,93924.2,94568.7,93606.0,93978.2,2030.58945978
2025-02-24 22:00:00+00:00,93978.2,93993.5,91333.4,91537.9,2882.05078805
2025-02-25 00:00:00+00:00,91534.5,92400.0,90844.0,92037.8,3679.19054046
2025-02-25 02:00:00+00:00,92032.1,92543.8,91571.9,92162.9,2355.46975619
2025-02-25 04:00:00+00:00,92162.9,92328.0,91635.9,92069.0,2876.94095818
2025-02-25 06:00:00+00:00,92072.5,92134.4,88181.8,89354.0,6827.43182963
2025-02-25 08:00:00+00:00,89342.8,90000.0,88181.8,88317.9,5089.10980327
2025-02-25 10:00:00+00:00,88324.0,89375.1,86542.8,89240.6,6416.58879063
2025-02-25 12:00:00+00:00,89252.2,89899.2,88543.9,88850.3,4052.05995083
2025-02-25 14:00:00+00:00,88850.2,89399.9,85791.7,87226.0,5841.85833923
2025-02-25 16:00:00+00:00,87226.0,87953.3,86000.0,87272.7,3815.88070303
2025-02-25 18:00:00+00:00,87272.8,88060.6,86400.0,87928.3,4519.4198701
2025-02-25 20:00:00+00:00,87928.4,89015.9,87600.0,88814.1,3216.97769164
2025-02-25 22:00:00+00:00,88814.1,89458.1,88405.4,88674.1,1356.62835783
2025-02-26 00:00:00+00:00,88680.7,88841.8,88098.1,88723.9,1572.34172691
2025-02-26 02:00:00+00:00,88700.1,89432.6,88432.3,88895.5,1752.95905603
2025-02-26 04:00:00+00:00,88895.6,89370.0,88407.0,88421.0,1832.45498841
2025-02-26 06:00:00+00:00,88418.1,89159.9,88418.1,88714.0,3654.36494891
2025-02-26 08:00:00+00:00,88725.0,89289.6,87849.8,89111.6,2699.35646908
2025-02-26 10:00:00+00:00,89111.7,89370.0,88553.2,88604.8,2092.48728737
2025-02-26 12:00:00+00:00,88604.9,88722.7,87000.0,87175.7,3126.49237839
2025-02-26 14:00:00+00:00,87175.7,88511.3,85101.0,87556.9,5623.75392666
2025-02-26 16:00:00+00:00,87556.9,87792.0,85500.0,86049.8,3729.79617904
2025-02-26 18:00:00+00:00,86049.7,86492.9,83075.7,83859.5,6225.98984248
2025-02-26 20:00:00+00:00,83859.5,85147.0,82152.6,84587.6,5107.376366
2025-02-26 22:00:00+00:00,84592.4,85400.0,83702.0,84246.1,2523.38579022
2025-02-27 00:00:00+00:00,84254.0,85454.5,83884.1,84768.1,3512.94622013
2025-02-27 02:00:00+00:00,84768.1,85500.0,84209.7,85215.9,2776.72533912
2025-02-27 04:00:00+00:00,85214.0,85960.6,84426.0,85882.1,3411.15068244
2025-02-27 06:00:00+00:00,85882.1,86726.1,85714.2,86268.0,3581.85118623
2025-02-27 08:00:00+00:00,86270.0,86428.5,85066.6,85692.6,1037.79254318
2025-02-27 10:00:00+00:00,85692.6,87077.7,85382.8,86699.0,4188.86280473
2025-02-27 12:00:00+00:00,86699.0,86833.3,84996.0,85242.0,25415.92381327
2025-02-27 14:00:00+00:00,85242.0,86397.7,84426.0,85498.8,14532.57480913
2025-02-27 16:00:00+00:00,85503.8,85800.0,84256.3,84602.0,20603.44613885
2025-02-27 18:00:00+00:00,84609.1,84992.1,83600.0,84121.5,3538.08706076
2025-02-27 20:00:00+00:00,84124.4,84558.2,82727.2,84420.6,4073.04112383
2025-02-27 22:00:00+00:00,84417.9,84928.0,83888.5,84714.2,2190.32339651
2025-02-28 00:00:00+00:00,84716.0,84903.1,80891.4,82265.9,5820.70688177
2025-02-28 02:00:00+00:00,82265.9,82870.2,79470.9,80448.0,10765.30245109
2025-02-28 04:00:00+00:00,80448.0,80950.1,79087.4,79944.2,5332.5883117
2025-02-28 06:00:00+00:00,79946.3,80429.9,78623.6,79216.0,4563.94892263
2025-02-28 08:00:00+00:00,79216.1,80800.0,78200.0,80343.9,4994.26514401
2025-02-28 10:00:00+00:00,80342.6,80846.3,79434.2,80536.9,3535.70489122
2025-02-28 12:00:00+00:00,80530.0,81762.3,80000.0,81522.3,5503.90558238
2025-02-28 14:00:00+00:00,81508.1,84426.2,80999.9,84010.3,6455.48760554
2025-02-28 16:00:00+00:00,84007.9,84932.1,83169.8,83590.9,5524.47770977
2025-02-28 18:00:00+00:00,83600.0,85100.0,83000.0,84444.5,4763.22649115
2025-02-28 20:00:00+00:00,84444.0,84784.6,83400.0,84256.9,3680.12005358
2025-02-28 22:00:00+00:00,84249.9,84560.8,83684.6,84333.1,1680.13821071
2025-03-01 00:00:00+00:00,84332.9,84868.1,83750.0,84652.2,2760.61878654
2025-03-01 02:00:00+00:00,84652.3,85674.9,84346.8,85331.3,3786.91085466
2025-03-01 04:00:00+00:00,85331.3,86547.1,85264.3,85574.8,3039.74459551
2025-03-01 06:00:00+00:00,85584.1,85717.2,84490.7,84736.2,2631.35251041
2025-03-01 08:00:00+00:00,84747.7,85500.0,84715.0,85388.4,3031.98700051
2025-03-01 10:00:00+00:00,85379.8,85432.0,84353.6,84621.1,2494.24456787
2025-03-01 12:00:00+00:00,84621.2,84938.2,84090.9,84516.0,2566.268896
2025-03-01 14:00:00+00:00,84518.0,84900.0,84286.4,84790.1,3384.09328174
2025-03-01 16:00:00+00:00,84790.1,85377.7,84671.1,85206.0,3121.68551842
2025-03-01 18:00:00+00:00,85200.1,85550.0,84989.9,85479.9,2421.91688436
2025-03-01 20:00:00+00:00,85480.0,86150.2,85166.6,86066.8,1888.92008418
2025-03-01 22:00:00+00:00,86078.0,86262.1,85656.5,86056.1,1471.05477892
2025-03-02 00:00:00+00:00,86056.1,86358.9,85594.3,86354.6,2400.83207759
2025-03-02 02:00:00+00:00,86354.6,86495.9,85384.6,85859.1,2458.51060694
2025-03-02 04:00:00+00:00,85859.1,86245.9,85495.5,85948.4,3245.18275197
2025-03-02 06:00:00+00:00,85948.4,86547.9,85382.4,86233.7,2644.88003503
2025-03-02 08:00:00+00:00,86233.6,86258.0,85600.0,85900.1,2239.5763665
2025-03-02 10:00:00+00:00,85900.1,86200.0,85500.0,86092.2,1680.60141553
2025-03-02 12:00:00+00:00,86092.3,86104.9,85172.8,85707.1,3782.39065219
2025-03-02 14:00:00+00:00,85706.3,88664.0,84999.9,87410.6,3744.67109115
2025-03-02 16:00:00+00:00,87410.6,94944.0,87000.0,93128.2,4566.68298055
2025-03-02 18:00:00+00:00,93128.2,94215.8,91500.0,92966.4,4365.16033278
2025-03-02 20:00:00+00:00,92966.4,94393.5,92795.7,93316.6,3957.73547093
2025-03-02 22:00:00+00:00,93316.6,94600.0,93053.4,94269.5,4278.27823236
2025-03-03 00:00:00+00:00,94269.5,94412.6,92183.6,93069.0,5451.12831754
2025-03-03 02:00:00+00:00,93068.0,93450.3,92032.9,92700.5,4604.85342058
2025-03-03 04:00:00+00:00,92714.0,93334.0,91800.0,93325.0,2767.83988577
2025-03-03 06:00:00+00:00,93325.2,93334.0,90753.6,92365.9,3199.4135573
2025-03-03 08:00:00+00:00,92365.9,92390.0,90759.9,91844.1,3075.86992338
2025-03-03 10:00:00+00:00,91842.1,92893.0,91200.0,92725.0,2669.21625797
2025-03-03 12:00:00+00:00,92725.0,93678.0,92500.0,93572.0,3331.60389268
2025-03-03 14:00:00+00:00,93571.9,93688.0,88981.2,89675.6,3700.01221966
2025-03-03 16:00:00+00:00,89838.7,90997.7,89214.0,90300.5,3603.56899161
2025-03-03 18:00:00+00:00,90290.0,90439.0,85438.2,85600.0,3513.66454001
2025-03-03 20:00:00+00:00,85622.0,86538.8,85120.0,85388.2,3279.39074187
2025-03-03 22:00:00+00:00,85388.0,87019.9,85304.0,86211.4,2561.32659992
2025-03-04 00:00:00+00:00,86219.8,86792.2,82318.8,83362.0,4946.86172813
2025-03-04 02:00:00+00:00,83366.0,84444.1,82500.0,83988.5,5345.05796844
2025-03-04 04:00:00+00:00,83981.7,84600.0,83169.8,84278.0,9400.06949244
2025-03-04 06:00:00+00:00,84278.2,84394.0,83100.0,83191.7,5637.23990489
2025-03-04 08:00:00+00:00,83203.8,84350.0,82841.8,83750.0,5996.42681207
2025-03-04 10:00:00+00:00,83744.7,84370.0,83497.1,83950.0,5359.82693395
2025-03-04 12:00:00+00:00,83939.8,83984.1,82314.7,82800.0,6128.38168659
2025-03-04 14:00:00+00:00,82737.3,84340.0,81875.7,82400.0,4156.99226355
2025-03-04 16:00:00+00:00,82411.0,84471.9,81397.1,84349.1,564.64622667
2025-03-04 18:00:00+00:00,84349.1,87400.0,84349.1,87096.7,327.0683875
2025-03-04 20:00:00+00:00,87096.7,87999.9,85731.1,86496.9,106.76381154
2025-03-04 22:00:00+00:00,86500.0,86750.0,86263.0,86399.9,107.1077136
2025-03-05 00:00:00+00:00,86400.0,87652.8,85573.8,86884.7,389.11565972
2025-03-05 02:00:00+00:00,86884.7,87730.4,86238.3,86498.4,389.74834699
2025-03-05 04:00:00+00:00,86598.4,87381.6,85994.4,86170.8,302.66973962
2025-03-05 06:00:00+00:00,86170.8,87726.1,86143.4,87617.7,2978.2427637
2025-03-05 08:00:00+00:00,87617.8,88839.8,87400.0,88494.2,1402.10266584
2025-03-05 10:00:00+00:00,88483.5,90658.3,88083.4,89805.4,3718.90701585
2025-03-05 12:00:00+00:00,89827.6,90920.0,89116.7,89471.1,1899.34045686
2025-03-05 14:00:00+00:00,89473.5,89877.0,87600.0,88336.6,1576.77785632
2025-03-05 16:00:00+00:00,88348.8,90458.3,87500.0,89686.0,1358.07188403
2025-03-05 18:00:00+00:00,89688.0,90150.1,88800.0,89731.0,555.27152209
2025-03-05 20:00:00+00:00,89745.4,90666.6,89675.1,90358.5,462.43368761
2025-03-05 22:00:00+00:00,90394.2,91008.0,90021.5,90608.7,420.84635643
2025-03-06 00:00:00+00:00,90608.8,91897.6,89986.6,91028.4,667.11946736
2025-03-06 02:00:00+00:00,91041.7,92025.4,90709.5,91613.6,2138.19637255
2025-03-06 04:00:00+00:00,91614.1,92807.9,91464.8,92740.5,3157.12778198
2025-03-06 06:00:00+00:00,92754.2,92771.7,91189.0,91351.0,2138.47894143
2025-03-06 08:00:00+00:00,91346.1,91600.0,90500.0,90768.5,2572.19194029
2025-03-06 10:00:00+00:00,90746.0,91678.9,90610.0,91360.2,7583.20025066
2025-03-06 12:00:00+00:00,91360.1,91413.5,89500.0,89584.0,3724.88362695
2025-03-06 14:00:00+00:00,89584.0,91460.0,89000.0,90816.9,4389.79592177
2025-03-06 16:00:00+00:00,90824.0,91100.0,88001.0,88624.0,4086.49426768
2025-03-06 18:00:00+00:00,88624.0,89393.8,87733.7,88513.9,2774.32038507
2025-03-06 20:00:00+00:00,88527.6,89868.0,88467.1,89868.0,1962.12703085
2025-03-06 22:00:00+00:00,89868.0,90780.1,89530.0,89930.0,2234.58418177
2025-03-07 00:00:00+00:00,89922.3,91266.1,84669.9,88280.0,3554.01938439
2025-03-07 02:00:00+00:00,88248.5,88447.9,86800.0,86988.0,2319.72188283
2025-03-07 04:00:00+00:00,86988.1,88439.0,86800.0,88224.5,2889.91902578
2025-03-07 06:00:00+00:00,88230.4,88642.1,87800.0,88380.1,2620.48113232
2025-03-07 08:00:00+00:00,88363.8,89706.4,87961.4,88929.2,3228.13800002
2025-03-07 10:00:00+00:00,88933.9,89600.0,88666.6,88975.0,3044.70882202
2025-03-07 12:00:00+00:00,88978.0,90322.0,88285.7,89114.7,3745.0997676
2025-03-07 14:00:00+00:00,89130.1,91094.4,88000.0,88464.0,4794.39578936
2025-03-07 16:00:00+00:00,88444.0,88958.8,86517.9,87677.9,4273.8730985
2025-03-07 18:00:00+00:00,87677.9,89031.9,87211.8,87822.0,3386.15329924
2025-03-07 20:00:00+00:00,87822.1,88490.5,85698.8,86365.1,3801.66076165
2025-03-07 22:00:00+00:00,86299.9,86846.5,85623.4,86797.2,2955.03051039
2025-03-08 00:00:00+00:00,86797.2,86973.7,86535.0,86714.1,1712.6385149
2025-03-08 02:00:00+00:00,86714.2,87007.7,85251.5,85916.0,2334.9986467
2025-03-08 04:00:00+00:00,85916.1,86500.0,85655.1,86274.2,2058.02980485
2025-03-08 06:00:00+00:00,86274.7,86666.6,86100.0,86190.4,2029.95013312
2025-03-08 08:00:00+00:00,86192.2,86503.5,85833.4,85935.8,2785.23308219
2025-03-08 10:00:00+00:00,85939.7,86260.7,85747.2,85959.6,2734.08374969
2025-03-08 12:00:00+00:00,85966.5,86529.2,85700.0,86333.9,2952.01788729
2025-03-08 14:00:00+00:00,86327.5,86639.0,86000.0,86398.0,2908.56432827
2025-03-08 16:00:00+00:00,86398.1,86454.1,85600.0,85949.4,2829.08420428
2025-03-08 18:00:00+00:00,85949.9,86508.2,85800.1,86229.9,1529.31403392
2025-03-08 20:00:00+00:00,86229.9,86503.8,86184.9,86230.7,1118.2439846
2025-03-08 22:00:00+00:00,86230.7,86430.5,85854.6,86227.8,1362.94552407
2025-03-09 00:00:00+00:00,86228.0,86511.7,86100.0,86195.2,1469.86249681
2025-03-09 02:00:00+00:00,86193.5,86285.8,85870.0,86115.5,1545.94265426
2025-03-09 04:00:00+00:00,86115.6,86158.9,85870.0,86033.7,1406.44613179
2025-03-09 06:00:00+00:00,86025.2,86163.7,85805.7,86007.1,1415.31116047
2025-03-09 08:00:00+00:00,86007.1,86087.5,85400.0,85562.1,6789.58958631
2025-03-09 10:00:00+00:00,85568.0,85616.6,84476.4,85032.2,40800.74327968
2025-03-09 12:00:00+00:00,85032.2,85142.8,83498.9,83519.5,39348.0530275
2025-03-09 14:00:00+00:00,83519.5,84000.0,82780.6,83070.2,7759.02089831
2025-03-09 16:00:00+00:00,83070.2,83736.4,82223.2,82328.1,13212.28832068
2025-03-09 18:00:00+00:00,82363.0,83381.4,82223.2,82626.2,12740.8170445
2025-03-09 20:00:00+00:00,82632.5,83530.4,81566.1,81830.2,24295.2798446
2025-03-09 22:00:00+00:00,81843.2,82031.0,80033.0,80725.6,23368.68993297
2025-03-10 00:00:00+00:00,80738.5,81943.2,80055.9,81764.5,7640.32931528
2025-03-10 02:00:00+00:00,81769.0,82750.0,81528.9,82051.8,5034.68721542
2025-03-10 04:00:00+00:00,82048.4,82766.6,82000.0,82308.6,3433.39827596
2025-03-10 06:00:00+00:00,82328.3,83000.0,81996.3,82321.0,3554.29421909
2025-03-10 08:00:00+00:00,82321.0,84089.3,81029.4,82512.1,5142.50771235
2025-03-10 10:00:00+00:00,82512.0,83796.5,81600.0,83556.5,3770.90304121
2025-03-10 12:00:00+00:00,83582.0,83785.7,81153.8,81537.6,5098.5306878
2025-03-10 14:00:00+00:00,81537.6,81545.6,79040.9,80026.5,10066.26699587
2025-03-10 16:00:00+00:00,80028.4,80248.1,78000.0,78470.6,84216.82812086
2025-03-10 18:00:00+00:00,78470.4,79524.9,77471.9,79060.1,34819.44373529
2025-03-10 20:00:00+00:00,79060.1,79886.7,78407.1,79568.0,3576.37446355
2025-03-10 22:00:00+00:00,79567.8,79850.0,78498.2,78602.3,3722.43615179
2025-03-11 00:00:00+00:00,78602.4,79234.0,76600.0,79124.1,6185.13985808
2025-03-11 02:00:00+00:00,79124.0,79920.0,78666.2,79538.0,4282.98791556
2025-03-11 04:00:00+00:00,79538.1,80538.7,79446.4,80259.6,3489.20522632
2025-03-11 06:00:00+00:00,80259.5,80569.3,79647.6,80428.1,2787.18007386
2025-03-11 08:00:00+00:00,80428.1,81883.3,80001.7,81450.1,4387.82695052
2025-03-11 10:00:00+00:00,81450.4,82168.1,81268.0,81718.6,4085.97885206
2025-03-11 12:00:00+00:00,81718.6,82209.5,80376.3,80900.2,6158.26382312
2025-03-11 14:00:00+00:00,80898.0,81666.6,79000.0,81214.4,6737.30210358
2025-03-11 16:00:00+00:00,81228.6,81888.0,80513.6,81302.4,4742.26254816
2025-03-11 18:00:00+00:00,81286.9,83616.0,81286.8,83124.1,10829.46232427
2025-03-11 20:00:00+00:00,83111.4,83256.5,82600.0,83124.2,2058.45395821
2025-03-11 22:00:00+00:00,83101.1,83302.8,82560.0,82941.6,2795.56793659
2025-03-12 00:00:00+00:00,82943.2,83804.8,82560.0,83312.3,3298.06877249
2025-03-12 02:00:00+00:00,83312.3,83517.5,81982.3,82120.2,3383.78252914
2025-03-12 04:00:00+00:00,82120.2,82208.1,81396.2,81983.8,2639.74182799
2025-03-12 06:00:00+00:00,81976.6,82533.3,81171.3,82433.9,3182.33803472
2025-03-12 08:00:00+00:00,82433.9,82926.8,82000.0,82686.6,3603.5355402
2025-03-12 10:00:00+00:00,82673.5,83088.3,82103.8,83005.9,2243.22640883
2025-03-12 12:00:00+00:00,83005.9,84403.0,82262.1,82673.5,27674.6136476
2025-03-12 14:00:00+00:00,82673.5,82934.4,80534.8,81734.6,4861.22477207
2025-03-12 16:00:00+00:00,81733.3,82892.2,81372.2,81859.4,4814.97411193
2025-03-12 18:00:00+00:00,81851.0,83155.4,81734.8,82923.9,3742.77067727
2025-03-12 20:00:00+00:00,82919.0,83321.6,82712.5,83086.3,1418.95081921
2025-03-12 22:00:00+00:00,83086.3,83943.4,83027.1,83688.0,2575.72664562
2025-03-13 00:00:00+00:00,83691.9,84180.0,83324.7,83920.3,22568.47290436
2025-03-13 02:00:00+00:00,83922.6,84284.6,83333.3,83576.9,79795.9231049
2025-03-13 04:00:00+00:00,83575.8,83861.3,82979.8,83157.6,4307.11935918
2025-03-13 06:00:00+00:00,83157.6,83600.0,82700.0,83182.4,4000.60337016
2025-03-13 08:00:00+00:00,83182.4,83514.9,82000.0,83437.4,2212.3459001
2025-03-13 10:00:00+00:00,83437.4,83499.9,82695.7,82970.0,2561.62759302
2025-03-13 12:00:00+00:00,82970.3,83846.1,81535.1,81772.1,5018.48390751
2025-03-13 14:00:00+00:00,81772.2,82500.0,80806.2,81043.9,6270.18845241
2025-03-13 16:00:00+00:00,81043.9,81522.9,79953.9,80066.6,122589.55917832
2025-03-13 18:00:00+00:00,80066.6,81037.8,80012.5,80206.6,8567.5067113
2025-03-13 20:00:00+00:00,80210.0,80877.9,80199.7,80813.3,2403.98748988
2025-03-13 22:00:00+00:00,80810.5,81489.9,80724.1,81117.9,1743.56938844
2025-03-14 00:00:00+00:00,81119.6,82000.0,80826.9,81600.1,2554.86830204
2025-03-14 02:00:00+00:00,81603.5,82266.6,81538.4,81900.0,2123.55681476
2025-03-14 04:00:00+00:00,81899.2,82218.3,81701.0,82147.1,1655.43846552
2025-03-14 06:00:00+00:00,82158.1,82455.1,81701.0,82178.7,2283.99716284
2025-03-14 08:00:00+00:00,82178.6,82938.4,82000.0,82780.0,5432.61249461
2025-03-14 10:00:00+00:00,82784.0,83360.0,82670.0,83263.0,6954.67618276
2025-03-14 12:00:00+00:00,83263.0,83900.0,83053.4,83599.1,13517.64028551
2025-03-14 14:00:00+00:00,83599.8,85600.0,82567.2,84726.0,53529.41623938
2025-03-14 16:00:00+00:00,84726.0,85020.5,83973.6,84350.5,17061.51959684
2025-03-14 18:00:00+00:00,84350.5,84929.5,84200.1,84555.9,33787.18064279
2025-03-14 20:00:00+00:00,84555.0,84555.5,83555.5,84214.1,2465.3137933
2025-03-14 22:00:00+00:00,84214.0,84516.1,83958.0,83979.9,1818.83369156
2025-03-15 00:00:00+00:00,83980.0,84578.7,83970.1,84357.2,2801.21919628
2025-03-15 02:00:00+00:00,84357.2,84677.8,84165.2,84484.9,2174.17719644
2025-03-15 04:00:00+00:00,84484.9,84583.9,84151.3,84265.1,1848.68788008
2025-03-15 06:00:00+00:00,84265.1,84300.0,83724.0,83830.9,2448.05865915
2025-03-15 08:00:00+00:00,83830.9,84136.1,83500.0,83966.0,2710.47729122
2025-03-15 10:00:00+00:00,83966.0,84179.6,83653.9,84092.4,10710.01898842
2025-03-15 12:00:00+00:00,84099.3,84480.0,83990.0,84458.1,12349.50188523
2025-03-15 14:00:00+00:00,84458.1,84480.4,83986.4,84334.0,2808.88336695
2025-03-15 16:00:00+00:00,84334.1,84491.1,84008.7,84419.0,3081.88753405
2025-03-15 18:00:00+00:00,84419.0,84550.0,84103.8,84295.1,1966.23732472
2025-03-15 20:00:00+00:00,84295.1,84499.9,84238.0,84384.0,1204.48288054
2025-03-15 22:00:00+00:00,84384.0,84447.7,84274.0,84342.1,1094.24525817
2025-03-16 00:00:00+00:00,84342.0,84390.8,83829.5,83871.1,1975.0855128
2025-03-16 02:00:00+00:00,83867.2,84381.9,83741.6,84324.1,2404.22353486
2025-03-16 04:00:00+00:00,84336.1,84420.0,84129.9,84393.9,1555.2776772
2025-03-16 06:00:00+00:00,84392.5,84586.5,83970.0,84261.9,1686.80239507
2025-03-16 08:00:00+00:00,84275.9,84337.5,83808.0,83895.6,2195.59525347
2025-03-16 10:00:00+00:00,83895.7,84055.9,82380.0,82404.5,4649.02789998
2025-03-16 12:00:00+00:00,82406.1,83269.0,82281.4,82612.0,4656.9268389
2025-03-16 14:00:00+00:00,82612.0,83476.2,82580.1,83316.6,4290.42970455
2025-03-16 16:00:00+00:00,83316.6,85126.2,83290.2,83908.7,4657.96661803
2025-03-16 18:00:00+00:00,83908.7,84089.7,82532.5,83090.3,3752.8174811
2025-03-16 20:00:00+00:00,83097.6,83450.6,82688.0,82764.7,2232.09082215
2025-03-16 22:00:00+00:00,82765.9,82832.0,82000.0,82578.0,4151.95534155
2025-03-17 00:00:00+00:00,82578.1,83396.0,82495.9,83238.6,3960.25417995
2025-03-17 02:00:00+00:00,83238.5,83724.1,82979.1,83678.0,2398.21764879
2025-03-17 04:00:00+00:00,83676.0,83875.0,83115.2,83116.2,2907.59246514
2025-03-17 06:00:00+00:00,83118.0,83629.9,82666.6,83558.3,3519.89022769
2025-03-17 08:00:00+00:00,83558.3,83784.0,83200.0,83649.9,2509.76945869
2025-03-17 10:00:00+00:00,83650.0,83750.0,83212.9,83512.0,1552.81367698
2025-03-17 12:00:00+00:00,83511.9,83990.0,82810.0,83026.1,3381.86387209
2025-03-17 14:00:00+00:00,83012.6,83700.0,82463.5,83532.7,4643.42000325
2025-03-17 16:00:00+00:00,83541.4,84342.1,83128.0,84193.7,2893.98140993
2025-03-17 18:00:00+00:00,84193.7,84753.9,83884.1,84470.0,2120.6326391
2025-03-17 20:00:00+00:00,84483.9,84498.4,83850.4,84080.1,1355.10677549
2025-03-17 22:00:00+00:00,84080.1,84248.7,83750.7,84012.0,849.5643216
2025-03-18 00:00:00+00:00,84011.9,84030.1,83014.4,83166.7,1725.99466684
2025-03-18 02:00:00+00:00,83166.7,83533.6,82962.9,83140.9,1611.66465885
2025-03-18 04:00:00+00:00,83140.9,83244.2,82857.5,83025.0,1309.98840528
2025-03-18 06:00:00+00:00,83025.1,83417.8,82250.0,83162.5,2752.54252906
2025-03-18 08:00:00+00:00,83162.5,83500.0,82666.6,82834.0,1242.14939367
2025-03-18 10:00:00+00:00,82834.0,82983.9,82503.3,82580.9,1736.7823864
2025-03-18 12:00:00+00:00,82580.8,82841.8,80883.5,81388.7,2812.80127565
2025-03-18 14:00:00+00:00,81397.5,82204.0,80748.2,81600.0,4074.93329717
2025-03-18 16:00:00+00:00,81600.1,82158.9,81199.8,81467.4,2910.36726602
2025-03-18 18:00:00+00:00,81463.3,82480.1,81245.6,82326.0,1871.45911966
2025-03-18 20:00:00+00:00,82326.5,82395.2,81763.0,82060.0,722.21898252
2025-03-18 22:00:00+00:00,82054.1,82813.3,81995.0,82709.8,1187.0454884
2025-03-19 00:00:00+00:00,82709.8,83244.0,82590.0,82599.7,1713.43677097
2025-03-19 02:00:00+00:00,82599.8,83095.1,82539.5,83034.0,1460.76194427
2025-03-19 04:00:00+00:00,83033.9,83324.6,82786.9,83242.2,1860.90440694
2025-03-19 06:00:00+00:00,83242.2,83361.9,83060.0,83180.5,1663.41195942
2025-03-19 08:00:00+00:00,83198.9,83606.0,83162.7,83538.5,3327.7312016
2025-03-19 10:00:00+00:00,83538.5,84100.2,83300.2,83882.0,3927.44046731
2025-03-19 12:00:00+00:00,83882.0,84356.7,83513.6,84148.1,4670.0724546
2025-03-19 14:00:00+00:00,84148.1,84900.0,83354.4,84734.1,2289.98692153
2025-03-19 16:00:00+00:00,84734.0,84825.5,83768.0,84230.3,2535.15844577
2025-03-19 18:00:00+00:00,84230.8,85948.1,83587.8,85429.9,5598.74583182
2025-03-19 20:00:00+00:00,85433.9,85919.7,85212.1,85635.3,6721.0207149
2025-03-19 22:00:00+00:00,85635.3,87006.0,85547.4,86836.2,3714.89072974
2025-03-20 00:00:00+00:00,86843.6,87432.1,85552.2,85875.9,2367.79885295
2025-03-20 02:00:00+00:00,85876.0,86206.8,85626.3,85889.9,1619.9665554
2025-03-20 04:00:00+00:00,85890.0,85935.9,85432.1,85836.3,1138.35437155
2025-03-20 06:00:00+00:00,85836.0,86015.0,85633.5,85808.0,21142.89287404
2025-03-20 08:00:00+00:00,85811.8,86324.0,85595.6,85987.1,1137.3975751
2025-03-20 10:00:00+00:00,85987.2,85987.2,84898.5,85502.5,1725.32893982
2025-03-20 12:00:00+00:00,85514.0,85854.2,85078.4,85530.0,2339.4901892
2025-03-20 14:00:00+00:00,85530.0,86551.8,84576.7,84694.1,3886.57915314
2025-03-20 16:00:00+00:00,84694.1,84888.0,83588.2,84085.8,3526.02049895
2025-03-20 18:00:00+00:00,84085.8,84424.6,83920.0,84161.9,1738.95256514
2025-03-20 20:00:00+00:00,84161.9,84600.5,84000.0,84363.8,1259.29324682
2025-03-20 22:00:00+00:00,84359.1,84508.1,83916.2,84226.0,1062.40584316
2025-03-21 00:00:00+00:00,84223.7,84789.3,84178.2,84775.9,1184.192856
2025-03-21 02:00:00+00:00,84776.8,85154.1,84256.8,84443.4,2465.38424711
2025-03-21 04:00:00+00:00,84443.5,84843.2,84329.4,84462.4,1282.37155646
2025-03-21 06:00:00+00:00,84462.4,84473.6,83698.4,83944.5,1499.38836366
2025-03-21 08:00:00+00:00,83944.5,84341.4,83600.0,84130.7,2642.34974666
2025-03-21 10:00:00+00:00,84130.7,84300.0,83884.1,84053.7,1350.95470439
2025-03-21 12:00:00+00:00,84053.8,84368.3,83080.5,83945.1,2935.0814793
2025-03-21 14:00:00+00:00,83945.4,84300.0,83508.6,83574.0,3452.49737016
2025-03-21 16:00:00+00:00,83574.1,84152.9,83377.2,84020.9,2359.95538934
2025-03-21 18:00:00+00:00,84021.0,84425.8,83785.3,83959.9,1691.19250553
2025-03-21 20:00:00+00:00,83959.9,84583.3,83788.5,84395.7,6768.48580668
2025-03-21 22:00:00+00:00,84395.7,84418.6,84038.0,84086.5,616.0140188
2025-03-22 00:00:00+00:00,84086.5,84345.7,83947.1,84063.0,818.30961894
2025-03-22 02:00:00+00:00,84063.0,84350.0,83943.2,84247.9,2009.53432792
2025-03-22 04:00:00+00:00,84248.0,84422.0,84119.9,84320.2,717.28388419
2025-03-22 06:00:00+00:00,84320.2,84400.0,84158.7,84271.7,628.95069493
2025-03-22 08:00:00+00:00,84273.9,84567.5,84119.9,84354.4,1095.92671214
2025-03-22 10:00:00+00:00,84354.5,84446.6,84214.0,84231.9,825.51156033
2025-03-22 12:00:00+00:00,84238.5,84297.4,84049.9,84169.7,991.89050481
2025-03-22 14:00:00+00:00,84173.8,84204.1,83846.1,84118.0,858.70062399
2025-03-22 16:00:00+00:00,84117.9,84266.4,83827.0,84240.9,713.99444169
2025-03-22 18:00:00+00:00,84240.8,84326.0,84159.4,84175.0,576.30678059
2025-03-22 20:00:00+00:00,84175.1,84676.9,83266.2,84017.9,28813.54255995
2025-03-22 22:00:00+00:00,84019.7,84074.3,83665.7,83850.0,532.9188207
2025-03-23 00:00:00+00:00,83850.0,84138.8,83812.1,84070.5,537.10299073
2025-03-23 02:00:00+00:00,84070.5,84278.6,83988.1,84234.3,614.39446405
2025-03-23 04:00:00+00:00,84234.3,84246.0,84000.0,84227.1,644.41887148
2025-03-23 06:00:00+00:00,84227.2,84320.0,84192.6,84273.9,464.96497755
2025-03-23 08:00:00+00:00,84274.0,84368.0,84245.8,84315.1,449.81796395
2025-03-23 10:00:00+00:00,84315.2,85028.5,84301.3,84698.1,994.82911479
2025-03-23 12:00:00+00:00,84698.0,85115.4,84579.4,85085.8,1130.92619338
2025-03-23 14:00:00+00:00,85085.8,85747.0,84331.5,85193.9,27715.42965277
2025-03-23 16:00:00+00:00,85193.9,85459.6,84814.0,85030.1,5916.14091582
2025-03-23 18:00:00+00:00,85030.1,85103.0,84813.1,85024.3,673.87386894
2025-03-23 20:00:00+00:00,85024.4,85276.5,84800.0,85189.4,569.50342347
2025-03-23 22:00:00+00:00,85165.5,86127.2,85165.5,86086.0,1200.08853053
2025-03-24 00:00:00+00:00,86083.4,86638.0,85542.1,85571.9,1767.33305358
2025-03-24 02:00:00+00:00,85568.8,86576.0,85530.1,86546.1,1641.23606767
2025-03-24 04:00:00+00:00,86531.3,87024.9,86312.5,86914.0,2018.36035703
2025-03-24 06:00:00+00:00,86907.7,87274.1,86661.9,86870.2,3276.91839983
2025-03-24 08:00:00+00:00,86870.3,87550.0,86836.4,87161.3,3407.82387671
2025-03-24 10:00:00+00:00,87161.4,87872.7,87068.4,87678.4,22066.2890492
2025-03-24 12:00:00+00:00,87682.6,87751.3,87088.8,87698.8,3641.53476544
2025-03-24 14:00:00+00:00,87698.8,88800.0,87600.0,88329.9,2683.97120323
2025-03-24 16:00:00+00:00,88329.9,88490.1,87610.8,88452.4,39218.88921059
2025-03-24 18:00:00+00:00,88452.0,88530.1,87962.4,88226.0,5835.32428252
2025-03-24 20:00:00+00:00,88224.0,88477.6,87806.0,88101.2,835.84650268
2025-03-24 22:00:00+00:00,88101.2,88173.4,87049.0,87490.7,1380.50226164
2025-03-25 00:00:00+00:00,87496.7,87684.3,86806.1,87090.5,1718.31781303
2025-03-25 02:00:00+00:00,87090.5,87363.3,86237.0,86520.0,1539.57546033
2025-03-25 04:00:00+00:00,86513.9,86776.7,86237.0,86650.5,1695.90266871
2025-03-25 06:00:00+00:00,86650.3,86883.0,86347.2,86456.0,3026.354071
2025-03-25 08:00:00+00:00,86455.9,87367.9,86408.3,87230.1,3080.89373859
2025-03-25 10:00:00+00:00,87230.1,87500.3,86951.4,87372.1,2918.28826042
2025-03-25 12:00:00+00:00,87373.7,87952.2,86880.0,87601.9,2473.2966419
2025-03-25 14:00:00+00:00,87602.0,88263.4,87333.3,87770.8,2448.23868513
2025-03-25 16:00:00+00:00,87768.1,88327.9,87582.0,87938.0,1942.74472791
2025-03-25 18:00:00+00:00,87924.8,88260.8,87582.0,88122.8,1228.25754175
2025-03-25 20:00:00+00:00,88120.1,88539.8,87717.2,87750.5,1097.49678959
2025-03-25 22:00:00+00:00,87750.5,87813.9,87070.9,87414.7,835.15077725
2025-03-26 00:00:00+00:00,87414.6,87899.9,87070.9,87839.5,1090.48426707
2025-03-26 02:00:00+00:00,87839.6,87865.8,87030.3,87156.2,1283.5777464
2025-03-26 04:00:00+00:00,87159.1,87639.6,87023.2,87526.0,950.1131385
2025-03-26 06:00:00+00:00,87526.0,88284.0,87442.1,88140.1,2057.21123871
2025-03-26 08:00:00+00:00,88134.6,88204.0,87726.0,87926.5,1416.87570785
2025-03-26 10:00:00+00:00,87926.5,88268.8,87759.1,87956.8,6135.74916185
2025-03-26 12:00:00+00:00,87956.8,88019.9,86718.1,86846.4,2132.98838661
2025-03-26 14:00:00+00:00,86846.5,87307.6,86140.0,86739.8,3157.44689203
2025-03-26 16:00:00+00:00,86740.8,87044.7,86405.9,86566.1,2869.03591945
2025-03-26 18:00:00+00:00,86566.0,86787.1,85860.3,86580.3,2090.66741045
2025-03-26 20:00:00+00:00,86563.9,87400.0,86504.1,87106.0,928.94112217
2025-03-26 22:00:00+00:00,87085.9,87153.7,86566.1,86920.9,736.24770677
2025-03-27 00:00:00+00:00,86926.4,87500.0,86807.6,87385.5,978.86233611
2025-03-27 02:00:00+00:00,87386.0,87758.2,87293.9,87668.7,1660.4825546
2025-03-27 04:00:00+00:00,87668.7,87710.2,87252.0,87306.4,1440.04978111
2025-03-27 06:00:00+00:00,87306.4,87600.0,87232.3,87403.9,1150.33893788
2025-03-27 08:00:00+00:00,87403.1,87597.5,87222.1,87420.0,1880.79541747
2025-03-27 10:00:00+00:00,87421.0,87599.9,86790.0,86942.3,2637.13204003
2025-03-27 12:00:00+00:00,86937.0,87107.8,85714.2,86394.0,3664.13529117
2025-03-27 14:00:00+00:00,86390.0,87600.0,86107.5,86972.2,5829.37913703
2025-03-27 16:00:00+00:00,86972.1,87355.2,86761.7,86904.2,2647.15142957
2025-03-27 18:00:00+00:00,86904.1,87428.5,86876.1,87047.6,1990.51680322
2025-03-27 20:00:00+00:00,87056.3,87721.9,86931.9,87554.2,927.1533423
2025-03-27 22:00:00+00:00,87554.2,87591.9,87112.4,87228.0,1019.7727113
2025-03-28 00:00:00+00:00,87228.0,87504.2,86936.0,87226.1,2191.50279957
2025-03-28 02:00:00+00:00,87238.9,87338.6,86750.0,86793.9,3662.26980871
2025-03-28 04:00:00+00:00,86793.9,86866.6,85800.0,86050.0,5627.29856219
2025-03-28 06:00:00+00:00,86050.0,86250.0,85153.0,85206.0,5832.17418016
2025-03-28 08:00:00+00:00,85202.2,85450.0,85000.0,85155.4,5025.24985288
2025-03-28 10:00:00+00:00,85155.3,85264.8,84814.1,85250.0,4568.53517108
2025-03-28 12:00:00+00:00,85249.9,85561.6,84852.8,84987.9,6075.74071268
2025-03-28 14:00:00+00:00,84988.7,85200.0,83951.9,84051.5,6022.67999579
2025-03-28 16:00:00+00:00,84046.2,84230.7,83583.5,84010.4,5882.13632439
2025-03-28 18:00:00+00:00,84010.4,84250.7,83600.0,83796.0,4020.99712069
2025-03-28 20:00:00+00:00,83796.0,84140.2,83700.0,84059.4,2204.49569087
2025-03-28 22:00:00+00:00,84059.4,84531.7,83979.2,84426.3,1685.01511382
2025-03-29 00:00:00+00:00,84429.4,84626.6,84143.1,84277.1,1567.07212562
2025-03-29 02:00:00+00:00,84278.0,84419.3,83700.0,84166.1,1701.43711305
2025-03-29 04:00:00+00:00,84154.3,84254.2,83840.7,84008.0,1121.52899971
2025-03-29 06:00:00+00:00,84006.2,84006.3,83663.1,83741.4,1659.70364425
2025-03-29 08:00:00+00:00,83741.4,83989.6,83000.0,83547.9,2076.9916829
2025-03-29 10:00:00+00:00,83549.9,83573.9,82014.2,82293.2,3664.67337297
2025-03-29 12:00:00+00:00,82293.2,82861.0,82003.6,82839.3,2308.55264765
2025-03-29 14:00:00+00:00,82846.0,82882.1,82388.0,82412.8,1987.28459949
2025-03-29 16:00:00+00:00,82412.9,82715.0,81631.5,82342.0,20066.22031489
2025-03-29 18:00:00+00:00,82342.0,82769.2,82000.0,82769.2,16724.49502448
2025-03-29 20:00:00+00:00,82769.2,82780.0,82335.7,82517.8,1131.37300408
2025-03-29 22:00:00+00:00,82517.7,82691.0,82264.1,82650.0,964.51316528
2025-03-30 00:00:00+00:00,82650.0,83074.5,82307.6,82944.4,1688.72776424
2025-03-30 02:00:00+00:00,82944.4,83536.2,82883.0,83083.9,1635.10861489
2025-03-30 04:00:00+00:00,83080.3,83399.2,82925.5,82960.0,1341.85792123
2025-03-30 06:00:00+00:00,82962.0,83318.0,82800.0,83083.0,1341.10870027
2025-03-30 08:00:00+00:00,83083.1,83520.0,83083.0,83498.8,1528.67210888
2025-03-30 10:00:00+00:00,83498.8,83535.4,82978.8,83127.1,1842.44947672
2025-03-30 12:00:00+00:00,83127.1,83280.0,82532.7,82692.5,1807.56037956
2025-03-30 14:00:00+00:00,82688.1,83061.0,82610.6,82735.1,1825.45280012
2025-03-30 16:00:00+00:00,82736.5,82823.4,81989.7,82418.0,3365.97531644
2025-03-30 18:00:00+00:00,82419.7,82904.0,82096.6,82550.0,1459.8107221
2025-03-30 20:00:00+00:00,82550.0,82690.0,82059.7,82248.7,699.53911135
2025-03-30 22:00:00+00:00,82238.8,82760.2,81569.5,82373.8,2241.14807565
2025-03-31 00:00:00+00:00,82387.2,82456.4,81257.8,81950.9,2912.86787564
2025-03-31 02:00:00+00:00,81950.9,82175.1,81470.1,81533.6,2495.90307986
2025-03-31 04:00:00+00:00,81533.7,82307.6,81386.0,82161.0,2224.27558585
2025-03-31 06:00:00+00:00,82170.4,82302.0,81706.1,81941.3,2572.56809939
2025-03-31 08:00:00+00:00,81941.2,82265.8,81340.6,81460.8,12661.07454309
2025-03-31 10:00:00+00:00,81469.6,82269.5,81313.9,82211.0,43836.09014297
2025-03-31 12:00:00+00:00,82212.7,83150.5,81650.9,82508.4,4130.0436404
2025-03-31 14:00:00+00:00,82510.1,83998.9,82266.6,83421.1,4799.74556223
2025-03-31 16:00:00+00:00,83420.8,83694.1,82571.4,82687.3,2958.65382014
2025-03-31 18:00:00+00:00,82687.3,83573.0,82395.7,82416.4,2717.88167671
2025-03-31 20:00:00+00:00,82433.3,82839.9,82358.3,82565.1,1048.85491369
2025-03-31 22:00:00+00:00,82565.1,82855.9,82269.0,82556.9,1616.21259501
2025-04-01 00:00:00+00:00,82556.9,82822.0,82425.5,82713.8,44042.21665078
2025-04-01 02:00:00+00:00,82713.8,83252.8,82652.1,82964.8,9104.44270307
2025-04-01 04:00:00+00:00,82964.9,83486.5,82886.5,83007.0,1368.92421418
2025-04-01 06:00:00+00:00,83006.3,83594.3,82812.0,83452.7,1969.56034222
2025-04-01 08:00:00+00:00,83452.8,84392.3,83431.0,84359.6,2025.61955702
2025-04-01 10:00:00+00:00,84353.9,84631.5,83827.9,83923.3,2349.60039732
2025-04-01 12:00:00+00:00,83923.4,84158.2,83418.0,83710.0,2417.05524984
2025-04-01 14:00:00+00:00,83710.1,85496.0,82527.7,85286.9,5175.78516122
2025-04-01 16:00:00+00:00,85286.8,85487.0,84819.9,85114.9,2933.31662405
2025-04-01 18:00:00+00:00,85120.3,85190.2,84615.3,84966.2,2361.75260504
2025-04-01 20:00:00+00:00,84968.5,85482.1,84768.2,85206.5,1212.13173198
2025-04-01 22:00:00+00:00,85237.2,85555.0,84984.9,85168.3,1177.39784068
2025-04-02 00:00:00+00:00,85170.0,85271.6,84860.9,85109.6,1689.66732503
2025-04-02 02:00:00+00:00,85110.0,85110.0,84495.4,84549.9,1564.00353209
2025-04-02 04:00:00+00:00,84550.0,84727.8,84105.8,84105.8,1462.23608842
2025-04-02 06:00:00+00:00,84107.8,84457.1,83900.0,84420.7,1804.22335435
2025-04-02 08:00:00+00:00,84420.7,85433.6,84260.0,85019.7,2006.89227737
2025-04-02 10:00:00+00:00,85019.7,85291.5,84546.6,84569.8,1683.42567826
2025-04-02 12:00:00+00:00,84569.8,86118.3,84466.6,85265.2,2728.76609412
2025-04-02 14:00:00+00:00,85265.2,87324.0,85190.0,86726.2,4067.04890972
2025-04-02 16:00:00+00:00,86755.0,87320.0,86340.6,86615.9,2710.1063713
2025-04-02 18:00:00+00:00,86615.8,87000.0,86180.0,86901.8,2097.15515301
2025-04-02 20:00:00+00:00,86896.1,88500.0,84240.0,84870.0,3615.42005027
2025-04-02 22:00:00+00:00,84868.0,84868.0,82300.1,82514.0,3050.86262617
2025-04-03 00:00:00+00:00,82514.1,83932.1,82013.3,83749.8,2879.33070285
2025-04-03 02:00:00+00:00,83749.8,83889.9,83341.0,83480.0,2782.19107197
2025-04-03 04:00:00+00:00,83480.0,83742.0,83220.6,83338.0,2193.48221925
2025-04-03 06:00:00+00:00,83349.9,83499.9,83001.4,83458.0,2113.46412201
2025-04-03 08:00:00+00:00,83458.0,83793.9,83327.9,83483.8,2402.03144698
2025-04-03 10:00:00+00:00,83483.7,83793.9,83000.0,83093.0,3789.92425572
2025-04-03 12:00:00+00:00,83093.0,83141.9,81750.0,82386.9,4873.47636672
2025-04-03 14:00:00+00:00,82374.4,82400.0,81200.0,82046.1,4262.442361
2025-04-03 16:00:00+00:00,82046.1,82426.4,81631.4,81838.8,3612.28166965
2025-04-03 18:00:00+00:00,81837.1,82368.4,81539.0,82002.1,2722.84037486
2025-04-03 20:00:00+00:00,81986.1,82866.6,81798.9,82708.1,1285.78761205
2025-04-03 22:00:00+00:00,82734.0,83333.3,82448.9,83193.0,1620.5378799
2025-04-04 00:00:00+00:00,83199.9,83416.9,82588.6,82682.0,2115.36400468
2025-04-04 02:00:00+00:00,82693.5,83188.4,82588.6,82816.5,1790.8941016
2025-04-04 04:00:00+00:00,82816.6,83212.3,82616.2,83192.3,1446.57135263
2025-04-04 06:00:00+00:00,83189.7,84018.8,83036.1,83999.8,2989.46239678
2025-04-04 08:00:00+00:00,83999.7,84724.0,83999.7,84571.4,3234.31583583
2025-04-04 10:00:00+00:00,84586.0,84699.9,81670.0,82682.0,5377.24984292
2025-04-04 12:00:00+00:00,82682.0,83504.0,82142.8,83366.0,4906.96784807
2025-04-04 14:00:00+00:00,83366.0,83696.0,81824.7,82860.1,5249.69391807
2025-04-04 16:00:00+00:00,82868.0,84613.0,82738.0,84466.5,4205.35208205
2025-04-04 18:00:00+00:00,84466.5,84593.6,83714.0,84034.4,3208.08239315
2025-04-04 20:00:00+00:00,83990.9,84459.9,83495.9,84185.9,1305.81266703
2025-04-04 22:00:00+00:00,84203.0,84284.6,83644.5,83889.1,864.43987111
2025-04-05 00:00:00+00:00,83889.0,84274.4,83456.2,83974.6,8177.4310881
2025-04-05 02:00:00+00:00,83975.7,84095.1,83626.1,83630.9,1035.58079117
2025-04-05 04:00:00+00:00,83630.9,83866.6,83613.7,83684.1,907.1581033
2025-04-05 06:00:00+00:00,83684.1,83734.0,83340.1,83520.0,814.76687454
2025-04-05 08:00:00+00:00,83528.2,83859.9,83355.5,83848.3,1242.89575653
2025-04-05 10:00:00+00:00,83848.3,83904.0,83460.0,83469.0,911.77733572
2025-04-05 12:00:00+00:00,83469.0,83566.9,82528.0,82764.0,1906.78772031
2025-04-05 14:00:00+00:00,82764.1,83038.0,82386.0,82640.0,1787.59556583
2025-04-05 16:00:00+00:00,82620.0,82958.8,82500.0,82871.3,1284.07210523
2025-04-05 18:00:00+00:00,82874.3,83149.1,82779.7,82862.3,977.72140108
2025-04-05 20:00:00+00:00,82862.4,83229.7,82825.1,82915.9,866.28198864
2025-04-05 22:00:00+00:00,82926.0,83653.8,82924.4,83527.9,915.41370603
2025-04-06 00:00:00+00:00,83534.2,83777.7,83177.7,83432.3,951.40681779
2025-04-06 02:00:00+00:00,83432.3,83494.5,83186.0,83332.0,720.43091896
2025-04-06 04:00:00+00:00,83346.0,83530.0,83124.4,83441.0,648.65088986
2025-04-06 06:00:00+00:00,83441.0,83465.7,83025.2,83028.0,807.91748253
2025-04-06 08:00:00+00:00,83028.0,83167.9,82715.0,83080.0,1119.33511697
2025-04-06 10:00:00+00:00,83077.0,83157.0,82656.5,82844.0,1036.67899061
2025-04-06 12:00:00+00:00,82842.5,82983.9,82222.2,82305.9,1732.03898093
2025-04-06 14:00:00+00:00,82306.0,82803.7,81957.3,82547.7,2330.39685448
2025-04-06 16:00:00+00:00,82547.6,82565.8,80323.9,80824.2,3722.94249285
2025-04-06 18:00:00+00:00,80812.1,80812.1,78363.9,79627.9,6580.94678616
2025-04-06 20:00:00+00:00,79614.5,79889.9,78516.2,78947.5,3344.00962708
2025-04-06 22:00:00+00:00,78947.5,79120.0,77000.0,78427.1,4897.12436942
2025-04-07 00:00:00+00:00,78427.1,79339.9,77418.0,79141.3,37328.75745177
2025-04-07 02:00:00+00:00,79139.6,79221.6,77350.4,77736.1,45978.81658591
2025-04-07 04:00:00+00:00,77736.1,78000.4,76473.6,76949.1,187644.50202616
2025-04-07 06:00:00+00:00,76949.1,77458.8,74484.6,75186.4,200330.16757148
2025-04-07 08:00:00+00:00,75260.1,76990.0,75100.0,76300.4,142782.57381801
2025-04-07 10:00:00+00:00,76300.4,77777.0,76164.0,76684.2,186703.79824561
2025-04-07 12:00:00+00:00,76691.5,78480.1,75810.0,78382.1,162796.32196275
2025-04-07 14:00:00+00:00,78357.0,81193.1,77673.6,78480.0,13092.34503883
2025-04-07 16:00:00+00:00,78480.0,79172.1,77340.0,79064.1,53012.9082955
2025-04-07 18:00:00+00:00,79060.1,79371.2,78000.0,78113.5,3194.68393552
2025-04-07 20:00:00+00:00,78100.5,79579.2,78045.5,79230.0,1569.47859422
2025-04-07 22:00:00+00:00,79239.4,80295.6,79000.0,79176.1,2321.23501856
2025-04-08 00:00:00+00:00,79174.4,80800.0,78770.0,80599.6,2799.9342031
2025-04-08 02:00:00+00:00,80599.5,80858.0,79758.1,79905.9,2934.92053954
2025-04-08 04:00:00+00:00,79905.9,80420.0,79464.8,79870.1,2262.07896646
2025-04-08 06:00:00+00:00,79840.5,79880.0,79132.9,79486.0,2613.08574996
2025-04-08 08:00:00+00:00,79493.9,79535.2,78358.5,78909.9,2962.62382476
2025-04-08 10:00:00+00:00,78906.1,80062.4,78805.9,79971.7,5033.03602545
2025-04-08 12:00:00+00:00,79985.7,80368.2,79250.0,79895.0,5652.23868536
2025-04-08 14:00:00+00:00,79894.9,80252.4,78001.5,78496.2,5713.54100953
2025-04-08 16:00:00+00:00,78495.5,78524.9,76573.6,77350.6,151658.67933295
2025-04-08 18:00:00+00:00,77350.2,77991.4,76379.0,76863.0,190074.20480433
2025-04-08 20:00:00+00:00,76863.0,77377.1,76602.8,77090.8,171244.0270924
2025-04-08 22:00:00+00:00,77108.0,77134.8,76253.9,76329.9,183053.04266132
2025-04-09 00:00:00+00:00,76330.0,76879.6,74576.8,76102.0,196732.35612504
2025-04-09 02:00:00+00:00,76102.0,76458.9,75031.4,75091.5,188909.12903115
2025-04-09 04:00:00+00:00,75091.4,77000.4,75009.6,76733.3,191468.38574997
2025-04-09 06:00:00+00:00,76733.5,78000.0,76724.0,77695.7,191038.52535895
2025-04-09 08:00:00+00:00,77695.7,77961.1,77087.9,77468.0,186240.14210435
2025-04-09 10:00:00+00:00,77470.0,77692.3,75754.3,76243.2,178798.42674832
2025-04-09 12:00:00+00:00,76243.2,77950.9,76045.9,77751.5,182747.99416257
2025-04-09 14:00:00+00:00,77751.5,78312.0,76838.5,77268.0,188134.66145833
2025-04-09 16:00:00+00:00,77268.6,82256.4,77134.7,82195.1,98811.98590763
2025-04-09 18:00:00+00:00,82196.0,82980.3,81525.2,82307.8,163443.22235631
2025-04-09 20:00:00+00:00,82307.8,83576.9,81890.1,83276.3,150103.81215999
2025-04-09 22:00:00+00:00,83276.3,83473.6,82499.9,82614.9,146294.1620775
2025-04-10 00:00:00+00:00,82614.9,82740.7,81909.1,82252.3,155831.85687347
2025-04-10 02:00:00+00:00,82252.4,82566.3,81270.6,81771.0,152951.92266995
2025-04-10 04:00:00+00:00,81770.2,82231.5,81333.3,82159.2,153265.7666512
2025-04-10 06:00:00+00:00,82159.2,82338.2,81196.9,81589.8,147992.84076115
2025-04-10 08:00:00+00:00,81589.8,82093.4,81171.4,82030.1,156630.90013332
2025-04-10 10:00:00+00:00,82030.1,82112.5,81256.4,81871.2,144869.70147576
2025-04-10 12:00:00+00:00,81870.0,82400.0,80574.1,80880.0,149968.77735266
2025-04-10 14:00:00+00:00,80871.9,81833.3,78514.9,78741.8,93386.01075337
2025-04-10 16:00:00+00:00,78721.6,79674.0,78280.2,79317.6,6851.93031833
2025-04-10 18:00:00+00:00,79317.5,80048.4,79215.8,79646.1,5417.0796716
2025-04-10 20:00:00+00:00,79647.3,80055.4,79357.4,79709.1,2627.2484194
2025-04-10 22:00:00+00:00,79709.1,79921.0,79384.6,79592.1,2870.01896472
2025-04-11 00:00:00+00:00,79592.0,80450.0,78955.5,80436.5,4535.78776478
2025-04-11 02:00:00+00:00,80442.2,80892.9,80146.0,80845.9,84429.78453307
2025-04-11 04:00:00+00:00,80845.9,81071.4,80434.7,80812.0,151134.05468718
2025-04-11 06:00:00+00:00,80812.0,81438.3,80547.6,81255.0,158042.36132041
2025-04-11 08:00:00+00:00,81255.0,82411.7,80743.0,82361.9,150515.32356481
2025-04-11 10:00:00+00:00,82361.9,82959.1,81931.5,82121.6,154129.95931674
2025-04-11 12:00:00+00:00,82109.8,83299.2,81666.6,82920.1,157724.71778575
2025-04-11 14:00:00+00:00,82920.0,82920.1,81337.5,82527.7,143240.64748339
2025-04-11 16:00:00+00:00,82527.7,84022.2,81963.7,83900.0,170124.10670992
2025-04-11 18:00:00+00:00,83855.0,84210.4,83400.0,83799.9,167436.09850868
2025-04-11 20:00:00+00:00,83795.3,84276.7,83582.0,83668.4,152484.33131266
2025-04-11 22:00:00+00:00,83668.4,83707.7,83155.9,83416.0,1492.75093979
2025-04-12 00:00:00+00:00,83416.0,83566.5,83148.0,83207.5,2294.76660016
2025-04-12 02:00:00+00:00,83207.5,83299.3,82747.0,82968.0,2045.24607428
2025-04-12 04:00:00+00:00,82968.1,83499.9,82850.1,83329.0,3173.32055848
2025-04-12 06:00:00+00:00,83329.1,83800.0,83319.9,83716.0,2756.76801696
2025-04-12 08:00:00+00:00,83716.0,84022.0,83410.0,83538.0,3235.58174332
2025-04-12 10:00:00+00:00,83538.1,83639.9,83295.8,83520.4,1868.65581031
2025-04-12 12:00:00+00:00,83520.4,84666.5,83461.5,84448.5,3726.60245118
2025-04-12 14:00:00+00:00,84449.9,85401.8,84294.5,84996.2,5050.25427335
2025-04-12 16:00:00+00:00,84996.2,85199.9,84316.6,84760.7,3043.64829755
2025-04-12 18:00:00+00:00,84760.7,85237.9,84717.3,84933.9,2172.5293259
2025-04-12 20:00:00+00:00,84932.8,85888.0,84870.0,85355.0,2133.93340701
2025-04-12 22:00:00+00:00,85370.6,85687.1,85151.9,85268.0,1692.18630161
2025-04-13 00:00:00+00:00,85268.0,86068.6,85009.6,85246.5,3034.95781613
2025-04-13 02:00:00+00:00,85241.9,85714.0,84674.4,85416.8,3128.55455088
2025-04-13 04:00:00+00:00,85416.7,85427.6,84368.1,84510.2,4331.79297914
2025-04-13 06:00:00+00:00,84510.2,84851.0,84251.0,84420.2,2890.80336827
2025-04-13 08:00:00+00:00,84418.0,84948.1,84278.0,84912.9,3142.92078878
2025-04-13 10:00:00+00:00,84912.9,84955.9,84077.2,84520.6,3396.45889998
2025-04-13 12:00:00+00:00,84520.6,84689.8,83480.0,83564.9,5009.64558582
2025-04-13 14:00:00+00:00,83565.0,84140.0,83461.3,83850.9,4408.51969733
2025-04-13 16:00:00+00:00,83850.8,84996.6,83838.8,84766.6,3513.88070756
2025-04-13 18:00:00+00:00,84764.1,84948.0,83000.0,83982.4,3146.11407468
2025-04-13 20:00:00+00:00,83983.3,84428.5,83041.9,83604.0,3094.28414493
2025-04-13 22:00:00+00:00,83610.4,83857.2,83168.0,83758.0,2736.65395625
2025-04-14 00:00:00+00:00,83758.1,85117.9,83683.4,84230.1,3186.90451525
2025-04-14 02:00:00+00:00,84230.2,85534.6,84015.0,84569.4,3323.64884557
2025-04-14 04:00:00+00:00,84569.3,85150.0,84343.9,84579.2,2172.53594923
2025-04-14 06:00:00+00:00,84579.1,84790.1,84222.2,84586.1,2566.62957193
2025-04-14 08:00:00+00:00,84586.1,84985.3,84254.1,84444.5,2844.64688274
2025-04-14 10:00:00+00:00,84444.6,84963.9,84290.0,84795.1,1965.63202764
2025-04-14 12:00:00+00:00,84795.1,85000.0,84148.1,84599.7,870.89199248
2025-04-14 14:00:00+00:00,84599.7,85807.7,83653.8,84110.0,4857.44527226
2025-04-14 16:00:00+00:00,84112.6,84898.0,83669.0,84867.9,4170.35564639
2025-04-14 18:00:00+00:00,84867.9,85206.0,84687.6,84863.9,3223.89135061
2025-04-14 20:00:00+00:00,84898.0,85103.3,84438.0,84699.4,2105.68908588
2025-04-14 22:00:00+00:00,84699.5,84774.7,84396.6,84586.6,2290.86162572
2025-04-15 00:00:00+00:00,84586.7,85124.9,84345.7,84950.4,3024.60633535
2025-04-15 02:00:00+00:00,84950.5,85456.6,84691.6,85380.6,2537.16063035
2025-04-15 04:00:00+00:00,85380.7,85870.5,85158.0,85542.5,2628.79883985
2025-04-15 06:00:00+00:00,85542.6,85779.7,85288.8,85733.0,3383.54028522
2025-04-15 08:00:00+00:00,85732.9,85988.0,85605.7,85988.0,4223.17799176
2025-04-15 10:00:00+00:00,85988.0,85997.1,85354.0,85582.2,4417.85862027
2025-04-15 12:00:00+00:00,85583.9,86460.0,85402.4,85572.6,4178.77735411
2025-04-15 14:00:00+00:00,85572.6,86000.0,84619.5,84917.8,5110.38286464
2025-04-15 16:00:00+00:00,84917.8,85156.1,84416.6,84482.8,3203.52919884
2025-04-15 18:00:00+00:00,84482.8,84597.5,83900.1,83997.9,3380.07734934
2025-04-15 20:00:00+00:00,83980.0,84230.7,83800.0,84167.9,2207.97593497
2025-04-15 22:00:00+00:00,84166.9,84200.0,83603.2,83650.7,2057.17486085
2025-04-16 00:00:00+00:00,83650.6,83708.8,83107.6,83630.0,3733.89216028
2025-04-16 02:00:00+00:00,83632.1,84096.6,83598.8,83680.4,3796.0454531
2025-04-16 04:00:00+00:00,83680.0,83814.9,83100.0,83362.0,3501.93356334
2025-04-16 06:00:00+00:00,83362.0,83719.5,83163.0,83364.1,3235.41305898
2025-04-16 08:00:00+00:00,83364.1,84106.5,83132.0,83591.9,4954.78753332
2025-04-16 10:00:00+00:00,83591.8,84116.7,83567.1,84044.8,1915.62309759
2025-04-16 12:00:00+00:00,84044.9,84259.2,83500.0,83753.6,2930.33799594
2025-04-16 14:00:00+00:00,83737.8,85270.6,83630.0,84836.1,5023.07789123
2025-04-16 16:00:00+00:00,84846.0,85478.0,83265.0,83292.0,4284.56205058
2025-04-16 18:00:00+00:00,83292.0,84499.9,83265.0,84360.0,4446.60416328
2025-04-16 20:00:00+00:00,84360.0,84686.1,84100.0,84544.1,1813.65414526
2025-04-16 22:00:00+00:00,84544.2,84635.4,84023.1,84030.2,2037.95341845
2025-04-17 00:00:00+00:00,84029.7,84493.7,83887.8,84339.4,2436.07983329
2025-04-17 02:00:00+00:00,84339.4,84506.9,83800.0,83994.4,2205.29727161
2025-04-17 04:00:00+00:00,83998.1,84479.7,83895.7,84383.7,1928.77857268
2025-04-17 06:00:00+00:00,84383.8,85116.5,84320.8,84667.2,2862.85470095
2025-04-17 08:00:00+00:00,84667.1,84764.2,84350.5,84475.9,2619.73802246
2025-04-17 10:00:00+00:00,84475.9,84761.9,84175.0,84572.1,2023.79815298
2025-04-17 12:00:00+00:00,84572.1,85200.0,84316.5,84483.3,16147.72566571
2025-04-17 14:00:00+00:00,84475.9,84697.9,83735.4,84544.6,4279.99644898
2025-04-17 16:00:00+00:00,84544.7,85200.0,84408.2,85113.0,4573.96035952
2025-04-17 18:00:00+00:00,85113.0,85500.0,84499.9,84864.0,4392.31682826
2025-04-17 20:00:00+00:00,84856.0,85149.5,84855.3,85066.0,1436.00869678
2025-04-17 22:00:00+00:00,85062.0,85105.5,84666.6,84954.9,1230.56961371
2025-04-18 00:00:00+00:00,84955.0,85138.0,84666.6,84931.8,7585.72839507
2025-04-18 02:00:00+00:00,84931.8,85034.5,84653.9,84838.0,1668.87052286
2025-04-18 04:00:00+00:00,84838.0,84880.0,84500.0,84741.8,1778.87319655
2025-04-18 06:00:00+00:00,84741.8,84800.0,84418.0,84652.1,1711.37324197
2025-04-18 08:00:00+00:00,84666.2,84775.6,84523.8,84553.7,1568.76771613
2025-04-18 10:00:00+00:00,84553.7,84679.4,84476.0,84670.0,1188.91995022
2025-04-18 12:00:00+00:00,84670.0,84771.9,84478.2,84568.9,1507.80825081
2025-04-18 14:00:00+00:00,84569.0,84623.6,84276.3,84375.1,1505.48867693
2025-04-18 16:00:00+00:00,84375.2,84600.0,84134.6,84572.3,1360.22264141
2025-04-18 18:00:00+00:00,84572.4,84655.9,84428.5,84571.0,1144.31323304
2025-04-18 20:00:00+00:00,84571.0,84689.9,84468.0,84620.0,722.63086503
2025-04-18 22:00:00+00:00,84633.3,84650.0,84348.1,84468.5,1419.65139666
2025-04-19 00:00:00+00:00,84468.5,84599.9,84368.0,84545.8,1333.02850486
2025-04-19 02:00:00+00:00,84545.8,84994.1,84500.0,84881.1,2245.13818859
2025-04-19 04:00:00+00:00,84881.2,85266.6,84631.5,85075.1,1713.84880217
2025-04-19 06:00:00+00:00,85075.2,85253.7,84887.9,85217.9,4056.32466685
2025-04-19 08:00:00+00:00,85217.9,85454.0,85109.8,85342.3,1856.56119452
2025-04-19 10:00:00+00:00,85342.3,85355.8,85134.9,85225.9,1525.04198805
2025-04-19 12:00:00+00:00,85226.0,85506.9,85200.0,85485.0,1549.75787254
2025-04-19 14:00:00+00:00,85485.1,85621.7,85000.0,85188.9,2049.43187332
2025-04-19 16:00:00+00:00,85189.9,85327.9,84716.3,85237.4,2224.79450251
2025-04-19 18:00:00+00:00,85237.5,85323.5,85050.0,85096.1,1065.33200516
2025-04-19 20:00:00+00:00,85096.2,85379.9,85010.0,85348.0,726.08041087
2025-04-19 22:00:00+00:00,85350.0,85367.9,85070.0,85087.9,506.89091269
2025-04-20 00:00:00+00:00,85087.9,85350.0,85050.0,85322.9,1060.35204368
2025-04-20 02:00:00+00:00,85323.0,85333.2,85116.0,85172.0,945.44086052
2025-04-20 04:00:00+00:00,85172.1,85251.2,85090.2,85090.2,780.07764955
2025-04-20 06:00:00+00:00,85090.1,85168.2,84600.0,84790.2,2671.96033061
2025-04-20 08:00:00+00:00,84790.2,84857.1,84447.1,84535.9,2216.0101854
2025-04-20 10:00:00+00:00,84531.4,84531.5,83900.0,84128.3,3479.22344647
2025-04-20 12:00:00+00:00,84128.4,84500.0,84100.1,84288.9,2525.75692561
2025-04-20 14:00:00+00:00,84288.9,84674.3,84219.9,84345.4,3207.98882499
2025-04-20 16:00:00+00:00,84345.4,84630.0,84250.0,84578.1,2229.32524484
2025-04-20 18:00:00+00:00,84578.2,84665.0,84466.6,84648.5,1098.39110959
2025-04-20 20:00:00+00:00,84648.6,85256.3,84547.7,85007.8,1844.85840777
2025-04-20 22:00:00+00:00,85007.8,85298.3,84675.3,85185.4,2856.35223262
2025-04-21 00:00:00+00:00,85183.8,87445.2,85126.3,87293.9,5970.74353187
2025-04-21 02:00:00+00:00,87293.9,87686.2,87090.4,87194.0,2911.92688648
2025-04-21 04:00:00+00:00,87202.1,87721.8,87052.1,87549.9,3262.23345812
2025-04-21 06:00:00+00:00,87550.0,87695.9,87250.0,87436.0,4840.41832341
2025-04-21 08:00:00+00:00,87436.1,87788.6,87301.1,87499.9,4024.86823978
2025-04-21 10:00:00+00:00,87500.0,87575.1,86610.1,86974.6,2592.84664843
2025-04-21 12:00:00+00:00,86972.9,87607.9,86779.8,87036.1,3306.08449628
2025-04-21 14:00:00+00:00,87035.7,88500.0,86800.0,88053.9,4597.31365333
2025-04-21 16:00:00+00:00,88042.5,88256.2,86366.9,86852.2,4137.7049477
2025-04-21 18:00:00+00:00,86862.7,87499.9,86658.0,87462.0,3115.19925248
2025-04-21 20:00:00+00:00,87476.1,87500.0,86910.0,87265.7,1968.58031626
2025-04-21 22:00:00+00:00,87264.9,87622.5,86885.8,87516.1,3242.11711346
2025-04-22 00:00:00+00:00,87512.2,88888.0,87071.4,88429.7,4273.97414084
2025-04-22 02:00:00+00:00,88457.5,88673.6,87679.6,88160.0,9241.8309474
2025-04-22 04:00:00+00:00,88159.1,88500.0,87966.1,88387.9,2298.00957761
2025-04-22 06:00:00+00:00,88388.0,88489.9,87740.0,88481.2,2646.56481535
2025-04-22 08:00:00+00:00,88481.2,88687.8,88081.1,88519.8,2633.93880233
2025-04-22 10:00:00+00:00,88519.8,88960.0,87731.4,88292.6,544.00866328
2025-04-22 12:00:00+00:00,88292.6,90695.1,87823.2,90245.2,5143.52507316
2025-04-22 14:00:00+00:00,90245.1,91557.5,89812.5,90925.9,6761.51598852
2025-04-22 16:00:00+00:00,90925.9,91480.0,90320.6,91399.9,5050.55843282
2025-04-22 18:00:00+00:00,91386.3,91761.4,90970.0,91475.7,4174.70060414
2025-04-22 20:00:00+00:00,91497.1,94000.0,91048.7,93010.3,3485.65135919
2025-04-22 22:00:00+00:00,93028.1,93862.6,92498.5,93444.1,3295.11409185
2025-04-23 00:00:00+00:00,93448.0,93877.6,92536.5,92648.0,3236.89482593
2025-04-23 02:00:00+00:00,92648.0,93386.9,92473.0,93179.8,2722.02283477
2025-04-23 04:00:00+00:00,93176.1,93681.6,93020.0,93493.6,2665.33755203
2025-04-23 06:00:00+00:00,93493.7,94258.6,93399.2,94151.8,3358.37383814
2025-04-23 08:00:00+00:00,94151.9,94494.0,93889.9,93900.0,3281.24110569
2025-04-23 10:00:00+00:00,93900.1,94256.6,93229.9,93473.8,2323.92608808
2025-04-23 12:00:00+00:00,93473.9,94735.2,92886.6,93011.4,3079.4645881
2025-04-23 14:00:00+00:00,93011.4,93655.0,91929.7,93188.4,3834.67232516
2025-04-23 16:00:00+00:00,93188.4,93966.4,92854.7,93889.0,2906.86662957
2025-04-23 18:00:00+00:00,93889.0,94211.9,92956.1,93498.9,3242.61885934
2025-04-23 20:00:00+00:00,93490.0,93887.0,93272.5,93479.5,1263.41926807
2025-04-23 22:00:00+00:00,93480.4,93901.9,93227.8,93676.1,1374.39204043
2025-04-24 00:00:00+00:00,93676.1,93773.0,93077.0,93510.0,3351.94015681
2025-04-24 02:00:00+00:00,93490.3,93666.6,92630.0,92659.3,6777.95305117
2025-04-24 04:00:00+00:00,92659.3,93028.1,92376.0,92584.0,3862.24736918
2025-04-24 06:00:00+00:00,92584.0,92734.9,92099.2,92198.9,2671.7383171
2025-04-24 08:00:00+00:00,92198.9,92647.9,91566.6,92476.4,2522.27361664
2025-04-24 10:00:00+00:00,92467.6,92721.0,92081.2,92623.3,2072.58665327
2025-04-24 12:00:00+00:00,92623.3,93051.3,92434.6,92814.0,2463.54030342
2025-04-24 14:00:00+00:00,92814.1,93455.8,92624.6,93205.8,3379.8615574
2025-04-24 16:00:00+00:00,93205.9,93590.5,92667.3,93005.7,2795.15019572
2025-04-24 18:00:00+00:00,93005.7,93688.5,92828.1,93562.1,3860.98450894
2025-04-24 20:00:00+00:00,93560.1,93628.0,93026.0,93359.9,1142.02264207
2025-04-24 22:00:00+00:00,93359.9,94000.0,93286.9,93973.9,1706.43983832
2025-04-25 00:00:00+00:00,93974.0,94431.5,93518.3,93664.3,2482.50158775
2025-04-25 02:00:00+00:00,93664.2,93878.8,92842.1,93316.1,3008.47329624
2025-04-25 04:00:00+00:00,93316.1,93499.4,93010.1,93211.9,3213.92174739
2025-04-25 06:00:00+00:00,93211.9,93859.0,93200.0,93773.4,2987.22438449
2025-04-25 08:00:00+00:00,93773.4,93894.3,93536.8,93825.5,1832.69543985
2025-04-25 10:00:00+00:00,93825.5,94640.6,93549.9,94618.7,3151.73947983
2025-04-25 12:00:00+00:00,94625.1,94989.1,93909.4,94399.9,4880.55763699
2025-04-25 14:00:00+00:00,94398.1,95745.3,94387.7,95074.0,6129.76552031
2025-04-25 16:00:00+00:00,95067.6,95550.0,94309.7,94531.8,4469.28665552
2025-04-25 18:00:00+00:00,94531.9,95311.1,94171.5,95270.7,4680.63001151
2025-04-25 20:00:00+00:00,95286.0,95341.9,94455.9,94612.0,1640.29575133
2025-04-25 22:00:00+00:00,94602.0,94972.4,94582.1,94631.2,1342.57723284
2025-04-26 00:00:00+00:00,94645.1,95207.9,94535.7,95017.3,2270.81650192
2025-04-26 02:00:00+00:00,95017.3,95306.3,94688.0,94741.3,2258.16055805
2025-04-26 04:00:00+00:00,94737.5,95021.5,94380.0,94626.9,1998.08138834
2025-04-26 06:00:00+00:00,94626.1,94791.9,94499.9,94576.0,1231.7436495
2025-04-26 08:00:00+00:00,94562.0,94729.7,94124.2,94275.9,2429.72867519
2025-04-26 10:00:00+00:00,94276.0,94408.8,93989.7,94144.4,2376.90213811
2025-04-26 12:00:00+00:00,94144.5,94325.5,93572.6,94154.0,2753.72506002
2025-04-26 14:00:00+00:00,94154.1,94387.0,93919.0,94382.0,2743.55057121
2025-04-26 16:00:00+00:00,94366.0,94383.0,94002.4,94331.5,2712.36394501
2025-04-26 18:00:00+00:00,94331.6,94384.0,94100.1,94307.3,1183.0452473
2025-04-26 20:00:00+00:00,94307.4,94393.5,94002.4,94360.6,928.05737275
2025-04-26 22:00:00+00:00,94360.7,94910.0,94360.7,94631.7,1951.66040176
2025-04-27 00:00:00+00:00,94631.8,95310.0,94054.0,94117.2,3372.47361244
2025-04-27 02:00:00+00:00,94119.2,94462.8,94056.1,94166.0,2031.17638493
2025-04-27 04:00:00+00:00,94166.0,94299.0,93549.9,93928.0,2017.98392277
2025-04-27 06:00:00+00:00,93930.0,94160.0,93549.9,94077.7,1694.18010305
2025-04-27 08:00:00+00:00,94082.0,94333.5,93910.7,94163.9,1956.52205818
2025-04-27 10:00:00+00:00,94164.0,94250.0,93885.7,93920.5,2579.22158602
2025-04-27 12:00:00+00:00,93920.2,94089.7,93600.0,94076.6,2553.60154286
2025-04-27 14:00:00+00:00,94072.1,94185.9,93750.0,93902.1,1931.93506929
2025-04-27 16:00:00+00:00,93902.0,94167.9,93718.5,94056.0,2264.43821217
2025-04-27 18:00:00+00:00,94056.1,94450.0,93998.0,94435.9,1275.67110651
2025-04-27 20:00:00+00:00,94436.0,94543.9,94167.3,94322.3,1040.10455562
2025-04-27 22:00:00+00:00,94323.4,94323.4,93616.7,93743.9,2025.38276307
2025-04-28 00:00:00+00:00,93744.0,93798.0,92732.7,92938.6,54906.64356383
2025-04-28 02:00:00+00:00,92938.0,93998.7,92783.5,93843.9,101450.33846287
2025-04-28 04:00:00+00:00,93842.6,94330.5,93695.1,94228.1,92097.09195698
2025-04-28 06:00:00+00:00,94228.1,94797.3,94209.1,94687.3,83429.65276068
2025-04-28 08:00:00+00:00,94687.3,94880.0,94560.0,94733.2,45896.18495786
2025-04-28 10:00:00+00:00,94733.2,95549.5,94320.0,95313.8,5811.90937449
2025-04-28 12:00:00+00:00,95320.0,95596.0,93901.9,93964.1,6327.32622377
2025-04-28 14:00:00+00:00,93964.1,94910.0,93541.4,93800.0,4091.16186064
2025-04-28 16:00:00+00:00,93800.0,94117.9,93375.8,94106.4,2428.88430619
2025-04-28 18:00:00+00:00,94106.4,94933.3,93783.4,94806.9,2519.77525957
2025-04-28 20:00:00+00:00,94800.1,94890.6,94280.0,94552.0,1203.30448517
2025-04-28 22:00:00+00:00,94552.0,95173.9,94402.8,95014.5,33084.38364311
2025-04-29 00:00:00+00:00,95014.5,95462.5,94732.9,94851.9,79184.57312795
2025-04-29 02:00:00+00:00,94851.3,95200.0,94442.1,94655.9,2528.21128176
2025-04-29 04:00:00+00:00,94655.9,94870.0,94155.5,94286.3,2281.53744469
2025-04-29 06:00:00+00:00,94286.4,94972.9,94089.7,94930.0,4300.45313986
2025-04-29 08:00:00+00:00,94930.0,95106.5,94780.0,94986.5,22782.97001259
2025-04-29 10:00:00+00:00,94984.6,95266.7,94746.7,95125.9,52974.70535244
2025-04-29 12:00:00+00:00,95125.8,95200.0,94592.2,94801.2,21841.95054975
2025-04-29 14:00:00+00:00,94801.2,95276.1,94542.5,94842.5,28566.73619868
2025-04-29 16:00:00+00:00,94840.5,95466.6,94632.3,95240.0,3505.29165138
2025-04-29 18:00:00+00:00,95236.4,95522.3,95039.6,95310.0,2442.66020034
2025-04-29 20:00:00+00:00,95306.8,95392.3,94100.0,94748.0,1999.71744413
2025-04-29 22:00:00+00:00,94748.0,94762.7,93700.0,94242.1,2999.22004559
2025-04-30 00:00:00+00:00,94242.0,94635.0,94128.0,94531.9,2308.43206789
2025-04-30 02:00:00+00:00,94532.0,95111.0,94289.9,95034.0,2091.04928433
2025-04-30 04:00:00+00:00,95033.9,95181.2,94586.0,94899.9,2120.00089998
2025-04-30 06:00:00+00:00,94900.0,94973.6,94500.0,94617.8,1658.59604905
2025-04-30 08:00:00+00:00,94626.0,95028.6,94511.2,94970.1,2023.33776376
2025-04-30 10:00:00+00:00,94970.0,95234.0,94852.4,95181.5,1593.11842907
2025-04-30 12:00:00+00:00,95181.6,95387.0,93034.6,93052.9,5287.95718665
2025-04-30 14:00:00+00:00,93046.2,94365.8,92858.4,94021.6,5112.95582919
2025-04-30 16:00:00+00:00,94008.3,94280.0,93535.0,94108.5,2939.15412083
2025-04-30 18:00:00+00:00,94108.6,94540.0,93757.5,94143.5,2546.27980559
2025-04-30 20:00:00+00:00,94154.1,94790.0,94092.7,94429.5,1683.61037424
2025-04-30 22:00:00+00:00,94429.6,94710.0,93981.1,94167.9,1821.59448759
2025-05-01 00:00:00+00:00,94163.1,94706.1,94125.6,94643.9,1779.48101235
2025-05-01 02:00:00+00:00,94641.2,95000.0,94367.8,94778.6,2497.82281011
2025-05-01 04:00:00+00:00,94779.9,95179.9,94375.0,95144.0,1785.46544684
2025-05-01 06:00:00+00:00,95141.8,95179.4,94783.9,95018.0,1563.25878631
2025-05-01 08:00:00+00:00,95007.6,95804.0,94900.1,95517.6,2517.93902666
2025-05-01 10:00:00+00:00,95517.3,96633.4,95500.0,96178.8,4009.46403969
2025-05-01 12:00:00+00:00,96183.5,96743.4,95820.1,95836.3,4494.50182498
2025-05-01 14:00:00+00:00,95854.9,97421.9,95854.9,96850.8,4861.07837512
2025-05-01 16:00:00+00:00,96849.9,97365.2,96516.0,96814.6,3587.76173519
2025-05-01 18:00:00+00:00,96814.6,96949.9,96306.2,96547.5,2812.66412657
2025-05-01 20:00:00+00:00,96547.5,97120.3,96315.0,96471.7,2192.69254001
2025-05-01 22:00:00+00:00,96476.5,96657.9,96091.6,96493.2,1730.97645403
2025-05-02 00:00:00+00:00,96488.1,97320.0,96392.2,96974.0,2384.84964159
2025-05-02 02:00:00+00:00,96971.8,97320.0,96730.7,97109.9,1751.3519888
2025-05-02 04:00:00+00:00,97110.0,97320.0,96628.1,96712.0,2097.25466039
2025-05-02 06:00:00+00:00,96707.4,96890.9,96306.2,96362.9,2667.83095211
2025-05-02 08:00:00+00:00,96362.3,96789.5,96356.7,96614.0,3257.70987046
2025-05-02 10:00:00+00:00,96614.1,97100.0,96432.5,96933.3,2928.92911145
2025-05-02 12:00:00+00:00,96933.3,97274.7,96573.3,96774.0,5323.44917577
2025-05-02 14:00:00+00:00,96774.0,97900.1,96715.3,97331.9,5510.84515391
2025-05-02 16:00:00+00:00,97331.1,97820.7,97041.5,97396.1,3521.41910913
2025-05-02 18:00:00+00:00,97396.2,97615.3,96756.0,96919.9,2771.10646912
2025-05-02 20:00:00+00:00,96920.0,97139.9,96564.0,96722.0,1015.26647764
2025-05-02 22:00:00+00:00,96718.0,96905.3,96571.0,96891.7,1210.13633873
2025-05-03 00:00:00+00:00,96891.7,96930.0,96435.2,96502.0,1498.14499428
2025-05-03 02:00:00+00:00,96508.0,96711.6,96307.1,96335.9,3279.04999587
2025-05-03 04:00:00+00:00,96336.0,96600.0,96306.6,96420.1,1189.46978064
2025-05-03 06:00:00+00:00,96420.0,96420.1,96130.0,96331.9,1647.29084642
2025-05-03 08:00:00+00:00,96332.0,96452.7,96131.4,96275.9,2467.246509
2025-05-03 10:00:00+00:00,96275.9,96295.2,95871.9,95944.1,2554.93884415
2025-05-03 12:00:00+00:00,95944.1,96354.0,95892.1,96344.0,1594.49357686
2025-05-03 14:00:00+00:00,96343.9,96514.0,96052.1,96428.0,1756.50921455
2025-05-03 16:00:00+00:00,96428.0,96497.5,95822.6,96198.3,2007.13154351
2025-05-03 18:00:00+00:00,96198.1,96700.0,95872.7,96359.9,14043.58829178
2025-05-03 20:00:00+00:00,96360.0,96447.9,96115.1,96278.7,722.07910293
2025-05-03 22:00:00+00:00,96278.8,96351.4,95756.0,95862.0,1127.38816207
2025-05-04 00:00:00+00:00,95862.1,96183.3,95600.0,96094.1,2113.62670049
2025-05-04 02:00:00+00:00,96094.0,96430.8,95664.4,95735.9,2284.04501313
2025-05-04 04:00:00+00:00,95736.0,96145.5,95659.0,96048.0,1482.08624937
2025-05-04 06:00:00+00:00,96048.1,96554.7,95806.4,95890.7,24419.95402316
2025-05-04 08:00:00+00:00,95895.2,95939.3,95442.8,95496.0,1683.30437493
2025-05-04 10:00:00+00:00,95496.0,95561.9,95300.0,95429.9,1371.33587409
2025-05-04 12:00:00+00:00,95429.9,95615.4,95170.0,95386.1,1572.03702954
2025-05-04 14:00:00+00:00,95389.6,95822.6,95270.7,95466.0,1817.89730837
2025-05-04 16:00:00+00:00,95467.7,95907.7,95270.7,95409.9,3226.51646291
2025-05-04 18:00:00+00:00,95409.5,95640.4,95276.9,95572.4,1176.75481607
2025-05-04 20:00:00+00:00,95584.0,95756.3,95550.0,95671.3,1667.31777461
2025-05-04 22:00:00+00:00,95671.3,95694.6,94139.1,94270.9,2801.1262206
2025-05-05 00:00:00+00:00,94273.8,94800.0,93607.1,93928.0,2729.024003
2025-05-05 02:00:00+00:00,93923.4,94500.0,93501.9,94044.1,2051.44873764
2025-05-05 04:00:00+00:00,94044.1,94764.0,94017.6,94732.9,1557.6423083
2025-05-05 06:00:00+00:00,94742.0,94798.1,94393.5,94759.9,1577.66683592
2025-05-05 08:00:00+00:00,94760.0,94799.5,94256.9,94558.0,1479.66858556
2025-05-05 10:00:00+00:00,94567.0,94575.4,93900.2,94048.0,1998.60522855
2025-05-05 12:00:00+00:00,94046.0,94415.6,93650.0,94227.9,4743.09602726
2025-05-05 14:00:00+00:00,94228.4,94543.9,93600.0,93782.8,3598.47049906
2025-05-05 16:00:00+00:00,93782.9,94634.0,93664.9,94511.1,2554.41984709
2025-05-05 18:00:00+00:00,94511.5,94922.8,94294.4,94333.1,2159.08495366
2025-05-05 20:00:00+00:00,94346.0,94842.0,93876.1,94726.0,1733.64245759
2025-05-05 22:00:00+00:00,94725.9,95211.5,94702.9,94737.3,2043.25203566
2025-05-06 00:00:00+00:00,94737.2,94934.9,94300.2,94306.0,2332.98449591
2025-05-06 02:00:00+00:00,94306.0,94504.9,94022.1,94453.9,2095.7536568
2025-05-06 04:00:00+00:00,94466.4,94616.6,94304.6,94341.9,1609.39144326
2025-05-06 06:00:00+00:00,94342.0,94635.9,94328.7,94389.9,1431.7387143
2025-05-06 08:00:00+00:00,94390.0,94399.9,94000.0,94223.5,2304.55421877
2025-05-06 10:00:00+00:00,94223.5,94338.1,93720.1,93814.1,2784.34983944
2025-05-06 12:00:00+00:00,93814.1,94098.0,93332.1,93618.0,6616.77925002
2025-05-06 14:00:00+00:00,93625.0,94734.1,93461.5,94542.1,4938.18195923
2025-05-06 16:00:00+00:00,94568.0,94861.2,94194.0,94524.6,4177.68036953
2025-05-06 18:00:00+00:00,94522.1,95169.9,94400.0,94972.0,3199.18230429
2025-05-06 20:00:00+00:00,94972.0,95084.0,94455.0,94695.9,1566.5951376
2025-05-06 22:00:00+00:00,94695.9,96900.0,94499.9,96828.0,4188.75974045
2025-05-07 00:00:00+00:00,96827.9,97710.8,96607.9,97242.0,4183.44173286
2025-05-07 02:00:00+00:00,97241.9,97278.0,96196.2,96517.5,3428.41273282
2025-05-07 04:00:00+00:00,96517.5,96718.8,96278.6,96390.0,2665.23343326
2025-05-07 06:00:00+00:00,96390.1,97009.6,96362.3,96992.3,2850.32516751
2025-05-07 08:00:00+00:00,96988.0,97082.9,96725.4,96948.9,1678.19682148
2025-05-07 10:00:00+00:00,96946.7,97100.0,96792.9,97053.0,446.15300361
2025-05-07 12:00:00+00:00,97053.1,97305.7,96720.0,97017.1,4269.33566816
2025-05-07 14:00:00+00:00,97017.1,97497.8,96739.7,96934.1,4628.53584344
2025-05-07 16:00:00+00:00,96936.9,97069.9,96186.6,96320.0,3148.85710251
2025-05-07 18:00:00+00:00,96320.1,96875.0,95791.0,96167.7,5046.67103482
2025-05-07 20:00:00+00:00,96176.0,97323.0,96072.3,97112.5,2317.56968024
2025-05-07 22:00:00+00:00,97126.1,97393.9,96960.3,97026.0,1737.59738484
2025-05-08 00:00:00+00:00,97026.0,98336.0,96877.1,97803.2,3221.02297287
2025-05-08 02:00:00+00:00,97774.8,99279.3,97748.9,99140.8,3700.49771835
2025-05-08 04:00:00+00:00,99150.0,99590.0,98734.5,98752.0,3096.30280326
2025-05-08 06:00:00+00:00,98752.1,99389.7,98728.2,99263.8,3199.52764654
2025-05-08 08:00:00+00:00,99263.8,99814.8,99200.0,99800.2,4257.49368807
2025-05-08 10:00:00+00:00,99796.1,100341.0,99280.0,99419.2,5921.67012405
2025-05-08 12:00:00+00:00,99419.2,99638.6,99092.3,99287.5,5078.60194764
2025-05-08 14:00:00+00:00,99294.1,101695.4,98955.6,100763.4,8141.21301118
2025-05-08 16:00:00+00:00,100763.3,101718.0,100524.9,101022.9,5980.64169601
2025-05-08 18:00:00+00:00,101023.0,101475.0,100849.3,101282.0,4704.39578912
2025-05-08 20:00:00+00:00,101296.8,104240.0,101118.2,102830.6,6008.97311985
2025-05-08 22:00:00+00:00,102832.4,103333.0,102406.1,103295.9,2924.11595475
2025-05-09 00:00:00+00:00,103269.9,103303.9,102379.7,103096.0,4390.48823808
2025-05-09 02:00:00+00:00,103102.4,103399.9,102300.0,102470.0,3829.02261074
2025-05-09 04:00:00+00:00,102451.0,102978.9,101659.4,102600.0,808.25257024
2025-05-09 06:00:00+00:00,102600.0,104998.0,101962.2,103700.0,1334.77994942
2025-05-09 08:00:00+00:00,103676.9,104116.7,101424.2,101734.5,1697.75725348
2025-05-09 10:00:00+00:00,101734.5,103100.6,101734.5,102468.5,695.52511749
2025-05-09 12:00:00+00:00,102644.2,102745.0,101866.2,102457.0,846.58692489
2025-05-09 14:00:00+00:00,102457.0,102850.0,101666.6,101852.1,673.32214445
2025-05-09 16:00:00+00:00,101852.1,103157.1,101405.1,102974.8,901.01431183
2025-05-09 18:00:00+00:00,102886.6,103281.0,101872.1,102070.7,326.80227218
2025-05-09 20:00:00+00:00,102070.7,102289.9,101786.0,102204.3,196.65823261
2025-05-09 22:00:00+00:00,102289.9,103200.0,101895.6,102806.0,434.13054381
2025-05-10 00:00:00+00:00,102627.1,102974.8,101806.5,102758.6,262.46156297
2025-05-10 02:00:00+00:00,102758.6,103200.0,101962.2,102716.6,409.59640302
2025-05-10 04:00:00+00:00,102716.6,102920.4,102082.1,102223.9,344.1286617
2025-05-10 06:00:00+00:00,102223.9,103602.3,102223.9,102675.0,417.41491275
2025-05-10 08:00:00+00:00,102675.0,102801.9,102338.7,102560.0,129.64212729
2025-05-10 10:00:00+00:00,102560.0,103794.0,102353.9,102370.1,538.06794411
2025-05-10 12:00:00+00:00,102370.1,103876.3,102370.1,102591.1,778.84804047
2025-05-10 14:00:00+00:00,102591.1,102625.0,102110.7,102111.6,273.41498095
2025-05-10 16:00:00+00:00,102111.6,103818.6,102109.6,102148.3,544.0425449
2025-05-10 18:00:00+00:00,102148.3,103109.0,102047.1,102857.4,358.28620803
2025-05-10 20:00:00+00:00,102678.6,103125.0,102082.1,102600.0,296.17710658
2025-05-10 22:00:00+00:00,102600.0,103160.0,102534.5,103160.0,146.86880241
2025-05-11 00:00:00+00:00,103160.0,103353.4,102908.7,102979.0,108.51161595
2025-05-11 02:00:00+00:00,102979.0,103745.1,102468.5,102991.5,639.98097674
2025-05-11 04:00:00+00:00,102991.2,103150.7,102786.9,102821.8,213.55174957
2025-05-11 06:00:00+00:00,102802.8,103150.7,102350.0,102352.5,175.70140059
2025-05-11 08:00:00+00:00,102350.7,104142.0,102350.7,103844.9,805.97418837
2025-05-11 10:00:00+00:00,103845.0,104200.0,103255.0,103605.7,553.83894236
2025-05-11 12:00:00+00:00,103603.5,104402.1,103174.9,103250.0,564.86206778
2025-05-11 14:00:00+00:00,103249.9,104200.0,102766.6,103324.7,544.00751015
2025-05-11 16:00:00+00:00,103324.8,103324.8,102752.0,102923.5,174.16173259
2025-05-11 18:00:00+00:00,102923.5,103421.3,102845.0,103376.5,138.00428984
2025-05-11 20:00:00+00:00,103376.5,103569.0,102994.2,103471.0,316.44441083
2025-05-11 22:00:00+00:00,103366.3,103471.0,102620.0,102951.8,115.05239449
2025-05-12 00:00:00+00:00,102951.8,103816.0,102727.9,102916.3,170.62066858
2025-05-12 02:00:00+00:00,102916.3,104924.5,102770.5,102914.7,478.21235843
2025-05-12 04:00:00+00:00,102914.7,103699.9,102715.3,102854.5,161.66195847
2025-05-12 06:00:00+00:00,102854.5,104389.0,102770.8,103412.0,368.73817419
2025-05-12 08:00:00+00:00,103412.0,104625.5,103127.7,103937.0,642.77668766
2025-05-12 10:00:00+00:00,103974.0,104585.0,102700.0,103710.4,449.69482873
2025-05-12 12:00:00+00:00,103710.4,105200.0,102780.1,104326.4,3125150.81500511
2025-05-12 14:00:00+00:00,104326.4,105001.3,102272.5,102521.6,7542990.19649747
2025-05-12 16:00:00+00:00,102522.0,103066.4,101844.1,102557.9,8750650.61959446
2025-05-12 18:00:00+00:00,102557.9,102659.9,100743.2,101877.4,1757602.47116715
2025-05-12 20:00:00+00:00,101877.4,102895.1,101775.7,102502.0,627462.24194278
2025-05-12 22:00:00+00:00,102500.0,103135.5,102350.1,102790.0,529956.68127856
2025-05-13 00:00:00+00:00,102790.1,102790.1,102073.2,102390.1,1174556.60927517
2025-05-13 02:00:00+00:00,102390.1,102690.1,101421.7,101714.9,1191043.81459065
2025-05-13 04:00:00+00:00,101715.0,102765.8,101614.1,102464.1,617245.35470653
2025-05-13 06:00:00+00:00,102464.1,102949.9,102322.6,102670.0,460122.00111093
2025-05-13 08:00:00+00:00,102685.1,103512.0,102541.7,103464.3,592540.80539556
2025-05-13 10:00:00+00:00,103456.3,103834.1,103252.7,103726.0,173458.53430534
2025-05-13 12:00:00+00:00,103729.8,104000.0,103426.0,103707.3,244961.55989773
2025-05-13 14:00:00+00:00,103710.0,103870.9,102857.9,103686.0,246344.92536199
2025-05-13 16:00:00+00:00,103686.4,104377.3,103515.2,104266.1,231684.18149633
2025-05-13 18:00:00+00:00,104258.9,105000.0,104017.2,104820.0,197957.6316057
2025-05-13 20:00:00+00:00,104820.0,104922.9,104016.2,104340.0,160414.18968562
2025-05-13 22:00:00+00:00,104339.9,104437.5,103900.0,104129.9,179408.37989158
2025-05-14 00:00:00+00:00,104120.1,104262.5,103700.1,103728.0,203905.15587708
2025-05-14 02:00:00+00:00,103728.0,103822.6,103240.7,103592.5,142645.25492425
2025-05-14 04:00:00+00:00,103592.5,104000.0,103467.3,103905.9,135626.22652604
2025-05-14 06:00:00+00:00,103905.9,104000.0,103409.9,103800.1,156024.65686913
2025-05-14 08:00:00+00:00,103711.9,103884.4,102880.0,103484.9,233951.80348784
2025-05-14 10:00:00+00:00,103484.8,104141.2,103456.8,103953.7,191079.2648361
2025-05-14 12:00:00+00:00,103954.0,104500.0,103500.5,103965.5,307703.57371596
2025-05-14 14:00:00+00:00,103967.7,104102.7,102857.0,103516.1,358241.09597014
2025-05-14 16:00:00+00:00,103516.0,103817.1,102500.0,103264.0,319321.40711775
2025-05-14 18:00:00+00:00,103264.2,103719.9,103037.8,103328.0,217969.15568475
2025-05-14 20:00:00+00:00,103340.0,103671.6,103076.9,103650.0,169626.67856702
2025-05-14 22:00:00+00:00,103650.1,103651.3,103409.9,103500.0,162796.99983237
2025-05-15 00:00:00+00:00,103500.1,103864.6,102969.2,103037.2,224639.68574001
2025-05-15 02:00:00+00:00,103035.6,103212.4,102712.8,102748.3,263042.95917344
2025-05-15 04:00:00+00:00,102745.6,102972.1,102327.6,102373.8,220517.29057781
2025-05-15 06:00:00+00:00,102373.9,102920.0,102100.0,102264.0,131109.09036417
2025-05-15 08:00:00+00:00,102264.0,102325.3,101521.7,101820.8,205044.83345286
2025-05-15 10:00:00+00:00,101820.9,102442.5,101604.3,102389.3,327998.10628092
2025-05-15 12:00:00+00:00,102366.9,102837.9,101580.0,102139.2,889285.25346301
2025-05-15 14:00:00+00:00,102145.9,103280.0,101394.0,103250.0,951751.38264424
2025-05-15 16:00:00+00:00,103254.9,104190.1,103026.6,103969.1,647639.76316887
2025-05-15 18:00:00+00:00,103953.6,104013.9,102566.3,103134.0,843826.3154661
2025-05-15 20:00:00+00:00,103159.9,103492.0,102710.6,103295.0,350915.90800088
2025-05-15 22:00:00+00:00,103295.3,103982.0,103231.2,103769.1,383998.50290103
2025-05-16 00:00:00+00:00,103769.9,104820.9,103471.5,104064.1,8081248.14179566
2025-05-16 02:00:00+00:00,104064.1,105153.2,103938.0,104024.8,11337632.0284408
2025-05-16 04:00:00+00:00,104024.8,104500.0,103799.9,103910.0,2444565.23743481
2025-05-16 06:00:00+00:00,103908.2,104555.4,103694.0,103705.1,1680300.31636979
2025-05-16 08:00:00+00:00,103705.1,103815.5,103103.9,103792.1,402898.45443108
2025-05-16 10:00:00+00:00,103798.9,103912.9,103552.6,103669.8,206174.82981627
2025-05-16 12:00:00+00:00,103672.0,104080.0,103437.3,103993.5,472070.04501877
2025-05-16 14:00:00+00:00,103994.1,104279.4,103341.5,104187.9,770975.24549816
2025-05-16 16:00:00+00:00,104188.0,104552.5,103768.0,103866.0,985553.24344202
2025-05-16 18:00:00+00:00,103866.0,104100.0,103585.6,104052.1,901472.22348544
2025-05-16 20:00:00+00:00,104025.5,104036.0,103494.8,103612.1,713269.40717193
2025-05-16 22:00:00+00:00,103612.1,103689.2,103330.9,103460.2,1299749.02417652
2025-05-17 00:00:00+00:00,103460.0,103540.9,102000.0,102818.9,12726307.78292066
2025-05-17 02:00:00+00:00,102816.5,103544.8,102142.4,103500.5,11359201.81884461
2025-05-17 04:00:00+00:00,103500.5,103729.1,103286.0,103352.1,414536.79573064
2025-05-17 06:00:00+00:00,103354.2,103624.2,103288.2,103448.0,157377.97641331
2025-05-17 08:00:00+00:00,103450.0,103571.3,102827.9,102920.0,419909.43577801
2025-05-17 10:00:00+00:00,102900.1,103104.7,102760.1,102995.9,213571.55658553
2025-05-17 12:00:00+00:00,103000.0,103108.8,102618.5,102710.0,286803.83530601
2025-05-17 14:00:00+00:00,102712.8,103187.9,102704.6,102950.0,286279.11311122
2025-05-17 16:00:00+00:00,102950.1,103304.0,102763.0,103133.9,239550.12517325
2025-05-17 18:00:00+00:00,103133.9,103362.2,102930.1,103153.1,222139.33777647
2025-05-17 20:00:00+00:00,103145.1,103479.9,103081.5,103250.3,236087.21634733
2025-05-17 22:00:00+00:00,103250.3,103255.9,102901.1,103133.7,236251.53117083
2025-05-18 00:00:00+00:00,103133.6,103419.4,103100.1,103253.9,200275.04305477
2025-05-18 02:00:00+00:00,103254.7,103394.0,103134.7,103282.5,99898.86757064
2025-05-18 04:00:00+00:00,103282.6,103679.9,103279.6,103644.0,69155.72478704
2025-05-18 06:00:00+00:00,103644.0,103976.2,103366.1,103924.1,122111.57389625
2025-05-18 08:00:00+00:00,103928.0,104086.0,103810.8,103869.9,183967.08574037
2025-05-18 10:00:00+00:00,103870.0,103989.8,103790.0,103803.8,83747.88638774
2025-05-18 12:00:00+00:00,103803.9,104290.3,103666.0,103833.3,28224.73170517
2025-05-18 14:00:00+00:00,103744.9,105666.2,103700.0,105512.9,2003.37213524
2025-05-18 16:00:00+00:00,105515.9,106205.2,104831.8,104831.8,779.81657004
2025-05-18 18:00:00+00:00,104844.7,104971.4,103803.4,103897.5,511.90391886
2025-05-18 20:00:00+00:00,103897.6,104607.9,103200.0,104181.1,2501.75088656
2025-05-18 22:00:00+00:00,104200.0,106660.1,103981.7,106457.3,556.25737849
2025-05-19 00:00:00+00:00,106456.8,107129.8,104550.0,105058.0,3830.75471969
2025-05-19 02:00:00+00:00,105051.9,105190.0,103556.1,103622.0,533.77816579
2025-05-19 04:00:00+00:00,103630.1,103714.2,102330.9,103045.0,2888.30850039
2025-05-19 06:00:00+00:00,103032.0,103339.9,102000.0,103222.0,506029.92242195
2025-05-19 08:00:00+00:00,103222.0,103434.9,102916.2,103076.0,407718.30883577
2025-05-19 10:00:00+00:00,103073.9,103100.0,102780.0,102960.5,428121.61355457
2025-05-19 12:00:00+00:00,102960.5,103528.0,102155.8,103291.8,803205.53955817
2025-05-19 14:00:00+00:00,103291.7,104969.6,103192.1,104792.4,1058970.82029693
2025-05-19 16:00:00+00:00,104794.0,105560.7,104502.1,105392.1,805985.55394355
2025-05-19 18:00:00+00:00,105392.1,105555.5,104643.2,105540.0,763142.13337086
2025-05-19 20:00:00+00:00,105515.2,105794.8,105024.7,105460.2,413364.83830392
2025-05-19 22:00:00+00:00,105443.0,105823.1,105189.8,105572.9,351363.51574004
2025-05-20 00:00:00+00:00,105568.1,106792.3,105553.9,106451.2,1052909.57882408
2025-05-20 02:00:00+00:00,106468.3,106855.8,105529.8,105755.7,723978.0671677
2025-05-20 04:00:00+00:00,105755.7,106400.0,105538.1,106112.0,463344.07035178
2025-05-20 06:00:00+00:00,106112.0,106218.2,104920.0,105024.1,544718.29041135
2025-05-20 08:00:00+00:00,105024.2,105410.0,104858.0,105297.2,361045.49039357
2025-05-20 10:00:00+00:00,105297.3,105417.6,104906.1,105206.1,327557.37770325
2025-05-20 12:00:00+00:00,105206.1,105216.0,104180.0,104447.0,541541.83642898
2025-05-20 14:00:00+00:00,104448.6,105401.8,104300.1,105340.4,733680.92362964
2025-05-20 16:00:00+00:00,105341.4,106333.2,105090.2,106201.9,697367.42399092
2025-05-20 18:00:00+00:00,106200.6,107246.9,105204.0,107104.0,1023221.65615879
2025-05-20 20:00:00+00:00,107113.6,107321.4,106129.9,106613.6,800616.00287218
2025-05-20 22:00:00+00:00,106613.2,107180.6,105940.0,106841.6,662874.54123277
2025-05-21 00:00:00+00:00,106846.0,107198.0,106422.2,106491.9,744820.09959525
2025-05-21 02:00:00+00:00,106491.9,107092.6,106181.8,106838.0,491017.1142059
2025-05-21 04:00:00+00:00,106838.0,107721.6,106713.7,107542.0,774516.20560862
2025-05-21 06:00:00+00:00,107536.8,107997.3,106448.5,106515.1,853397.8301574
2025-05-21 08:00:00+00:00,106509.9,106814.1,106000.4,106200.1,332359.58634492
2025-05-21 10:00:00+00:00,106200.1,106996.0,105809.6,106528.5,716.75131491
2025-05-21 12:00:00+00:00,106528.1,107652.9,105525.0,107257.7,1171.34247028
2025-05-21 14:00:00+00:00,107260.0,109951.1,106800.0,108972.0,3110.48431131
2025-05-21 16:00:00+00:00,108973.9,110000.0,106000.4,106592.2,3059.29034746
2025-05-21 18:00:00+00:00,106593.7,108852.6,106203.7,108620.5,1605.60277777
2025-05-21 20:00:00+00:00,108601.2,108800.0,107563.6,108421.7,784.97893087
2025-05-21 22:00:00+00:00,108420.1,111322.2,108000.0,109250.0,1719.86389948
2025-05-22 00:00:00+00:00,109250.0,111000.0,109000.0,109910.1,1789.02986145
2025-05-22 02:00:00+00:00,109910.1,112325.4,109500.0,111765.8,2312.95671558
2025-05-22 04:00:00+00:00,111688.1,112568.0,110700.0,110870.0,3126.44724102
2025-05-22 06:00:00+00:00,110870.0,111462.0,110108.6,111038.0,1541.36078127
2025-05-22 08:00:00+00:00,111038.0,111227.8,110060.9,110752.8,1526.83287697
2025-05-22 10:00:00+00:00,110811.1,111333.0,110105.5,110992.1,776.87383662
2025-05-22 12:00:00+00:00,110982.1,111672.3,110500.0,110920.5,1204.71939639
2025-05-22 14:00:00+00:00,110928.7,111531.9,110550.1,111293.1,1246.70077308
2025-05-22 16:00:00+00:00,111293.1,111999.0,111000.0,111503.3,1417.44615276
2025-05-22 18:00:00+00:00,111503.7,112000.0,110862.0,111203.1,889.88549202
2025-05-22 20:00:00+00:00,111207.4,111500.0,110633.3,110843.9,480.21216972
2025-05-22 22:00:00+00:00,110843.9,111750.0,110800.0,111706.0,444.6189788
2025-05-23 00:00:00+00:00,111704.2,112000.0,110700.8,111337.8,842.44621916
2025-05-23 02:00:00+00:00,111337.8,111709.7,110833.3,111111.0,777.681029
2025-05-23 04:00:00+00:00,111111.1,111188.3,110501.4,110859.9,712.60989066
2025-05-23 06:00:00+00:00,110860.0,110978.8,110405.9,110721.9,1752.60097559
2025-05-23 08:00:00+00:00,110722.0,111378.2,110694.8,111315.8,2297.91083843
2025-05-23 10:00:00+00:00,111315.8,111500.0,108884.0,109090.0,2208.05803991
2025-05-23 12:00:00+00:00,109090.0,109993.5,107000.0,109642.0,3114.91905059
2025-05-23 14:00:00+00:00,109642.0,110320.7,108797.5,108940.0,2306.44106589
2025-05-23 16:00:00+00:00,108940.0,110000.0,108007.6,109416.1,1243.99204557
2025-05-23 18:00:00+00:00,109415.8,109505.5,108267.5,108707.3,745.07963287
2025-05-23 20:00:00+00:00,108719.5,109028.4,107896.6,108296.0,646.49805233
2025-05-23 22:00:00+00:00,108296.0,108800.0,106400.0,107335.8,1424.35960213
2025-05-24 00:00:00+00:00,107324.0,108007.3,106863.2,107480.0,766.77016427
2025-05-24 02:00:00+00:00,107481.8,108369.9,106964.2,108369.9,539.47896934
2025-05-24 04:00:00+00:00,108369.9,109200.0,107397.9,108500.0,6289.98259869
2025-05-24 06:00:00+00:00,108500.0,108978.6,107490.5,107600.1,1053.03469425
2025-05-24 08:00:00+00:00,107600.9,108662.7,107490.5,108157.5,841.21012701
2025-05-24 10:00:00+00:00,108158.1,110000.0,107885.4,109194.1,9742.01114289
2025-05-24 12:00:00+00:00,109196.0,109561.6,108297.0,108596.1,4469.04464902
2025-05-24 14:00:00+00:00,108596.1,109565.2,108200.0,108939.3,870.78817128
2025-05-24 16:00:00+00:00,108939.3,109429.9,108248.5,108911.5,665.49563232
2025-05-24 18:00:00+00:00,108907.5,109076.9,108279.0,108944.4,335.26857586
2025-05-24 20:00:00+00:00,108944.4,109340.0,108024.9,108816.1,283.37463663
2025-05-24 22:00:00+00:00,108817.5,108817.5,107116.8,107766.0,654.50978388
2025-05-25 00:00:00+00:00,107767.3,108500.0,106800.0,107652.0,628.81656074
2025-05-25 02:00:00+00:00,107652.3,108500.0,107048.9,108091.2,544.85214535
2025-05-25 04:00:00+00:00,108091.3,108631.4,106946.8,107028.4,3348.6754082
2025-05-25 06:00:00+00:00,107028.4,108000.0,106697.3,107294.1,6119.94882287
2025-05-25 08:00:00+00:00,107302.3,107588.0,106678.7,107126.7,847.89099027
2025-05-25 10:00:00+00:00,107130.4,107600.0,106678.0,107262.0,620.80883875
2025-05-25 12:00:00+00:00,107249.7,108000.0,106800.0,107522.9,1432.59922031
2025-05-25 14:00:00+00:00,107525.1,107645.9,105816.2,106973.4,6789.71209338
2025-05-25 16:00:00+00:00,106973.3,107650.0,106149.3,107358.2,685.48275896
2025-05-25 18:00:00+00:00,107359.9,108125.0,106833.3,107709.4,351.63842991
2025-05-25 20:00:00+00:00,107709.3,108000.0,106834.1,107457.9,259.32981579
2025-05-25 22:00:00+00:00,107458.0,109316.7,107307.6,108818.1,1354.63805158
2025-05-26 00:00:00+00:00,108818.1,110000.0,108333.3,109543.5,513.5107469
2025-05-26 02:00:00+00:00,109540.1,110000.0,108746.4,109621.9,2908.34149267
2025-05-26 04:00:00+00:00,109621.9,110000.0,108855.4,109633.1,2409.85487027
2025-05-26 06:00:00+00:00,109633.1,110218.1,109028.4,110089.0,936.46871431
2025-05-26 08:00:00+00:00,110089.0,110554.2,109150.0,109714.0,586.79458498
2025-05-26 10:00:00+00:00,109714.0,110408.9,109118.9,109780.0,733.03288035
2025-05-26 12:00:00+00:00,109780.0,110441.9,109178.9,109609.6,740.44163192
2025-05-26 14:00:00+00:00,109608.0,110408.9,109150.0,110003.0,893.6501709
2025-05-26 16:00:00+00:00,110004.9,110436.2,108657.5,109166.4,1148.91166863
2025-05-26 18:00:00+00:00,109175.3,109600.0,108371.3,109127.7,527.98508898
2025-05-26 20:00:00+00:00,109123.5,109759.8,108767.5,109344.2,371.79148542
2025-05-26 22:00:00+00:00,109353.1,110000.0,108840.0,109444.5,376.63457982
2025-05-27 00:00:00+00:00,109436.7,109677.9,107356.8,108396.2,839.01282167
2025-05-27 02:00:00+00:00,108396.6,109375.0,107800.0,108886.5,1193.70641104
2025-05-27 04:00:00+00:00,108886.5,110005.8,108216.1,110005.7,750.4371734
2025-05-27 06:00:00+00:00,110005.7,110005.8,108800.0,109509.9,603.0294512
2025-05-27 08:00:00+00:00,109511.5,110228.8,109096.6,109823.9,908.00144078
2025-05-27 10:00:00+00:00,109823.9,110000.0,109356.6,109588.3,562.01376053
2025-05-27 12:00:00+00:00,109588.3,110720.9,109356.6,109842.6,1002.40343288
2025-05-27 14:00:00+00:00,109826.1,110284.6,108800.0,110110.4,1226.42570232
2025-05-27 16:00:00+00:00,110145.7,110600.0,109759.8,110244.6,949.35551606
2025-05-27 18:00:00+00:00,110244.1,110425.9,109394.1,109884.1,418.30213284
2025-05-27 20:00:00+00:00,109884.1,109995.1,108800.0,108923.2,293.23991398
2025-05-27 22:00:00+00:00,108923.3,109444.4,108593.3,108936.1,577.69287561
2025-05-28 00:00:00+00:00,108936.1,109401.3,108600.0,108677.6,445.87065014
2025-05-28 02:00:00+00:00,108677.7,109100.0,108275.0,108869.9,445.94667575
2025-05-28 04:00:00+00:00,108856.8,109460.9,108540.1,108981.8,383.02674747
2025-05-28 06:00:00+00:00,108980.0,109500.0,108400.0,108816.2,536.09436149
2025-05-28 08:00:00+00:00,108816.2,109285.7,108400.0,108798.0,601.52101488
2025-05-28 10:00:00+00:00,108799.1,109312.6,108125.4,108865.5,630.52664924
2025-05-28 12:00:00+00:00,108865.5,109200.0,108000.0,108089.9,902.41254974
2025-05-28 14:00:00+00:00,108090.0,108745.1,107000.0,107113.7,1828.99544639
2025-05-28 16:00:00+00:00,107113.2,107947.4,107000.0,107691.4,1019.46034802
2025-05-28 18:00:00+00:00,107691.4,108228.6,106900.0,106943.7,765.18996863
2025-05-28 20:00:00+00:00,106943.8,107580.0,106800.0,107506.0,422.14147385
2025-05-28 22:00:00+00:00,107504.2,108100.0,106983.8,107783.9,471.18581674
2025-05-29 00:00:00+00:00,107783.8,108547.5,107441.4,108155.0,678.37372173
2025-05-29 02:00:00+00:00,108153.8,108500.0,107678.5,108036.0,668.28492177
2025-05-29 04:00:00+00:00,108036.0,108186.6,106939.4,107669.9,670.86005259
2025-05-29 06:00:00+00:00,107684.0,108288.0,107295.2,107883.3,762.00263894
2025-05-29 08:00:00+00:00,107883.4,109000.0,107500.0,108518.0,1349.65955959
2025-05-29 10:00:00+00:00,108518.0,109020.2,108000.0,108781.2,999.41483815
2025-05-29 12:00:00+00:00,108781.2,108900.0,107300.0,107604.0,1429.37546321
2025-05-29 14:00:00+00:00,107602.0,107947.4,106445.9,107033.9,1576.75221608
2025-05-29 16:00:00+00:00,107033.9,107376.0,105962.0,106312.1,3143.89867637
2025-05-29 18:00:00+00:00,106310.6,106868.8,105500.0,105729.7,1168.81326067
2025-05-29 20:00:00+00:00,105723.5,106700.0,105716.0,106453.9,357.4254526
2025-05-29 22:00:00+00:00,106453.9,106500.0,104940.2,105583.7,686.36540824
2025-05-30 00:00:00+00:00,105586.1,106300.0,104600.0,105682.2,1235.05792694
2025-05-30 02:00:00+00:00,105672.4,106562.1,105533.3,106017.6,863.88263552
2025-05-30 04:00:00+00:00,106026.2,106600.0,105554.1,106078.5,576.81180827
2025-05-30 06:00:00+00:00,106078.5,106170.0,104578.1,105031.6,1204.48931467
2025-05-30 08:00:00+00:00,105031.6,105670.1,104600.0,105649.1,1198.01186842
2025-05-30 10:00:00+00:00,105649.0,106350.3,105100.0,105874.7,740.6237949
2025-05-30 12:00:00+00:00,105874.8,106032.4,105155.0,105494.2,1038.99664233
2025-05-30 14:00:00+00:00,105513.6,106000.0,104868.1,105538.8,1149.97876659
2025-05-30 16:00:00+00:00,105538.8,105594.7,103500.0,104169.7,1411.58058842
2025-05-30 18:00:00+00:00,104175.6,105242.2,103985.5,104628.5,808.70795598
2025-05-30 20:00:00+00:00,104631.8,105229.7,104042.8,104811.2,596.3856728
2025-05-30 22:00:00+00:00,104811.2,105066.6,103587.7,103997.6,1072.45819237
2025-05-31 00:00:00+00:00,104000.0,104445.0,103200.0,103510.0,1263.9943091
2025-05-31 02:00:00+00:00,103487.5,103887.3,103000.0,103675.5,1354.02187258
2025-05-31 04:00:00+00:00,103675.5,104194.6,103000.0,103536.9,914.16176902
2025-05-31 06:00:00+00:00,103536.9,104200.0,103400.0,103761.2,1284.87955996
2025-05-31 08:00:00+00:00,103761.3,104071.5,103200.0,103545.4,462.61987844
2025-05-31 10:00:00+00:00,103545.4,103850.0,103081.3,103495.9,538.47562207
2025-05-31 12:00:00+00:00,103504.8,104299.2,103000.0,104122.4,607.43669398
2025-05-31 14:00:00+00:00,104122.4,105074.1,104121.9,104554.2,1111.70174596
2025-05-31 16:00:00+00:00,104554.2,105115.5,103934.8,104352.9,639.09265002
2025-05-31 18:00:00+00:00,104352.9,105007.6,104178.5,104705.9,386.56202371
2025-05-31 20:00:00+00:00,104705.8,105269.1,104415.7,104860.8,520.99000261
2025-05-31 22:00:00+00:00,104868.3,105101.1,104400.0,104596.8,652.73993484
2025-06-01 00:00:00+00:00,104596.8,104800.7,103988.4,104132.6,715.74941762
2025-06-01 02:00:00+00:00,104132.7,104800.7,103566.6,104375.6,738.9459832
2025-06-01 04:00:00+00:00,104380.3,104800.7,104000.0,104529.4,485.03250357
2025-06-01 06:00:00+00:00,104529.5,104666.6,103800.0,104292.7,586.8571955
2025-06-01 08:00:00+00:00,104284.6,104600.0,103501.0,103958.0,835.23504226
2025-06-01 10:00:00+00:00,103958.1,104467.1,103400.0,104084.3,965.35672533
2025-06-01 12:00:00+00:00,104084.4,104446.6,103500.0,104259.0,801.55963994
2025-06-01 14:00:00+00:00,104266.4,104820.0,104241.7,104713.9,583.70020601
2025-06-01 16:00:00+00:00,104712.0,105576.6,104346.8,105066.4,1110.11030486
2025-06-01 18:00:00+00:00,105066.4,105242.2,104066.2,105120.8,603.18508989
2025-06-01 20:00:00+00:00,105125.9,105524.5,104628.7,105504.0,417.3381493
2025-06-01 22:00:00+00:00,105489.6,105856.5,105111.2,105644.2,1119.52485947
2025-06-02 00:00:00+00:00,105641.6,105750.0,105252.0,105388.0,1223.406666
2025-06-02 02:00:00+00:00,105385.7,105500.0,104558.4,104837.8,1001.09436661
2025-06-02 04:00:00+00:00,104837.9,105300.0,104575.0,104835.9,440.8824823
2025-06-02 06:00:00+00:00,104837.5,105555.0,104500.0,105393.3,1375.10445016
2025-06-02 08:00:00+00:00,105396.8,106000.0,104400.0,104583.0,1287.88800756
2025-06-02 10:00:00+00:00,104586.3,104852.0,103688.0,104049.7,777.64067304
2025-06-02 12:00:00+00:00,104054.7,104727.2,103545.0,103820.8,1633.73103137
2025-06-02 14:00:00+00:00,103794.1,104800.0,103700.0,104427.7,1508.23771089
2025-06-02 16:00:00+00:00,104430.6,104600.0,103899.0,104403.2,941.1647648
2025-06-02 18:00:00+00:00,104403.2,104780.0,103999.9,104426.5,376.78017718
2025-06-02 20:00:00+00:00,104432.0,105115.2,104432.0,104934.2,585.93023899
2025-06-02 22:00:00+00:00,104934.1,105968.5,104820.0,105847.3,1363.4889533
2025-06-03 00:00:00+00:00,105848.9,106657.1,105600.0,106482.9,1253.48058327
2025-06-03 02:00:00+00:00,106482.9,106571.4,105332.1,105492.0,1165.20732472
2025-06-03 04:00:00+00:00,105490.9,105524.5,105100.0,105463.5,733.09669637
2025-06-03 06:00:00+00:00,105460.8,105600.7,104959.0,105244.1,431.11908706
2025-06-03 08:00:00+00:00,105184.6,105600.7,104851.0,105189.0,908.05851189
2025-06-03 10:00:00+00:00,105197.7,105800.0,104843.7,105291.4,503.75816445
2025-06-03 12:00:00+00:00,105291.4,105663.3,104813.1,105424.0,592.81291661
2025-06-03 14:00:00+00:00,105420.1,107000.0,105150.0,106630.2,1374.71306692
2025-06-03 16:00:00+00:00,106630.2,106699.6,105497.3,105943.5,1036.89388077
2025-06-03 18:00:00+00:00,105944.0,106550.0,105250.0,106221.2,564.19931699
2025-06-03 20:00:00+00:00,106233.9,106254.2,105250.0,105371.8,312.79479219
2025-06-03 22:00:00+00:00,105371.1,106000.0,105250.0,105386.1,355.18582602
2025-06-04 00:00:00+00:00,105386.7,106077.2,105008.9,105580.7,435.48454439
2025-06-04 02:00:00+00:00,105580.8,106000.0,104989.6,105524.2,401.37018708
2025-06-04 04:00:00+00:00,105524.2,106000.0,104971.2,105362.4,447.78379244
2025-06-04 06:00:00+00:00,105362.4,105600.0,104813.1,105308.1,346.35760488
2025-06-04 08:00:00+00:00,105306.2,105902.8,105200.0,105815.0,412.18009517
2025-06-04 10:00:00+00:00,105815.1,105987.5,104655.2,105102.1,856.47261071
2025-06-04 12:00:00+00:00,105104.0,105387.9,104600.0,105000.0,2949.27378395
2025-06-04 14:00:00+00:00,105153.6,105670.1,105000.0,105301.8,6621.71087139
2025-06-04 16:00:00+00:00,105302.7,105662.3,105000.0,105051.9,1654.12983595
2025-06-04 18:00:00+00:00,105051.9,105300.0,104576.4,104930.8,1586.28748879
2025-06-04 20:00:00+00:00,104930.9,105272.7,104275.9,104926.3,707.20027552
2025-06-04 22:00:00+00:00,104926.4,105281.7,104504.4,104682.5,1027.6053598
2025-06-05 00:00:00+00:00,104688.7,105500.0,104658.2,104771.8,885.18189692
2025-06-05 02:00:00+00:00,104771.8,105470.1,104658.2,105037.9,778.03061376
2025-06-05 04:00:00+00:00,105038.0,105500.0,104571.7,104648.8,1027.86537395
2025-06-05 06:00:00+00:00,104648.9,104815.0,104200.0,104533.1,811.16261865
2025-06-05 08:00:00+00:00,104525.8,104916.6,104200.0,104895.0,1161.52832741
2025-06-05 10:00:00+00:00,104894.1,105300.0,104467.1,104810.6,1251.97879844
2025-06-05 12:00:00+00:00,104810.6,105999.0,104424.8,105001.0,2787.0710892
2025-06-05 14:00:00+00:00,105001.0,105410.0,103850.0,104538.0,3088.46862021
2025-06-05 16:00:00+00:00,104538.7,104828.0,103000.0,103245.4,3063.78793041
2025-06-05 18:00:00+00:00,103244.3,103485.1,100655.1,101912.1,2394.20468764
2025-06-05 20:00:00+00:00,101914.0,102155.0,99793.7,101552.8,1797.38137552
2025-06-05 22:00:00+00:00,101549.1,101833.0,100835.7,101499.9,1450.06158245
2025-06-06 00:00:00+00:00,101500.0,102149.7,100798.4,101843.4,1543.00220318
2025-06-06 02:00:00+00:00,101854.2,102604.6,101195.0,102496.0,2207.68753465
2025-06-06 04:00:00+00:00,102495.9,103000.0,102279.6,102950.0,2917.24203251
2025-06-06 06:00:00+00:00,102945.6,103665.2,102703.7,103148.0,2205.10066858
2025-06-06 08:00:00+00:00,103148.0,103900.0,103147.9,103642.8,2513.13259324
2025-06-06 10:00:00+00:00,103643.4,104035.4,103264.2,103928.9,2221.94525323
2025-06-06 12:00:00+00:00,103928.9,104959.0,103531.7,104096.9,6566.09112759
2025-06-06 14:00:00+00:00,104097.9,106092.7,104030.0,106092.6,12165.35987119
2025-06-06 16:00:00+00:00,106092.7,106278.3,103699.9,104930.8,12039.10235618
2025-06-06 18:00:00+00:00,104930.8,105387.9,104000.0,104233.2,10057.25801282
2025-06-06 20:00:00+00:00,104234.0,105059.9,104168.3,104388.5,13141.43356733
2025-06-06 22:00:00+00:00,104388.5,104917.4,104161.6,104327.6,10585.42981291
2025-06-07 00:00:00+00:00,104327.6,104781.2,104304.5,104449.3,4267.70451501
2025-06-07 02:00:00+00:00,104449.3,105000.0,104304.2,104879.6,1757.02088114
2025-06-07 04:00:00+00:00,104878.9,105980.1,104304.2,105900.0,9623.25192907
2025-06-07 06:00:00+00:00,105899.9,106090.2,104674.9,104858.7,26206.65316539
2025-06-07 08:00:00+00:00,104858.8,104930.0,104700.0,104841.4,4725.50944349
2025-06-07 10:00:00+00:00,104841.4,105580.6,104700.0,105139.9,1670.88979818
2025-06-07 12:00:00+00:00,105142.1,105668.2,104822.0,105490.0,3326.19823378
2025-06-07 14:00:00+00:00,105490.0,105760.8,104928.5,105558.3,2310.02928478
2025-06-07 16:00:00+00:00,105558.4,106000.0,104842.5,105392.0,773.79865019
2025-06-07 18:00:00+00:00,105392.0,106200.0,105275.8,105729.9,819.45085711
2025-06-07 20:00:00+00:00,105730.0,106000.0,105360.0,105759.3,400.41414078
2025-06-07 22:00:00+00:00,105759.0,105999.0,105400.0,105553.6,1020.56821868
2025-06-08 00:00:00+00:00,105553.6,106076.7,104399.8,105682.5,2750.45880834
2025-06-08 02:00:00+00:00,105682.6,105800.0,104959.0,105475.8,561.12828703
2025-06-08 04:00:00+00:00,105475.9,105935.4,105088.5,105438.1,479.30409675
2025-06-08 06:00:00+00:00,105438.1,105558.0,104852.4,105422.4,7136.19809377
2025-06-08 08:00:00+00:00,105420.1,105669.2,104833.3,105134.2,4248.52574163
2025-06-08 10:00:00+00:00,105134.2,105668.2,104738.5,105435.1,5540.62815869
2025-06-08 12:00:00+00:00,105435.1,105716.5,104905.3,105406.3,8907.45953387
2025-06-08 14:00:00+00:00,105406.3,105749.9,104913.0,105400.0,8329.13841733
2025-06-08 16:00:00+00:00,105400.0,106491.0,104916.6,106097.6,1898.14452349
2025-06-08 18:00:00+00:00,106097.7,106500.0,105954.2,106301.7,579.7424054
2025-06-08 20:00:00+00:00,106301.7,106500.0,105998.3,106326.7,361.86604038
2025-06-08 22:00:00+00:00,106326.8,106450.0,105500.0,105730.3,834.6709795
2025-06-09 00:00:00+00:00,105729.2,106200.0,105350.3,105529.4,1077.87139547
2025-06-09 02:00:00+00:00,105529.4,106000.0,105050.0,105667.7,1155.8925256
2025-06-09 04:00:00+00:00,105667.7,106100.0,105020.0,105375.3,932.93108627
2025-06-09 06:00:00+00:00,105375.3,105954.8,105020.0,105557.7,1063.21591595
2025-06-09 08:00:00+00:00,105557.7,106873.7,105444.5,106437.5,1315.00377704
2025-06-09 10:00:00+00:00,106437.5,107907.4,106102.4,107701.9,1939.75932105
2025-06-09 12:00:00+00:00,107709.1,108230.8,106860.0,107024.0,1862.59717863
2025-06-09 14:00:00+00:00,107020.1,108252.0,106800.0,107650.0,2405.51276102
2025-06-09 16:00:00+00:00,107650.1,108500.0,107286.6,108345.8,2008.95913816
2025-06-09 18:00:00+00:00,108345.1,108750.0,107823.3,108582.0,1962.37401951
2025-06-09 20:00:00+00:00,108560.8,110282.1,108188.5,109973.8,1414.42452116
2025-06-09 22:00:00+00:00,109973.8,110413.6,109431.1,110269.6,1357.41312479
2025-06-10 00:00:00+00:00,110267.0,110500.0,109353.6,109787.1,1370.68005061
2025-06-10 02:00:00+00:00,109787.2,110068.7,109064.1,109579.3,1296.81438316
2025-06-10 04:00:00+00:00,109579.3,109933.3,109000.0,109311.4,1601.89842397
2025-06-10 06:00:00+00:00,109311.5,109649.5,109000.0,109212.0,2886.41300771
2025-06-10 08:00:00+00:00,109212.0,109648.8,109000.0,109510.6,924.88024629
2025-06-10 10:00:00+00:00,109510.6,110100.0,109014.2,109572.6,981.84309005
2025-06-10 12:00:00+00:00,109550.2,109941.1,108706.7,109314.8,1209.3140177
2025-06-10 14:00:00+00:00,109314.8,109431.1,108194.5,109016.0,2095.45266454
2025-06-10 16:00:00+00:00,109016.7,109500.0,108294.4,108710.3,1098.68658857
2025-06-10 18:00:00+00:00,108712.1,110612.2,108135.5,109521.3,1105.33073022
2025-06-10 20:00:00+00:00,109509.4,110012.3,109109.1,109863.5,651.16667345
2025-06-10 22:00:00+00:00,109863.5,110299.7,109630.3,110272.0,11955.38384741
2025-06-11 00:00:00+00:00,110274.2,110683.7,109611.8,109993.6,12236.15179001
2025-06-11 02:00:00+00:00,109993.6,110549.2,109630.3,110000.0,12478.42912186
2025-06-11 04:00:00+00:00,110000.0,110477.3,109585.9,109996.8,16018.18588488
2025-06-11 06:00:00+00:00,110147.5,110281.3,109001.9,109439.1,1001.22056705
2025-06-11 08:00:00+00:00,109439.2,109771.3,109170.9,109260.5,2012.11491346
2025-06-11 10:00:00+00:00,109260.5,109569.5,108667.2,109245.6,1641.83574507
2025-06-11 12:00:00+00:00,109245.6,110105.3,108660.4,109681.7,2553.85096315
2025-06-11 14:00:00+00:00,109684.4,110592.5,109228.5,109743.3,3225.24008987
2025-06-11 16:00:00+00:00,109743.2,110161.5,108941.2,108985.9,1694.84115106
2025-06-11 18:00:00+00:00,108985.9,109400.0,108400.0,108787.1,2275.96803894
2025-06-11 20:00:00+00:00,108786.0,109471.3,108366.6,108505.7,1756.17677329
2025-06-11 22:00:00+00:00,108505.6,109100.0,108000.0,108645.7,2724.96749344
2025-06-12 00:00:00+00:00,108645.7,109300.0,108132.6,108528.1,2034.68283276
2025-06-12 02:00:00+00:00,108528.2,108770.0,107500.0,107865.8,1188.00575448
2025-06-12 04:00:00+00:00,107863.6,108200.0,107100.0,107745.5,1946.31533882
2025-06-12 06:00:00+00:00,107745.5,108000.0,107333.1,107630.9,170752.23389605
2025-06-12 08:00:00+00:00,107625.1,108000.0,107227.1,107529.4,177663.88511052
2025-06-12 10:00:00+00:00,107636.3,107636.3,106180.1,106912.2,411649.46553925
2025-06-12 12:00:00+00:00,106910.2,107429.8,106600.0,107076.2,813866.99136169
2025-06-12 14:00:00+00:00,107076.3,107821.1,106894.3,107016.5,953036.08235546
2025-06-12 16:00:00+00:00,107017.6,108438.9,106976.6,108295.0,1016882.87345512
2025-06-12 18:00:00+00:00,108294.6,108424.4,106680.1,106779.6,1078156.69533673
2025-06-12 20:00:00+00:00,106787.3,106969.9,105769.2,105893.6,1362484.38662782
2025-06-12 22:00:00+00:00,105892.8,106230.7,105663.6,105664.7,798916.99071446
2025-06-13 00:00:00+00:00,105664.0,105730.0,102687.7,103771.2,2778409.12614654
2025-06-13 02:00:00+00:00,103775.8,104617.6,103072.3,104282.0,1331130.3925991
2025-06-13 04:00:00+00:00,104294.7,104551.7,103785.8,104007.4,710136.74092067
2025-06-13 06:00:00+00:00,104006.1,104958.0,103827.8,104892.0,918576.58128107
2025-06-13 08:00:00+00:00,104897.3,105444.5,104502.0,104833.7,1014331.3133916
2025-06-13 10:00:00+00:00,104833.8,105057.9,104426.7,105034.4,707579.02902968
2025-06-13 12:00:00+00:00,105039.5,105299.6,104673.2,104714.2,1041244.7944278
2025-06-13 14:00:00+00:00,104718.9,105759.3,104108.7,105410.6,1660719.81149604
2025-06-13 16:00:00+00:00,105410.6,105965.0,104862.1,105381.7,1121258.50520523
2025-06-13 18:00:00+00:00,105378.4,105483.0,104667.7,105107.4,1115610.47849034
2025-06-13 20:00:00+00:00,105107.4,105792.8,105018.0,105613.7,554010.71337992
2025-06-13 22:00:00+00:00,105613.8,106187.1,105543.2,106064.1,334813.69382078
2025-06-14 00:00:00+00:00,106066.1,106219.2,105440.1,105474.0,553666.03826457
2025-06-14 02:00:00+00:00,105472.1,105627.0,105202.6,105239.0,244378.34141561
2025-06-14 04:00:00+00:00,105241.2,105411.7,105230.7,105300.1,190922.81959782
2025-06-14 06:00:00+00:00,105300.1,105335.3,104793.1,105071.4,251036.77075869
2025-06-14 08:00:00+00:00,105070.9,105139.5,104850.0,104866.0,215231.46448904
2025-06-14 10:00:00+00:00,104865.9,105125.9,104830.7,105092.2,238852.59339151
2025-06-14 12:00:00+00:00,105089.1,105129.8,104745.4,105015.1,306042.41467003
2025-06-14 14:00:00+00:00,105015.1,105072.4,104647.1,104833.6,308027.08491662
2025-06-14 16:00:00+00:00,104833.1,104912.0,104382.1,104618.6,433082.21258884
2025-06-14 18:00:00+00:00,104618.6,105052.6,104370.1,104678.5,503965.12189148
2025-06-14 20:00:00+00:00,104678.5,105470.3,104309.9,105310.7,560881.15396532
2025-06-14 22:00:00+00:00,105319.9,105491.0,105288.0,105411.0,253819.73222565
2025-06-15 00:00:00+00:00,105411.0,105677.0,105155.3,105417.0,216624.01129615
2025-06-15 02:00:00+00:00,105417.0,105627.9,105417.0,105478.4,137878.63886942
2025-06-15 04:00:00+00:00,105478.4,106096.3,105476.8,106081.5,119568.86796548
2025-06-15 06:00:00+00:00,106069.9,106134.5,105200.0,105436.5,310441.25030973
2025-06-15 08:00:00+00:00,105430.2,105498.3,104868.1,104933.9,318427.75573286
2025-06-15 10:00:00+00:00,104933.3,105200.0,104917.1,104980.0,213471.00781488
2025-06-15 12:00:00+00:00,104979.9,105661.8,104953.7,105530.1,475489.57480051
2025-06-15 14:00:00+00:00,105530.0,105832.3,105310.0,105567.0,454975.17377695
2025-06-15 16:00:00+00:00,105568.0,105919.3,104337.4,105688.1,267602.37898747
2025-06-15 18:00:00+00:00,105683.8,105694.7,105086.1,105300.0,258577.64749763
2025-06-15 20:00:00+00:00,105301.4,105306.7,104500.1,104808.0,459912.28103532
2025-06-15 22:00:00+00:00,104804.8,105616.0,104735.6,105579.9,664439.00825617
2025-06-16 00:00:00+00:00,105580.0,105899.0,104972.2,105824.1,772488.4503695
2025-06-16 02:00:00+00:00,105818.0,105975.7,105677.4,105919.7,460708.48652409
2025-06-16 04:00:00+00:00,105919.3,106791.0,105867.1,106569.2,549522.37607046
2025-06-16 06:00:00+00:00,106569.3,107272.7,106506.5,107055.8,444192.96396622
2025-06-16 08:00:00+00:00,107061.9,107239.1,106884.0,106953.2,421926.30699411
2025-06-16 10:00:00+00:00,106954.0,107212.0,106582.7,106896.4,338253.60198789
2025-06-16 12:00:00+00:00,106896.4,107179.1,106503.7,107162.0,691148.59384993
2025-06-16 14:00:00+00:00,107179.4,107787.0,106787.3,107430.0,1260846.57856039
2025-06-16 16:00:00+00:00,107436.0,108019.1,107312.1,107751.3,642539.40338529
2025-06-16 18:00:00+00:00,107756.0,108882.9,107686.0,108650.6,722377.67845966
2025-06-16 20:00:00+00:00,108650.5,108835.9,108320.0,108519.3,425958.7752409
2025-06-16 22:00:00+00:00,108525.6,108940.6,106700.9,106799.6,1041427.38244118
2025-06-17 00:00:00+00:00,106800.2,107400.7,106127.2,107175.6,1084502.88263728
2025-06-17 02:00:00+00:00,107185.4,107757.6,106571.5,107593.3,763682.37147101
2025-06-17 04:00:00+00:00,107596.0,107752.9,107045.5,107124.0,522742.96648567
2025-06-17 06:00:00+00:00,107123.9,107354.3,106480.1,106768.8,506079.36319765
2025-06-17 08:00:00+00:00,106768.8,106838.6,106084.0,106180.1,458302.38134463
2025-06-17 10:00:00+00:00,106164.1,106245.6,105504.1,105636.0,481602.8603656
2025-06-17 12:00:00+00:00,105634.8,105851.5,105206.5,105356.9,708627.25611269
2025-06-17 14:00:00+00:00,105356.9,105713.3,104157.8,104244.1,1123017.75662753
2025-06-17 16:00:00+00:00,104244.1,104499.1,103368.1,103832.0,1302681.93046216
2025-06-17 18:00:00+00:00,103814.8,105335.2,103622.7,104686.0,900573.67637076
2025-06-17 20:00:00+00:00,104682.0,104872.9,104254.3,104553.0,562398.56586239
2025-06-17 22:00:00+00:00,104553.1,104740.3,104224.9,104552.4,364795.04192918
2025-06-18 00:00:00+00:00,104565.1,105183.5,104369.8,104774.0,438208.68133558
2025-06-18 02:00:00+00:00,104774.0,105246.4,104695.6,105184.5,406234.99143199
2025-06-18 04:00:00+00:00,105184.5,105544.1,105072.8,105406.0,261485.6935928
2025-06-18 06:00:00+00:00,105405.4,105535.1,103901.4,104910.0,329373.88790839
2025-06-18 08:00:00+00:00,104925.6,105200.0,103642.0,103666.6,3098.14206358
2025-06-18 10:00:00+00:00,103666.6,103745.0,103173.9,103365.4,142.84614743
2025-06-18 12:00:00+00:00,103365.4,104494.7,102813.7,102961.0,222.2823411
2025-06-18 14:00:00+00:00,102961.0,105053.4,102961.0,103722.4,347.03013273
2025-06-18 16:00:00+00:00,103722.4,103733.8,103054.7,103292.7,182.3595431
2025-06-18 18:00:00+00:00,103282.0,103407.2,102600.0,102908.0,80.37563348
2025-06-18 20:00:00+00:00,102908.0,104800.0,102682.0,104795.8,292.80637188
2025-06-18 22:00:00+00:00,104800.0,104800.0,104795.0,104795.0,252.12731218
2025-06-19 00:00:00+00:00,104800.0,104800.0,103516.4,103519.0,106.25430579
2025-06-19 02:00:00+00:00,103519.0,105030.6,103512.5,105030.5,314.38860156
2025-06-19 04:00:00+00:00,105030.6,105030.6,105028.2,105030.0,419.19090558
2025-06-19 06:00:00+00:00,105030.0,105031.9,104543.5,104648.1,369.87115813
2025-06-19 08:00:00+00:00,104648.1,105037.7,104638.0,104999.9,268.31789481
2025-06-19 10:00:00+00:00,104999.9,105080.0,104722.8,104780.0,237.9224116
2025-06-19 12:00:00+00:00,104768.1,104915.9,104241.3,104284.1,682.67025426
2025-06-19 14:00:00+00:00,104284.0,104692.3,103772.5,104093.8,1213.93853168
2025-06-19 16:00:00+00:00,104104.2,104826.0,103770.0,104516.0,661.68511995
2025-06-19 18:00:00+00:00,104517.6,104699.9,104118.2,104363.6,381.08815034
2025-06-19 20:00:00+00:00,104288.0,104501.0,104142.8,104342.1,218.23938796
2025-06-19 22:00:00+00:00,104349.3,104900.0,104300.0,104665.3,134.41076668
2025-06-20 00:00:00+00:00,104652.1,104843.8,104356.9,104778.3,310.43557777
2025-06-20 02:00:00+00:00,104778.4,104808.7,104383.2,104608.0,730.33019906
2025-06-20 04:00:00+00:00,104595.3,104602.0,104217.3,104587.0,273.03434066
2025-06-20 06:00:00+00:00,104592.5,105817.4,104566.8,105805.8,438.77047473
2025-06-20 08:00:00+00:00,105805.9,106651.8,105762.9,105943.4,872.18190807
2025-06-20 10:00:00+00:00,105941.1,106300.0,105800.0,105979.9,927.61248989
2025-06-20 12:00:00+00:00,105979.9,106300.0,105349.8,105674.9,527.79194199
2025-06-20 14:00:00+00:00,105675.0,105980.1,103807.5,104216.1,1174.92620277
2025-06-20 16:00:00+00:00,104224.0,104464.8,102322.6,103267.7,1258.40828582
2025-06-20 18:00:00+00:00,103274.5,103640.6,102966.0,103350.2,1077.63709573
2025-06-20 20:00:00+00:00,103518.9,103928.0,103314.7,103524.0,804.51720064
2025-06-20 22:00:00+00:00,103548.6,103741.6,102961.9,103304.6,315.32920922
2025-06-21 00:00:00+00:00,103304.6,103600.8,103081.9,103520.0,336.25861967
2025-06-21 02:00:00+00:00,103520.0,103798.1,103375.5,103492.8,394.38518959
2025-06-21 04:00:00+00:00,103492.8,103600.0,103334.3,103424.1,382.82016527
2025-06-21 06:00:00+00:00,103424.1,103682.8,103200.0,103468.1,318.69597794
2025-06-21 08:00:00+00:00,103468.1,103983.2,103461.3,103845.4,415.34966988
2025-06-21 10:00:00+00:00,103845.4,104058.6,103714.2,103879.9,482.88628133
2025-06-21 12:00:00+00:00,103880.5,103992.8,103507.0,103576.0,401.86055752
2025-06-21 14:00:00+00:00,103576.0,103849.9,103166.0,103570.1,926.05489174
2025-06-21 16:00:00+00:00,103570.6,103771.7,103128.1,103192.1,971.49749227
2025-06-21 18:00:00+00:00,103192.1,103600.0,102222.2,102256.4,469.73600269
2025-06-21 20:00:00+00:00,102256.3,102951.8,101043.7,101451.9,646.42598235
2025-06-21 22:00:00+00:00,101452.4,102313.4,100901.4,102116.7,18349.66753127
2025-06-22 00:00:00+00:00,102126.3,103376.2,102000.0,102393.7,728.93944362
2025-06-22 02:00:00+00:00,102395.9,102960.0,101817.1,102380.8,528.86624257
2025-06-22 04:00:00+00:00,102386.0,103020.6,102255.5,102854.0,558.50467223
2025-06-22 06:00:00+00:00,102856.1,103128.1,102237.2,102432.2,516.86796012
2025-06-22 08:00:00+00:00,102443.2,102940.9,102000.0,102204.0,578.69668581
2025-06-22 10:00:00+00:00,102204.0,102899.9,102000.0,102733.4,556.50254905
2025-06-22 12:00:00+00:00,102739.2,102933.6,100106.1,100876.9,1179.75196681
2025-06-22 14:00:00+00:00,100873.2,101326.0,98911.2,98911.2,2526.67388269
2025-06-22 16:00:00+00:00,98911.3,100400.0,98517.4,99477.9,1087.79547607
2025-06-22 18:00:00+00:00,99476.1,99999.8,98762.8,98884.0,658.73332014
2025-06-22 20:00:00+00:00,98885.6,99875.0,98001.0,99184.0,811.41096576
2025-06-22 22:00:00+00:00,99184.0,101150.0,99140.0,100948.0,447.47625998
2025-06-23 00:00:00+00:00,100948.0,101687.9,100453.7,101102.8,551.03463661
2025-06-23 02:00:00+00:00,101102.8,101382.7,100600.0,101163.2,328847.1042631
2025-06-23 04:00:00+00:00,101164.0,101827.2,100980.1,101767.9,308182.87315824
2025-06-23 06:00:00+00:00,101766.8,102138.1,101647.9,101935.8,337057.23700901
2025-06-23 08:00:00+00:00,101935.7,102085.9,101394.7,101560.1,290269.97308725
2025-06-23 10:00:00+00:00,101558.1,101577.9,101107.1,101297.9,316296.22563646
2025-06-23 12:00:00+00:00,101297.9,102460.0,100809.0,102348.0,723291.97899414
2025-06-23 14:00:00+00:00,102386.1,102620.1,101306.9,101431.6,1215574.34399146
2025-06-23 16:00:00+00:00,101431.6,102713.4,99637.0,102492.0,1751027.90640369
2025-06-23 18:00:00+00:00,102491.9,103313.9,102400.1,103166.0,1042415.96179924
2025-06-23 20:00:00+00:00,103166.0,104214.0,102890.5,103701.4,475413.13142767
2025-06-23 22:00:00+00:00,103701.5,106050.8,103696.0,105355.9,1132952.52974192
2025-06-24 00:00:00+00:00,105356.0,105514.4,104922.0,105452.0,463914.84756371
2025-06-24 02:00:00+00:00,105446.0,105446.0,104711.1,104922.2,370270.26589107
2025-06-24 04:00:00+00:00,104919.4,105416.5,104702.3,105385.2,269118.95863295
2025-06-24 06:00:00+00:00,105400.0,105827.4,104898.3,104955.9,614490.63987791
2025-06-24 08:00:00+00:00,104922.2,105568.5,104625.2,105200.6,590745.3062637
2025-06-24 10:00:00+00:00,105200.5,105430.2,105004.5,105175.3,354947.96480589
2025-06-24 12:00:00+00:00,105175.3,105398.0,104809.9,105085.0,656992.80794765
2025-06-24 14:00:00+00:00,105084.9,105738.9,104956.1,105244.0,674982.73835541
2025-06-24 16:00:00+00:00,105241.8,106278.3,105184.1,106061.5,512696.63330701
2025-06-24 18:00:00+00:00,106061.6,106102.2,105280.4,105659.0,390366.0213987
2025-06-24 20:00:00+00:00,105645.3,106128.0,105444.0,105998.4,300678.17635714
2025-06-24 22:00:00+00:00,105998.0,106093.9,105740.7,106093.9,193397.6755895
2025-06-25 00:00:00+00:00,106095.2,106628.9,105820.2,106394.8,471421.14463025
2025-06-25 02:00:00+00:00,106394.9,106795.2,106218.3,106237.9,304522.57356946
2025-06-25 04:00:00+00:00,106237.8,106405.0,106000.2,106219.9,143356.20209496
2025-06-25 06:00:00+00:00,106220.0,106710.0,106119.9,106600.0,169096.05826929
2025-06-25 08:00:00+00:00,106600.0,106976.7,106342.6,106642.5,282389.64646588
2025-06-25 10:00:00+00:00,106643.5,107228.0,106577.1,107191.1,359013.35057588
2025-06-25 12:00:00+00:00,107191.2,108124.6,106927.0,107920.0,490027.58326902
2025-06-25 14:00:00+00:00,107917.7,108151.2,106725.4,107036.1,772976.91363705
2025-06-25 16:00:00+00:00,107034.6,107539.9,106899.0,107403.9,488540.07815654
2025-06-25 18:00:00+00:00,107400.1,107906.2,107172.1,107754.9,392842.30518589
2025-06-25 20:00:00+00:00,107754.8,108000.0,107446.1,107560.1,283087.97026344
2025-06-25 22:00:00+00:00,107560.0,107562.5,107066.9,107335.5,248584.42737865
2025-06-26 00:00:00+00:00,107335.6,107880.7,107093.8,107638.0,388704.04610637
2025-06-26 02:00:00+00:00,107625.6,108270.0,107533.0,107856.0,414707.44659536
2025-06-26 04:00:00+00:00,107860.0,107982.6,107500.0,107636.0,211901.61418104
2025-06-26 06:00:00+00:00,107638.0,108086.0,107531.7,107812.7,238711.35175422
2025-06-26 08:00:00+00:00,107812.7,108188.4,107290.5,107331.5,295366.42507057
2025-06-26 10:00:00+00:00,107331.5,107584.4,107124.7,107340.2,183696.16165339
2025-06-26 12:00:00+00:00,107340.2,107470.9,106800.0,106956.1,486176.74397181
2025-06-26 14:00:00+00:00,106956.1,107774.8,106581.2,107315.1,683326.836228
2025-06-26 16:00:00+00:00,107316.0,107538.0,107012.0,107197.2,455855.43771559
2025-06-26 18:00:00+00:00,107197.2,107674.1,107115.3,107546.0,346842.65322897
2025-06-26 20:00:00+00:00,107546.0,107997.9,106837.4,107025.9,404980.74337904
2025-06-26 22:00:00+00:00,107016.0,107244.1,106840.0,106960.0,241321.58502755
2025-06-27 00:00:00+00:00,106962.9,107228.2,106443.8,107124.1,351526.25365746
2025-06-27 02:00:00+00:00,107124.1,107500.0,107000.0,107475.9,165310.05768184
2025-06-27 04:00:00+00:00,107476.0,107571.0,107258.0,107259.6,103861.50476909
2025-06-27 06:00:00+00:00,107259.7,107735.7,106850.7,106866.7,285381.54691649
2025-06-27 08:00:00+00:00,106866.7,107138.8,106666.8,107088.0,296942.53418123
2025-06-27 10:00:00+00:00,107088.0,107164.5,106924.6,106998.0,165959.08710318
2025-06-27 12:00:00+00:00,106999.4,107208.4,106406.3,106829.1,472966.98854119
2025-06-27 14:00:00+00:00,106835.6,107418.3,106384.6,107313.0,635228.50636178
2025-06-27 16:00:00+00:00,107313.0,107684.0,106477.6,106881.6,469544.13614274
2025-06-27 18:00:00+00:00,106881.9,107034.0,106450.0,106811.4,486400.48325047
2025-06-27 20:00:00+00:00,106811.4,107276.8,106800.0,107046.0,209252.57986698
2025-06-27 22:00:00+00:00,107046.1,107208.0,106971.1,107052.1,86700.35654747
2025-06-28 00:00:00+00:00,107053.9,107182.0,106806.9,107074.8,171122.1426886
2025-06-28 02:00:00+00:00,107074.8,107330.9,107018.1,107292.0,95308.22612477
2025-06-28 04:00:00+00:00,107292.0,107355.1,107173.2,107301.3,68539.22743499
2025-06-28 06:00:00+00:00,107301.4,107504.6,107301.3,107486.2,118775.0201998
2025-06-28 08:00:00+00:00,107486.3,107504.1,107274.0,107309.8,62284.52912205
2025-06-28 10:00:00+00:00,107309.8,107415.9,107234.0,107367.0,127022.1443015
2025-06-28 12:00:00+00:00,107367.8,107370.0,107072.0,107103.9,51861.06555932
2025-06-28 14:00:00+00:00,107104.0,107550.0,107102.6,107430.1,81415.44084837
2025-06-28 16:00:00+00:00,107451.6,107547.9,107252.9,107466.0,107603.7249238
2025-06-28 18:00:00+00:00,107467.4,107478.0,107228.1,107228.1,41002.35252135
2025-06-28 20:00:00+00:00,107228.0,107358.5,107156.0,107327.5,50142.8133527
2025-06-28 22:00:00+00:00,107327.6,107381.9,107267.2,107302.6,47143.00538824
2025-06-29 00:00:00+00:00,107302.7,107511.8,107262.0,107317.0,59116.9392104
2025-06-29 02:00:00+00:00,107318.0,107357.9,107174.4,107214.4,54034.9540278
2025-06-29 04:00:00+00:00,107214.4,107316.0,107210.0,107315.9,18314.55928472
2025-06-29 06:00:00+00:00,107316.0,107413.6,107312.6,107384.0,29136.29703402
2025-06-29 08:00:00+00:00,107394.0,107985.3,107394.0,107902.1,150180.2568271
2025-06-29 10:00:00+00:00,107902.1,108479.4,107853.1,108479.4,215499.95716998
2025-06-29 12:00:00+00:00,108478.4,108530.1,108014.0,108054.1,203852.87162637
2025-06-29 14:00:00+00:00,108054.2,108210.0,107650.1,107746.1,173298.71116937
2025-06-29 16:00:00+00:00,107744.1,107787.3,107303.1,107533.0,160218.24904037
2025-06-29 18:00:00+00:00,107535.9,107711.9,107363.4,107400.0,70888.18693632
2025-06-29 20:00:00+00:00,107400.1,107735.0,107238.3,107551.9,96046.82540722
2025-06-29 22:00:00+00:00,107551.9,108439.9,107480.5,108361.5,432644.12549651
2025-06-30 00:00:00+00:00,108361.5,108780.1,108250.3,108504.9,320090.03367903
2025-06-30 02:00:00+00:00,108506.0,108662.0,108423.1,108506.0,113139.38193923
2025-06-30 04:00:00+00:00,108506.0,108542.0,108166.1,108285.5,102899.41762692
2025-06-30 06:00:00+00:00,108286.0,108304.0,107473.0,107621.0,203566.50916622
2025-06-30 08:00:00+00:00,107621.0,107750.0,107460.0,107477.0,96040.45367229
2025-06-30 10:00:00+00:00,107477.1,107965.8,107395.1,107662.2,114635.87330268
2025-06-30 12:00:00+00:00,107662.2,107877.7,107487.4,107528.0,272096.02011873
2025-06-30 14:00:00+00:00,107528.0,107779.5,106736.9,107575.0,886169.73791265
2025-06-30 16:00:00+00:00,107575.0,107800.0,107276.5,107464.1,362812.30643646
2025-06-30 18:00:00+00:00,107464.1,107793.7,107128.0,107746.0,256059.99317585
2025-06-30 20:00:00+00:00,107744.0,107770.0,106934.2,107123.0,208636.26556157
2025-06-30 22:00:00+00:00,107122.0,107315.4,107013.0,107144.0,185452.86153015
2025-07-01 00:00:00+00:00,107140.1,107547.8,107026.0,107219.8,243935.78963159
2025-07-01 02:00:00+00:00,107219.9,107415.5,107073.7,107196.9,156064.18582526
2025-07-01 04:00:00+00:00,107196.8,107216.7,106736.9,106945.4,198197.22095188
2025-07-01 06:00:00+00:00,106945.4,107188.6,106621.2,107178.0,203596.8759425
2025-07-01 08:00:00+00:00,107174.1,107184.1,106506.7,106559.8,184033.47915026
2025-07-01 10:00:00+00:00,106559.4,106644.0,106315.9,106610.6,189685.01434292
2025-07-01 12:00:00+00:00,106610.5,106879.1,106116.6,106806.6,428316.7261008
2025-07-01 14:00:00+00:00,106806.5,107182.1,105655.8,105956.8,1170292.60430649
2025-07-01 16:00:00+00:00,105959.4,106289.3,105827.7,106250.1,388254.3416619
2025-07-01 18:00:00+00:00,106250.2,106262.2,105389.9,105389.9,379946.01357098
2025-07-01 20:00:00+00:00,105392.7,106104.1,105245.7,105789.9,277941.61084356
2025-07-01 22:00:00+00:00,105784.5,105913.3,105361.9,105688.0,222691.64867876
2025-07-02 00:00:00+00:00,105688.0,105793.9,105102.0,105719.9,316780.5264833
2025-07-02 02:00:00+00:00,105720.0,106211.6,105534.5,106190.0,201685.416294
2025-07-02 04:00:00+00:00,106189.9,106674.0,106131.3,106635.2,159763.66806759
2025-07-02 06:00:00+00:00,106635.2,107188.5,106635.1,107080.0,210012.24467954
2025-07-02 08:00:00+00:00,107080.9,107788.0,107026.5,107638.0,299527.1025926
2025-07-02 10:00:00+00:00,107638.0,107843.1,107186.5,107480.0,29302.84921494
2025-07-02 12:00:00+00:00,107480.0,108000.0,106741.7,107773.2,638.62456038
2025-07-02 14:00:00+00:00,107773.2,108750.0,107400.0,108740.8,1117.32763729
2025-07-02 16:00:00+00:00,108745.4,110000.0,108208.5,109134.0,2600.83994576
2025-07-02 18:00:00+00:00,109134.0,110000.0,108703.9,109665.9,713.62243483
2025-07-02 20:00:00+00:00,109675.9,109995.1,108764.5,109444.4,357.53515201
2025-07-02 22:00:00+00:00,109444.5,109600.0,108269.4,108838.8,423.57173442
2025-07-03 00:00:00+00:00,108838.9,109255.1,108400.0,108986.1,445.96612212
2025-07-03 02:00:00+00:00,108986.1,109000.0,108195.6,108638.0,487.1114364
2025-07-03 04:00:00+00:00,108638.0,109500.0,108383.1,109344.6,498.30900343
2025-07-03 06:00:00+00:00,109348.0,109838.7,108269.2,109273.9,557.29289066
2025-07-03 08:00:00+00:00,109273.9,110500.0,108934.0,109937.9,1046.85089155
2025-07-03 10:00:00+00:00,109937.9,110166.8,109228.5,109598.5,639.39023552
2025-07-03 12:00:00+00:00,109598.6,110612.2,108504.7,110262.0,1629.40374111
2025-07-03 14:00:00+00:00,110264.0,110633.3,108865.9,109128.0,1575.66278908
2025-07-03 16:00:00+00:00,109128.3,109676.0,108792.0,109559.7,2636.11661319
2025-07-03 18:00:00+00:00,109560.0,110200.0,109081.4,109798.5,473.55814809
2025-07-03 20:00:00+00:00,109796.7,110160.0,109038.6,109788.7,592.64065723
2025-07-03 22:00:00+00:00,109788.7,110245.6,109150.1,109593.4,369.01831651
2025-07-04 00:00:00+00:00,109593.5,109863.2,109016.2,109510.0,433.00091542
2025-07-04 02:00:00+00:00,109510.1,109510.1,108859.4,109240.0,396.36499663
2025-07-04 04:00:00+00:00,109240.1,109500.0,108415.4,109012.0,449.00298146
2025-07-04 06:00:00+00:00,109012.1,109464.6,108300.0,108703.0,807.01428328
2025-07-04 08:00:00+00:00,108703.0,109455.1,108290.2,108992.7,1533.55637309
2025-07-04 10:00:00+00:00,108992.8,109353.6,108500.0,108888.1,425.90160855
2025-07-04 12:00:00+00:00,108898.0,109400.0,107800.0,107984.1,602.52266156
2025-07-04 14:00:00+00:00,107982.9,108158.2,107100.0,107592.1,1679.86578491
2025-07-04 16:00:00+00:00,107592.2,108000.0,106574.9,107882.1,890.32035233
2025-07-04 18:00:00+00:00,107882.0,107950.0,106720.1,107484.0,451.88670443
2025-07-04 20:00:00+00:00,107484.0,108000.0,107200.0,107923.4,175.37996798
2025-07-04 22:00:00+00:00,107923.7,108585.0,107750.0,107985.4,277.38207642
2025-07-05 00:00:00+00:00,107985.5,108500.0,107562.7,107991.1,300.23767443
2025-07-05 02:00:00+00:00,107994.5,108437.3,107500.0,108156.2,332.98179277
2025-07-05 04:00:00+00:00,108156.2,108603.4,107771.7,108134.1,283.56421446
2025-07-05 06:00:00+00:00,108134.1,108500.0,107709.2,108057.8,363.85513228
2025-07-05 08:00:00+00:00,108057.9,108131.6,107535.7,108082.5,332.68812441
2025-07-05 10:00:00+00:00,108082.4,108343.9,107740.2,108104.0,318.78147075
2025-07-05 12:00:00+00:00,108104.1,108267.1,107434.0,108122.4,302.37172814
2025-07-05 14:00:00+00:00,108122.4,108401.0,107505.1,108057.9,320.40752283
2025-07-05 16:00:00+00:00,108057.9,108300.3,107155.0,108088.1,520.94567872
2025-07-05 18:00:00+00:00,108088.0,108303.1,107513.0,108144.0,501.91118042
2025-07-05 20:00:00+00:00,108144.0,108334.3,107453.1,108083.6,171.9838863
2025-07-05 22:00:00+00:00,108083.5,108357.4,107804.8,108199.7,256.6229406
2025-07-06 00:00:00+00:00,108199.8,108267.1,107579.7,108202.0,198.95740537
2025-07-06 02:00:00+00:00,108202.0,108338.2,107524.7,108038.4,284.87591666
2025-07-06 04:00:00+00:00,108038.4,108364.3,107600.0,107993.1,247.77360832
2025-07-06 06:00:00+00:00,107993.2,108377.5,107119.6,108030.7,420.91297134
2025-07-06 08:00:00+00:00,108029.6,108074.0,107337.1,107852.3,278.13769563
2025-07-06 10:00:00+00:00,107852.4,108187.5,107550.0,108079.8,207.33001226
2025-07-06 12:00:00+00:00,108079.8,109446.2,107676.6,108773.4,677.86339626
2025-07-06 14:00:00+00:00,108773.9,109200.0,108335.0,108909.8,570.80713154
2025-07-06 16:00:00+00:00,108910.0,109289.2,108382.1,108913.0,1013.89942136
2025-07-06 18:00:00+00:00,108913.1,109038.4,107880.9,108545.0,826.90304438
2025-07-06 20:00:00+00:00,108544.9,109799.9,108276.8,109215.0,428.22012841
2025-07-06 22:00:00+00:00,109216.0,109554.0,108813.7,109202.6,407.26191831
2025-07-07 00:00:00+00:00,109202.6,109554.0,108522.4,109022.1,632.05900855
2025-07-07 02:00:00+00:00,109022.1,109718.3,108970.7,109393.9,536.98301149
2025-07-07 04:00:00+00:00,109393.1,109512.5,108746.4,109084.0,408.96972428
2025-07-07 06:00:00+00:00,109084.0,109305.3,108200.0,109067.9,498.00215668
2025-07-07 08:00:00+00:00,109068.0,109294.7,108553.4,108852.3,444.08419578
2025-07-07 10:00:00+00:00,108836.0,108934.0,108188.9,108653.1,417.0388801
2025-07-07 12:00:00+00:00,108653.1,108800.0,107511.9,108536.0,907.89907187
2025-07-07 14:00:00+00:00,108536.0,108944.6,107553.1,108301.9,898.20628415
2025-07-07 16:00:00+00:00,108300.7,108800.0,107600.0,107948.8,933.64844226
2025-07-07 18:00:00+00:00,107950.0,108337.3,106972.9,108044.0,564.92876878
2025-07-07 20:00:00+00:00,108029.1,108228.1,107656.5,108168.0,278.5910489
2025-07-07 22:00:00+00:00,108169.9,108423.0,107800.0,108262.0,261.39159976
2025-07-08 00:00:00+00:00,108262.1,108695.9,106911.3,107700.1,562.17389951
2025-07-08 02:00:00+00:00,107700.0,108250.0,107159.9,107900.1,603.68225248
2025-07-08 04:00:00+00:00,107900.1,108371.7,107500.0,108209.0,298.23818615
2025-07-08 06:00:00+00:00,108209.1,108682.3,107956.1,108483.8,496.28386428
2025-07-08 08:00:00+00:00,108484.0,108646.6,107956.1,108466.8,933.75921464
2025-07-08 10:00:00+00:00,108466.8,109000.0,108170.4,108755.9,560.69590844
2025-07-08 12:00:00+00:00,108756.0,109343.2,108446.5,109031.1,712.3440779
2025-07-08 14:00:00+00:00,109021.4,109073.1,107894.6,108265.9,815.70114477
2025-07-08 16:00:00+00:00,108266.0,109172.5,107942.9,108989.0,1163.20915778
2025-07-08 18:00:00+00:00,108989.7,109295.1,108547.6,108780.0,453.69653274
2025-07-08 20:00:00+00:00,108766.0,108976.7,108400.0,108897.3,191.73342339
2025-07-08 22:00:00+00:00,108898.0,109303.7,108427.2,108926.0,285.24665712
2025-07-09 00:00:00+00:00,108926.0,109142.6,108400.0,108787.4,360.05795892
2025-07-09 02:00:00+00:00,108787.5,109129.9,108000.0,108373.6,364.48661252
2025-07-09 04:00:00+00:00,108373.1,109130.0,107950.8,108785.7,345.85295256
2025-07-09 06:00:00+00:00,108784.5,109370.9,108246.0,108722.0,382.34698523
2025-07-09 08:00:00+00:00,108722.0,109017.0,108437.3,108768.1,378.70760392
2025-07-09 10:00:00+00:00,108768.1,109394.4,108466.6,109066.0,357.73712775
2025-07-09 12:00:00+00:00,109065.9,109800.0,108900.0,109193.8,758.53414741
2025-07-09 14:00:00+00:00,109193.7,109636.3,107964.2,109080.0,700.01448759
2025-07-09 16:00:00+00:00,109079.9,109732.1,108633.4,109164.1,737.73899857
2025-07-09 18:00:00+00:00,109164.1,112748.6,108809.5,111744.7,1583.21869496
2025-07-09 20:00:00+00:00,111745.8,112144.0,110407.4,110837.2,1129.96494819
2025-07-09 22:00:00+00:00,110829.1,112000.0,110689.3,111240.1,571.45348394
2025-07-10 00:00:00+00:00,111240.1,111600.0,110716.8,111208.0,633.98471205
2025-07-10 02:00:00+00:00,111208.1,111832.2,110613.0,111080.8,1556.08356239
2025-07-10 04:00:00+00:00,111080.9,111425.9,110698.4,111102.0,2383.06198949
2025-07-10 06:00:00+00:00,111102.0,111558.6,110852.8,111223.6,1594.04295118
2025-07-10 08:00:00+00:00,111225.2,111500.0,110612.3,111045.9,1523.42379711
2025-07-10 10:00:00+00:00,111045.9,111485.8,110517.2,111036.0,595.14546293
2025-07-10 12:00:00+00:00,111036.0,111581.1,110479.6,110808.0,1028.80509686
2025-07-10 14:00:00+00:00,110815.6,111600.0,110414.7,111408.9,1189.44270127
2025-07-10 16:00:00+00:00,111412.2,114304.5,111200.0,113728.6,3257.69272345
2025-07-10 18:00:00+00:00,113728.6,114104.5,112750.0,113308.0,1244.53819462
2025-07-10 20:00:00+00:00,113288.0,118289.9,113000.0,116486.0,2271.321584
2025-07-10 22:00:00+00:00,116486.1,116840.0,115399.0,116016.0,1278.44398456
2025-07-11 00:00:00+00:00,116015.9,116395.8,115000.0,115968.6,1301.19173674
2025-07-11 02:00:00+00:00,115968.6,117500.0,115661.0,116906.9,1217.47791033
2025-07-11 04:00:00+00:00,116902.0,119249.7,116400.0,117842.4,2541.43936556
2025-07-11 06:00:00+00:00,117842.4,118431.2,117244.1,117537.9,735.18996651
2025-07-11 08:00:00+00:00,117537.9,119249.7,117200.0,118474.1,2256.49426934
2025-07-11 10:00:00+00:00,118468.0,118744.5,117161.9,117814.1,752.91303231
2025-07-11 12:00:00+00:00,117814.0,118414.5,117000.0,117955.9,649.58292923
2025-07-11 14:00:00+00:00,117978.8,118500.0,116500.0,116905.0,621.41936904
2025-07-11 16:00:00+00:00,116921.3,117802.3,116384.5,117640.0,600.65811986
2025-07-11 18:00:00+00:00,117638.1,118300.0,116984.0,118116.0,335.70114182
2025-07-11 20:00:00+00:00,118107.2,118500.0,116866.6,117618.1,194.62240733
2025-07-11 22:00:00+00:00,117616.2,117766.0,116800.0,117542.3,181.68661537
2025-07-12 00:00:00+00:00,117542.2,118000.0,116800.0,117658.0,300.44889413
2025-07-12 02:00:00+00:00,117657.9,118083.5,117146.2,117775.0,323.3636206
2025-07-12 04:00:00+00:00,117775.9,118000.0,117070.1,117687.4,280.51652474
2025-07-12 06:00:00+00:00,117687.4,118400.0,117200.0,117746.9,336.57649613
2025-07-12 08:00:00+00:00,117746.0,118560.5,117333.3,118170.8,513.97405923
2025-07-12 10:00:00+00:00,118170.8,118646.9,117500.0,117816.1,295.70458111
2025-07-12 12:00:00+00:00,117817.9,118100.7,116872.6,117522.0,371.20384182
2025-07-12 14:00:00+00:00,117524.8,117904.5,116358.4,117112.0,529.71102726
2025-07-12 16:00:00+00:00,117112.1,118000.0,116553.1,117486.0,461.52128851
2025-07-12 18:00:00+00:00,117486.0,117927.0,116797.3,117568.0,297.5730961
2025-07-12 20:00:00+00:00,117568.1,117982.1,116725.5,117500.7,199.74654426
2025-07-12 22:00:00+00:00,117501.6,117979.7,116704.8,117437.9,194.07670749
2025-07-13 00:00:00+00:00,117437.9,117845.7,116792.4,117548.2,276.56295057
2025-07-13 02:00:00+00:00,117544.8,117850.0,117160.0,117778.1,434.26155284
2025-07-13 04:00:00+00:00,117752.1,118000.0,117162.4,117758.0,329.14443983
2025-07-13 06:00:00+00:00,117757.0,118400.0,117250.0,117999.9,313.01402204
2025-07-13 08:00:00+00:00,118000.0,118147.7,117189.8,117753.8,323.15926894
2025-07-13 10:00:00+00:00,117753.7,118491.1,117200.0,118108.1,283.00935617
2025-07-13 12:00:00+00:00,118086.8,119000.0,117527.0,118613.2,467.764493
2025-07-13 14:00:00+00:00,118613.2,119396.2,117958.5,118678.1,672.99215295
2025-07-13 16:00:00+00:00,118678.1,119396.2,118000.0,118697.5,842.02800518
2025-07-13 18:00:00+00:00,118700.0,119880.0,118199.9,118999.9,486.2891975
2025-07-13 20:00:00+00:00,118970.1,119500.0,118149.1,118650.7,142.29100339
2025-07-13 22:00:00+00:00,118653.8,119201.9,118037.0,119092.0,195.13028133
2025-07-14 00:00:00+00:00,119096.0,119480.0,118385.6,118385.6,250.56591497
2025-07-14 02:00:00+00:00,118385.6,122467.5,116750.0,120770.1,1446.64701408
2025-07-14 04:00:00+00:00,120780.7,123323.2,120091.0,122453.3,1304.4997624
2025-07-14 06:00:00+00:00,122453.3,123300.0,121505.6,122721.2,828.30765385
2025-07-14 08:00:00+00:00,122722.7,123010.7,121303.5,121967.9,871.40530149
2025-07-14 10:00:00+00:00,121968.0,122143.0,120803.4,121461.5,643.52028084
2025-07-14 12:00:00+00:00,121461.1,122986.2,120658.5,121500.0,2174.05537556
2025-07-14 14:00:00+00:00,121500.0,122538.1,119490.0,119882.0,2019.83916499
2025-07-14 16:00:00+00:00,119882.0,120956.3,118846.1,119896.8,1286.94787774
2025-07-14 18:00:00+00:00,119898.0,120462.5,119138.2,119936.7,621.37279443
2025-07-14 20:00:00+00:00,119939.2,120513.0,119138.2,120032.9,313.88541242
2025-07-14 22:00:00+00:00,120032.9,120497.1,119250.3,119848.7,309.24978505
2025-07-15 00:00:00+00:00,119848.6,119950.0,118402.1,118506.0,747.64674793
2025-07-15 02:00:00+00:00,118518.0,119000.0,117000.0,117162.4,3720.13213985
2025-07-15 04:00:00+00:00,117162.1,117845.5,116140.6,117324.6,1415.4559904
2025-07-15 06:00:00+00:00,117318.1,117414.8,116333.3,116790.0,1905.55379688
2025-07-15 08:00:00+00:00,116790.0,117414.8,116158.0,116853.9,1658.35332626
2025-07-15 10:00:00+00:00,116776.1,117183.0,116150.0,117116.0,1716.00916337
2025-07-15 12:00:00+00:00,117115.1,118500.0,116350.0,118075.6,4632.46974097
2025-07-15 14:00:00+00:00,118100.3,118457.8,115691.4,116385.8,3439.78686502
2025-07-15 16:00:00+00:00,116385.8,118000.0,116225.0,117382.9,1167.29774494
2025-07-15 18:00:00+00:00,117375.8,117383.0,116100.0,116403.9,881.32403943
2025-07-15 20:00:00+00:00,116403.9,117623.5,116100.0,117543.9,430.46326257
2025-07-15 22:00:00+00:00,117571.0,117965.9,116853.9,117752.0,2667.59742833
2025-07-16 00:00:00+00:00,117752.0,118400.0,116984.0,117725.2,1953.4128107
2025-07-16 02:00:00+00:00,117718.0,117787.9,116984.0,117490.9,1851.3148806
2025-07-16 04:00:00+00:00,117480.1,118588.8,117250.0,117866.4,1623.71763314
2025-07-16 06:00:00+00:00,117866.5,117914.6,116709.6,116938.4,15645.77207125
2025-07-16 08:00:00+00:00,116938.4,118500.0,116938.4,117925.2,22508.19386013
2025-07-16 10:00:00+00:00,117925.2,118277.7,117482.9,117566.8,14397.82746436
2025-07-16 12:00:00+00:00,117566.8,117726.2,117060.0,117460.5,16151.47212441
2025-07-16 14:00:00+00:00,117460.5,117750.0,117190.8,117750.0,5903.96262708
2025-07-16 16:00:00+00:00,117750.0,118888.0,117424.0,118888.0,9021.92367996
2025-07-16 18:00:00+00:00,118888.0,119315.9,118126.5,119241.2,8065.78379197
2025-07-16 20:00:00+00:00,119241.5,120000.0,118600.0,119302.0,1613.99294197
2025-07-16 22:00:00+00:00,119302.1,119569.1,118064.7,118525.0,759.48059902
2025-07-17 00:00:00+00:00,118525.0,119200.0,117201.1,118136.4,973.05601348
2025-07-17 02:00:00+00:00,118136.4,118559.5,117400.0,118121.5,907.21010064
2025-07-17 04:00:00+00:00,118120.0,118903.1,117780.0,118582.3,1163.61148539
2025-07-17 06:00:00+00:00,118582.3,119314.7,117854.4,118316.0,1247.88267607
2025-07-17 08:00:00+00:00,118327.8,119204.1,117854.5,118777.8,947.67379019
2025-07-17 10:00:00+00:00,118771.7,118994.0,117673.1,117978.1,604.44934864
2025-07-17 12:00:00+00:00,117978.1,118454.3,117388.0,118281.7,1266.08974799
2025-07-17 14:00:00+00:00,118281.6,119281.8,118000.0,118876.0,1180.01738385
2025-07-17 16:00:00+00:00,118876.0,119340.1,117991.5,119266.7,853.87028334
2025-07-17 18:00:00+00:00,119266.7,119870.6,118707.4,118963.5,688.5767793
2025-07-17 20:00:00+00:00,118964.0,120967.2,117982.1,120257.4,1626.1643321
2025-07-17 22:00:00+00:00,120258.1,121000.0,118789.0,119177.9,878.56118296
2025-07-18 00:00:00+00:00,119177.9,120822.9,118800.0,120340.5,1227.94239973
2025-07-18 02:00:00+00:00,120340.5,120754.7,119388.3,120214.0,896.17982362
2025-07-18 04:00:00+00:00,120219.5,121000.0,119400.0,120584.3,617.88102273
2025-07-18 06:00:00+00:00,120584.5,120909.0,119101.1,119357.9,1163.26351577
2025-07-18 08:00:00+00:00,119358.0,119504.3,118350.0,118885.0,1734.80347726
2025-07-18 10:00:00+00:00,118888.0,119299.6,118350.0,119164.9,970.30588505
2025-07-18 12:00:00+00:00,119168.1,119762.2,118350.0,118768.0,954.66699632
2025-07-18 14:00:00+00:00,118768.0,119293.9,117388.0,117845.0,1664.66139041
2025-07-18 16:00:00+00:00,117844.5,118053.4,117250.0,117598.0,943.35018188
2025-07-18 18:00:00+00:00,117599.1,117878.1,117200.0,117368.1,729.42074031
2025-07-18 20:00:00+00:00,117368.1,117885.0,116830.4,117681.3,901.56362069
2025-07-18 22:00:00+00:00,117672.7,118500.0,117410.0,117934.0,383.07591252
2025-07-19 00:00:00+00:00,117934.1,118505.9,117480.0,118042.6,378.89056364
2025-07-19 02:00:00+00:00,118042.7,118396.0,117499.9,118360.8,493.71819092
2025-07-19 04:00:00+00:00,118361.1,118400.0,117925.1,118210.0,3088.54099734
2025-07-19 06:00:00+00:00,118208.0,118330.0,117800.0,118172.0,965.24310668
2025-07-19 08:00:00+00:00,118172.1,118476.0,117750.0,118239.4,1549.13716773
2025-07-19 10:00:00+00:00,118239.5,118750.0,117900.0,118327.9,824.85159404
2025-07-19 12:00:00+00:00,118328.0,118435.0,117587.3,118187.9,317.40338043
2025-07-19 14:00:00+00:00,118000.0,118435.0,116490.6,118060.1,791.43096618
2025-07-19 16:00:00+00:00,118052.1,118650.0,117578.5,117815.9,1654.22373229
2025-07-19 18:00:00+00:00,117810.9,118190.0,117100.0,118000.0,310.56410094
2025-07-19 20:00:00+00:00,118004.0,118200.0,117100.0,117694.9,312.87952191
2025-07-19 22:00:00+00:00,117692.1,118302.9,117523.8,117838.2,449.03337297
2025-07-20 00:00:00+00:00,117838.2,118376.6,117600.0,117946.0,973.40324281
2025-07-20 02:00:00+00:00,117946.0,118250.0,117660.0,117969.5,252.43275052
2025-07-20 04:00:00+00:00,117969.5,118250.0,117660.0,117846.0,241.08210299
2025-07-20 06:00:00+00:00,117848.0,118250.0,117660.0,118028.0,222.6876478
2025-07-20 08:00:00+00:00,118022.1,118275.0,117850.0,117982.1,819.32979123
2025-07-20 10:00:00+00:00,117982.1,118275.0,117850.0,117890.0,598.99785111
2025-07-20 12:00:00+00:00,117890.0,118275.0,117600.0,118275.0,1828.43940712
2025-07-20 14:00:00+00:00,118080.0,118772.5,117577.1,118682.7,7778.35383159
2025-07-20 16:00:00+00:00,118683.9,118842.0,117534.8,118011.9,4379.79671359
2025-07-20 18:00:00+00:00,118011.9,118707.4,117229.7,117784.2,3918.89514991
2025-07-20 20:00:00+00:00,117784.2,118268.0,117100.0,118000.0,3559.46457969
2025-07-20 22:00:00+00:00,118000.4,118054.0,115325.8,117257.1,6464.15881636
2025-07-21 00:00:00+00:00,117260.0,117444.4,115578.6,117305.5,3680.62925304
2025-07-21 02:00:00+00:00,117306.1,118614.0,116741.8,118395.6,4475.83399297
2025-07-21 04:00:00+00:00,118398.0,118942.9,117708.3,118426.3,3477.01995321
2025-07-21 06:00:00+00:00,118426.4,119781.5,117845.7,119360.0,1021.45280333
2025-07-21 08:00:00+00:00,119361.8,119800.0,117777.4,118200.0,2432.18552296
2025-07-21 10:00:00+00:00,118200.0,118800.0,117769.5,118080.1,11411.32305351
2025-07-21 12:00:00+00:00,118077.1,119109.2,117756.2,118856.8,53022.30745366
2025-07-21 14:00:00+00:00,118856.9,119250.0,117980.6,118318.0,43277.26251644
2025-07-21 16:00:00+00:00,118318.1,118473.6,117209.5,117841.2,58203.58122334
2025-07-21 18:00:00+00:00,117841.2,118197.7,116540.0,116888.8,66234.00367574
2025-07-21 20:00:00+00:00,116763.5,117450.0,116540.0,117221.8,39839.52565559
2025-07-21 22:00:00+00:00,117221.8,117644.4,116900.0,117378.1,13862.67821111
2025-07-22 00:00:00+00:00,117378.1,117964.6,116116.0,117761.9,88588.42434595
2025-07-22 02:00:00+00:00,117761.9,117905.5,116311.1,117218.0,64803.75485952
2025-07-22 04:00:00+00:00,117219.0,117600.0,116400.0,117307.8,37571.64938792
2025-07-22 06:00:00+00:00,117333.3,118650.0,117088.6,117997.9,41808.6558013
2025-07-22 08:00:00+00:00,117997.8,118750.0,117391.3,118398.9,55605.7902758
2025-07-22 10:00:00+00:00,118600.0,119250.0,118292.7,119152.7,33669.99562019
2025-07-22 12:00:00+00:00,119152.7,119826.3,118045.5,118150.0,92570.61129541
2025-07-22 14:00:00+00:00,118150.0,119455.9,117571.1,118922.3,106144.47299115
2025-07-22 16:00:00+00:00,118922.4,119380.1,118202.2,119210.0,62780.65845678
2025-07-22 18:00:00+00:00,119210.1,120377.5,118800.0,119275.1,84536.28437837
2025-07-22 20:00:00+00:00,119274.1,119964.4,118800.0,119200.0,19759.24051353
2025-07-22 22:00:00+00:00,119200.0,120377.5,119193.8,119954.9,13960.31273653
2025-07-23 00:00:00+00:00,119954.9,120274.2,118956.4,119494.3,11545.13874721
2025-07-23 02:00:00+00:00,119494.3,119720.4,118328.4,118610.0,22155.22287886
2025-07-23 04:00:00+00:00,118609.9,119400.0,118133.8,118649.9,25432.26830226
2025-07-23 06:00:00+00:00,118649.9,119000.0,117876.7,118353.0,11327.1519065
2025-07-23 08:00:00+00:00,118335.5,119018.6,117003.3,118035.9,10413.93308893
2025-07-23 10:00:00+00:00,118035.9,118823.1,117539.8,118529.3,24203.94991132
2025-07-23 12:00:00+00:00,118528.0,118866.6,117226.0,117378.0,49076.49894227
2025-07-23 14:00:00+00:00,117376.0,118849.6,117300.0,118575.9,55434.94936979
2025-07-23 16:00:00+00:00,118578.2,118748.5,117000.0,118139.0,82930.41010107
2025-07-23 18:00:00+00:00,118148.0,118800.0,117708.3,118391.2,16462.97743361
2025-07-23 20:00:00+00:00,118396.0,118500.0,117000.0,118183.2,41538.4902043
2025-07-23 22:00:00+00:00,118190.8,118827.0,117716.4,118757.8,15377.63646411
2025-07-24 00:00:00+00:00,118757.8,119385.0,118333.3,119082.0,12917.7835888
2025-07-24 02:00:00+00:00,119082.0,119264.6,118292.7,118490.4,12990.56864222
2025-07-24 04:00:00+00:00,118488.2,118578.0,117200.0,117600.8,60156.92001158
2025-07-24 06:00:00+00:00,117600.8,118480.0,117000.0,118398.8,46951.40762861
2025-07-24 08:00:00+00:00,118380.0,118891.7,117905.0,118487.6,19575.63742281
2025-07-24 10:00:00+00:00,118508.4,118884.7,117627.8,118597.9,14836.95853695
2025-07-24 12:00:00+00:00,118597.9,118743.8,117940.0,118213.2,55416.65970497
2025-07-24 14:00:00+00:00,118213.3,119500.0,117506.0,119099.8,73442.98137744
2025-07-24 16:00:00+00:00,119110.2,119455.9,118000.0,119118.5,29501.84900588
2025-07-24 18:00:00+00:00,119121.9,119905.7,118466.6,118942.7,17835.1481584
2025-07-24 20:00:00+00:00,118951.3,119359.3,118292.7,118516.5,4358.98246065
2025-07-24 22:00:00+00:00,118516.3,118829.7,118100.0,118336.0,10687.37072527
2025-07-25 00:00:00+00:00,118335.9,118462.4,117200.0,117372.1,42480.37964481
2025-07-25 02:00:00+00:00,117372.0,117395.6,115000.0,115428.0,123435.04143896
2025-07-25 04:00:00+00:00,115418.0,116435.0,115000.0,115524.0,116863.84488618
2025-07-25 06:00:00+00:00,115520.0,115955.4,114400.7,115324.1,75905.30151122
2025-07-25 08:00:00+00:00,115324.1,116159.6,114948.6,116159.6,80931.09625894
2025-07-25 10:00:00+00:00,116024.1,117000.0,115750.0,116528.0,35659.39912475
2025-07-25 12:00:00+00:00,116528.1,116648.0,115500.0,116238.0,126425.93871401
2025-07-25 14:00:00+00:00,116236.7,116298.0,114409.6,115716.2,152647.02155053
2025-07-25 16:00:00+00:00,115718.1,116500.0,115200.0,116046.3,58590.12586872
2025-07-25 18:00:00+00:00,116034.6,117400.0,115951.8,116685.2,24408.70935568
2025-07-25 20:00:00+00:00,116685.3,117500.0,116396.8,117215.3,26986.7683574
2025-07-25 22:00:00+00:00,117215.3,117651.2,116610.3,117616.0,5819.87879341
2025-07-26 00:00:00+00:00,117615.9,117784.0,116890.0,117152.0,10150.28858627
2025-07-26 02:00:00+00:00,117156.2,117849.9,116890.0,117498.1,6691.9448166
2025-07-26 04:00:00+00:00,117498.1,117900.0,116932.2,117450.8,1005.62977288
2025-07-26 06:00:00+00:00,117450.8,117494.0,116771.8,117330.4,730.96136004
2025-07-26 08:00:00+00:00,117331.3,117900.0,116981.1,117587.3,941.83294966
2025-07-26 10:00:00+00:00,117587.4,118250.0,117290.8,117778.1,17487.85990234
2025-07-26 12:00:00+00:00,117778.1,118250.0,117439.5,118134.4,7461.22274379
2025-07-26 14:00:00+00:00,118134.4,118233.4,117436.2,118126.5,4841.15468961
2025-07-26 16:00:00+00:00,118126.6,118740.7,117600.0,118031.9,2579.99989898
2025-07-26 18:00:00+00:00,118024.1,118569.6,117526.8,118227.1,4119.52246693
2025-07-26 20:00:00+00:00,118227.1,118227.1,117500.0,118028.1,4578.55872717
2025-07-26 22:00:00+00:00,118028.1,118400.0,117600.0,117917.8,8003.92090059
2025-07-27 00:00:00+00:00,117917.8,118260.2,117499.9,118088.1,3786.82506732
2025-07-27 02:00:00+00:00,118088.2,118500.0,117558.0,118186.1,3370.43840382
2025-07-27 04:00:00+00:00,118186.1,118763.1,117811.0,118293.0,2611.82721782
2025-07-27 06:00:00+00:00,118293.9,118862.1,117713.7,118112.7,1807.28396747
2025-07-27 08:00:00+00:00,118112.2,118350.0,117371.6,117955.8,2029.15777121
2025-07-27 10:00:00+00:00,117955.8,118700.0,117692.3,118079.1,1262.43928542
2025-07-27 12:00:00+00:00,118079.8,118743.8,117347.4,118212.4,1274.7140581
2025-07-27 14:00:00+00:00,118213.8,118713.0,117688.6,118600.0,18166.5843677
2025-07-27 16:00:00+00:00,118600.0,119732.4,118302.9,119199.3,55862.74189035
2025-07-27 18:00:00+00:00,119199.2,119396.1,118366.0,118959.9,9503.74672854
2025-07-27 20:00:00+00:00,118960.0,119866.6,118216.8,119274.1,13578.46540803
2025-07-27 22:00:00+00:00,119291.9,119986.4,119037.3,119438.4,18102.0085731
2025-07-28 00:00:00+00:00,119440.0,120000.0,118589.1,119035.3,19382.79730355
2025-07-28 02:00:00+00:00,119037.4,119969.2,118749.9,119286.4,16364.62776317
2025-07-28 04:00:00+00:00,119286.4,119716.0,118696.5,119523.9,13645.11844332
2025-07-28 06:00:00+00:00,119524.0,119613.3,118330.2,118885.0,17808.25622435
2025-07-28 08:00:00+00:00,118884.0,119097.0,118359.3,118928.0,16428.1659712
2025-07-28 10:00:00+00:00,118934.0,119382.7,118000.0,118823.8,13844.50118957
2025-07-28 12:00:00+00:00,118823.7,119376.0,118000.0,118445.9,62356.17913607
2025-07-28 14:00:00+00:00,118446.0,118789.0,117500.0,118170.4,55165.26910147
2025-07-28 16:00:00+00:00,118170.5,118500.0,117262.2,117671.9,19745.63460849
2025-07-28 18:00:00+00:00,117672.0,118500.0,117106.6,118062.4,22285.41552547
2025-07-28 20:00:00+00:00,118062.3,118461.5,117239.0,118119.1,22741.44858849
2025-07-28 22:00:00+00:00,118119.2,118500.0,117538.4,118073.8,26274.35351987
2025-07-29 00:00:00+00:00,118074.0,118885.2,117083.3,117780.1,21874.13127603
2025-07-29 02:00:00+00:00,117780.0,118804.0,117296.6,118763.9,27734.15198357
2025-07-29 04:00:00+00:00,118768.0,118960.3,118004.7,118804.3,18137.79535034
2025-07-29 06:00:00+00:00,118804.3,119379.2,118288.7,118893.3,15217.6289585
2025-07-29 08:00:00+00:00,118893.3,119374.9,118383.2,118783.5,15704.84849989
2025-07-29 10:00:00+00:00,118783.5,118885.2,117982.1,118600.0,9258.11696734
2025-07-29 12:00:00+00:00,118599.9,119297.4,118039.9,118619.9,28695.7935127
2025-07-29 14:00:00+00:00,118620.5,118943.6,116991.5,117391.6,69029.22919847
2025-07-29 16:00:00+00:00,117384.1,118473.2,116800.0,117772.0,36943.52587683
2025-07-29 18:00:00+00:00,117772.0,118129.1,117072.1,117512.0,21634.17085075
2025-07-29 20:00:00+00:00,117516.9,117872.0,116800.0,117592.1,33092.0160497
2025-07-29 22:00:00+00:00,117592.1,117998.0,117209.5,117944.1,7913.63850473
2025-07-30 00:00:00+00:00,117944.1,118016.1,117200.0,117862.1,5572.57918644
2025-07-30 02:00:00+00:00,117862.0,118400.0,117495.7,118161.7,12691.61889435
2025-07-30 04:00:00+00:00,118161.6,118554.9,117236.0,117995.0,4588.84363086
2025-07-30 06:00:00+00:00,117995.0,118802.0,117600.0,118128.1,2986.31736254
2025-07-30 08:00:00+00:00,118128.1,118561.0,117485.4,118165.9,8366.82048441
2025-07-30 10:00:00+00:00,118164.1,118701.5,117100.0,117560.5,17686.7104868
2025-07-30 12:00:00+00:00,117577.7,118307.6,117250.0,117682.0,48946.14766345
2025-07-30 14:00:00+00:00,117680.1,118877.1,117250.0,118001.7,74306.31225346
2025-07-30 16:00:00+00:00,118007.0,118396.7,117250.0,117802.8,16017.50109485
2025-07-30 18:00:00+00:00,117802.8,118044.8,115581.6,116916.0,200270.50375774
2025-07-30 20:00:00+00:00,116914.2,117780.3,116532.4,117333.2,30047.66333747
2025-07-30 22:00:00+00:00,117315.3,118000.0,116776.6,117836.4,11074.29394967
2025-07-31 00:00:00+00:00,117836.4,119044.1,117400.0,118065.9,15201.98468268
2025-07-31 02:00:00+00:00,118066.0,118891.7,117716.4,118472.9,10567.3942187
2025-07-31 04:00:00+00:00,118475.3,118800.0,117934.7,118365.5,4658.58769442
2025-07-31 06:00:00+00:00,118365.5,119051.3,118000.0,118680.7,5223.57052591
2025-07-31 08:00:00+00:00,118680.0,118825.6,118042.7,118600.0,2217.70009777
2025-07-31 10:00:00+00:00,118600.0,118727.7,118094.4,118374.1,4053.24951923
2025-07-31 12:00:00+00:00,118374.1,118825.6,117826.0,118572.0,24286.49216665
2025-07-31 14:00:00+00:00,118572.0,118895.9,117680.0,118313.4,23721.84595158
2025-07-31 16:00:00+00:00,118314.0,118887.3,117718.9,117743.6,16181.37029001
2025-07-31 18:00:00+00:00,117744.0,118194.8,116500.0,116790.3,42080.06953297
2025-07-31 20:00:00+00:00,116786.9,117065.3,116237.2,116531.5,40847.09751309
2025-07-31 22:00:00+00:00,116529.5,116748.9,115500.0,115761.7,67938.40361708
2025-08-01 00:00:00+00:00,115754.8,116116.1,114320.0,115342.1,211494.38603148
2025-08-01 02:00:00+00:00,115342.1,116318.4,115031.0,115646.0,14822.7045433
2025-08-01 04:00:00+00:00,115645.9,115918.9,115158.0,115570.0,13118.2097517
2025-08-01 06:00:00+00:00,115568.5,115769.6,114583.3,115080.1,39319.09406084
2025-08-01 08:00:00+00:00,115080.1,115581.6,114119.1,114951.9,69851.50981645
2025-08-01 10:00:00+00:00,114951.9,115492.6,114305.2,115300.0,16776.43138173
2025-08-01 12:00:00+00:00,115296.1,116053.4,114000.0,114338.0,160932.13104929
2025-08-01 14:00:00+00:00,114340.0,116155.6,113938.0,115354.0,163146.35802977
2025-08-01 16:00:00+00:00,115346.9,115762.1,114250.0,114427.4,82918.13696515
2025-08-01 18:00:00+00:00,114428.1,114730.5,112977.5,113308.1,180517.424863
2025-08-01 20:00:00+00:00,113310.1,114541.9,112956.8,113895.9,38640.84593182
2025-08-01 22:00:00+00:00,113896.7,114011.9,112520.0,113296.0,113746.1156186
2025-08-02 00:00:00+00:00,113294.4,114181.0,113000.3,113663.1,29687.60588669
2025-08-02 02:00:00+00:00,113660.4,114119.0,113107.8,113904.1,11081.38946577
2025-08-02 04:00:00+00:00,113907.9,114525.0,113517.2,113983.9,1883.85141899
2025-08-02 06:00:00+00:00,113984.0,114391.2,113120.5,113988.9,6528.36913823
2025-08-02 08:00:00+00:00,113986.2,114352.0,113302.1,113686.9,5793.48903686
2025-08-02 10:00:00+00:00,113686.2,114000.0,113000.0,113779.2,6303.42058609
2025-08-02 12:00:00+00:00,113781.2,113795.9,112708.0,113460.9,8810.04362688
2025-08-02 14:00:00+00:00,113460.1,113818.2,112500.0,112843.9,22318.51936046
2025-08-02 16:00:00+00:00,112839.6,113666.6,112200.0,112725.0,28949.7013152
2025-08-02 18:00:00+00:00,112725.0,113045.0,111600.0,112238.0,68665.37669379
2025-08-02 20:00:00+00:00,112230.1,113067.6,112000.0,112864.0,19682.0417282
2025-08-02 22:00:00+00:00,112863.9,113500.0,112000.0,112560.0,14665.75736446
2025-08-03 00:00:00+00:00,112560.0,113594.7,111527.2,113107.9,42820.25566615
2025-08-03 02:00:00+00:00,113096.0,113750.0,112850.3,113601.6,3926.01899632
2025-08-03 04:00:00+00:00,113600.1,114000.9,112982.8,113618.8,1883.61431191
2025-08-03 06:00:00+00:00,113618.9,113954.7,113020.1,113698.5,2063.15693371
2025-08-03 08:00:00+00:00,113700.1,114000.0,113200.0,113648.1,2247.35086163
2025-08-03 10:00:00+00:00,113648.1,114260.2,113302.1,113849.9,6641.43141529
2025-08-03 12:00:00+00:00,113851.3,114450.0,113379.2,113940.0,5624.66382921
2025-08-03 14:00:00+00:00,113940.0,114061.9,113500.0,113938.5,18260.93308811
2025-08-03 16:00:00+00:00,113943.3,114394.3,113585.0,114114.7,6679.9047029
2025-08-03 18:00:00+00:00,114114.8,114778.0,113940.8,114305.2,11660.96683722
2025-08-03 20:00:00+00:00,114306.0,114900.0,113761.0,114430.2,3139.02597066
2025-08-03 22:00:00+00:00,114430.3,114623.9,113668.1,114202.0,14643.72517402
2025-08-04 00:00:00+00:00,114202.1,115272.0,113744.6,114678.0,20917.56148866
2025-08-04 02:00:00+00:00,114679.9,114999.9,114247.3,114594.1,6458.5712253
2025-08-04 04:00:00+00:00,114577.6,114792.4,113928.5,114397.4,5376.43076746
2025-08-04 06:00:00+00:00,114397.4,115357.1,113874.9,114660.9,5257.76244135
2025-08-04 08:00:00+00:00,114661.0,114889.0,113195.7,113195.7,379.21272916
2025-08-04 10:00:00+00:00,113252.8,115165.3,113072.1,113277.8,187.88772785
2025-08-04 12:00:00+00:00,113277.8,113846.1,113000.0,113500.0,143.07233779
2025-08-04 14:00:00+00:00,113500.0,113895.9,113416.9,113484.4,101.5381894
2025-08-04 16:00:00+00:00,113484.4,114001.0,113484.4,113998.5,86.54610822
2025-08-04 18:00:00+00:00,113998.5,114038.4,113579.1,113579.1,45.09730123
2025-08-04 20:00:00+00:00,113581.9,114542.7,113482.9,114000.0,146.04262502
2025-08-04 22:00:00+00:00,114000.0,114192.0,113942.3,113942.3,130.0142452
2025-08-05 00:00:00+00:00,113942.3,113942.3,113547.7,113547.7,75.12935913
2025-08-05 02:00:00+00:00,113547.6,114864.4,113113.9,113114.2,335.85565407
2025-08-05 04:00:00+00:00,113114.2,113727.9,113026.8,113221.7,85.05749344
2025-08-05 06:00:00+00:00,113221.7,114500.0,112676.3,113965.9,438.6493561
2025-08-05 08:00:00+00:00,113983.4,114815.3,113393.2,114692.3,632.88076726
2025-08-05 10:00:00+00:00,114693.5,115099.9,114285.7,114828.0,508.96788514
2025-08-05 12:00:00+00:00,114828.1,114908.8,112775.8,114392.8,616.88230786
2025-08-05 14:00:00+00:00,114318.0,114374.8,111531.3,112940.1,1672.34675192
2025-08-05 16:00:00+00:00,112929.9,113809.8,112460.3,113642.2,776.76514872
2025-08-05 18:00:00+00:00,113629.4,113924.7,113051.8,113632.0,483.48825306
2025-08-05 20:00:00+00:00,113633.1,114231.5,113495.9,113593.4,353.35499788
2025-08-05 22:00:00+00:00,113593.4,114400.0,113170.5,114127.8,502.19924726
2025-08-06 00:00:00+00:00,114127.8,114143.8,113170.5,113838.0,584.08174625
2025-08-06 02:00:00+00:00,113830.2,114285.7,113000.0,113527.8,281.22019729
2025-08-06 04:00:00+00:00,113514.1,114449.8,113000.0,114157.1,379.1256635
2025-08-06 06:00:00+00:00,114158.0,114510.0,113510.3,114230.2,488.78306206
2025-08-06 08:00:00+00:00,114210.0,114578.9,113300.0,114100.0,498.10560484
2025-08-06 10:00:00+00:00,114096.1,114807.3,113623.8,114241.5,632.07514399
2025-08-06 12:00:00+00:00,114241.6,114341.1,113052.4,114266.2,1713.18594034
2025-08-06 14:00:00+00:00,114267.7,115500.0,113800.0,115445.2,2730.43571373
2025-08-06 16:00:00+00:00,115420.3,115833.3,114480.4,115515.9,687.36530664
2025-08-06 18:00:00+00:00,115516.0,116000.0,114828.2,115265.2,317.49923763
2025-08-06 20:00:00+00:00,115265.2,115485.4,114703.1,115036.7,273.61730235
2025-08-06 22:00:00+00:00,115036.7,115206.7,114709.2,115002.0,730.94966177
2025-08-07 00:00:00+00:00,114999.8,115697.0,114449.8,114755.9,216.24437046
2025-08-07 02:00:00+00:00,114755.8,115010.9,114004.0,114549.6,255.80912905
2025-08-07 04:00:00+00:00,114549.5,114802.2,114004.0,114583.3,203.13190354
2025-08-07 06:00:00+00:00,114582.0,115325.8,114119.0,114787.8,341.05787113
2025-08-07 08:00:00+00:00,114796.3,115268.0,114500.0,115064.0,358.76173936
2025-08-07 10:00:00+00:00,115070.0,116824.2,114800.0,116524.1,1510.45897415
2025-08-07 12:00:00+00:00,116524.1,116941.8,115750.2,116647.3,728.85745504
2025-08-07 14:00:00+00:00,116650.0,116809.1,115839.1,116700.1,828.31674924
2025-08-07 16:00:00+00:00,116700.0,117120.0,115625.1,116515.3,593.48159317
2025-08-07 18:00:00+00:00,116512.0,117857.7,115858.5,117466.2,363.04056557
2025-08-07 20:00:00+00:00,117465.0,117825.2,116818.9,117095.2,342.46044487
2025-08-07 22:00:00+00:00,117095.2,117636.3,116876.8,117478.5,585.79198671
2025-08-08 00:00:00+00:00,117478.5,117963.4,116400.0,116887.0,698.64192243
2025-08-08 02:00:00+00:00,116887.9,117338.3,116299.5,116748.0,831.88878338
2025-08-08 04:00:00+00:00,116746.0,117239.0,116000.0,116534.4,857.71614284
2025-08-08 06:00:00+00:00,116534.0,117264.2,116003.5,116807.1,510.92526669
2025-08-08 08:00:00+00:00,116806.9,117166.6,116000.0,116599.9,681.23050852
2025-08-08 10:00:00+00:00,116686.1,116914.5,116091.5,116895.4,285.41936121
2025-08-08 12:00:00+00:00,116895.4,116991.5,116000.0,116800.0,575.65629891
2025-08-08 14:00:00+00:00,116793.2,117300.0,115590.0,116204.0,1318.89501116
2025-08-08 16:00:00+00:00,116203.0,116811.3,115590.0,116709.6,919.72424794
2025-08-08 18:00:00+00:00,116710.1,117338.3,116000.0,116441.8,618.87224556
2025-08-08 20:00:00+00:00,116408.1,117250.0,116000.0,116930.0,291.07875275
2025-08-08 22:00:00+00:00,116929.9,117203.0,116420.7,116662.3,227.98835592
2025-08-09 00:00:00+00:00,116666.0,116986.4,116501.0,116563.0,273.68788194
2025-08-09 02:00:00+00:00,116561.1,116983.9,115950.0,116388.1,301.08078024
2025-08-09 04:00:00+00:00,116388.1,117060.1,115950.0,116744.1,592.80149881
2025-08-09 06:00:00+00:00,116747.6,117000.0,116071.4,116748.1,553.21799725
2025-08-09 08:00:00+00:00,116748.1,117500.0,116079.3,117500.0,1036.89388956
2025-08-09 10:00:00+00:00,117500.0,117920.7,116600.0,117115.3,518.58919494
2025-08-09 12:00:00+00:00,117116.0,117338.3,116656.4,116970.0,1409.4785161
2025-08-09 14:00:00+00:00,116970.1,117287.1,116089.0,116887.4,711.04751879
2025-08-09 16:00:00+00:00,116889.0,116983.9,115985.6,116672.2,597.74028657
2025-08-09 18:00:00+00:00,116674.2,116818.1,115500.0,116542.5,449.98268876
2025-08-09 20:00:00+00:00,116542.5,117200.0,115649.7,116156.4,465.79373291
2025-08-09 22:00:00+00:00,116350.4,117111.1,116156.4,116480.0,1800.31693094
2025-08-10 00:00:00+00:00,116480.0,117200.5,116480.0,116577.9,2763.71494706
2025-08-10 02:00:00+00:00,116573.2,118502.1,116551.0,118502.1,4073.83731649
2025-08-10 04:00:00+00:00,118503.5,118784.5,117857.7,118049.1,353.48062546
2025-08-10 06:00:00+00:00,118044.7,118377.2,117338.3,117801.6,427.54988478
2025-08-10 08:00:00+00:00,117815.9,118543.9,117338.3,118275.4,384.49407985
2025-08-10 10:00:00+00:00,118274.6,118540.0,117578.7,118321.9,355.56301665
2025-08-10 12:00:00+00:00,118322.0,118888.8,117857.7,118439.2,510.52169403
2025-08-10 14:00:00+00:00,118439.2,119092.1,117900.0,118797.6,573.11395528
2025-08-10 16:00:00+00:00,118784.6,119072.0,117929.7,118513.9,580.50361742
2025-08-10 18:00:00+00:00,118513.8,118877.4,117925.1,118648.0,245.22914836
2025-08-10 20:00:00+00:00,118653.8,119072.0,117768.4,118706.1,357.50214194
2025-08-10 22:00:00+00:00,118709.9,119333.3,118491.8,119287.6,290.1173683
2025-08-11 00:00:00+00:00,119289.9,119999.0,118750.0,119800.0,459.18859204
2025-08-11 02:00:00+00:00,119800.0,122444.4,119416.0,121710.0,1212.62170137
2025-08-11 04:00:00+00:00,121712.0,122500.0,121207.1,122049.3,523.81223468
2025-08-11 06:00:00+00:00,122050.0,122844.4,121216.2,121526.0,471.5756701
2025-08-11 08:00:00+00:00,121532.0,122222.2,120826.6,121420.9,707.74828302
2025-08-11 10:00:00+00:00,121421.3,121686.1,120031.2,120554.3,535.69456672
2025-08-11 12:00:00+00:00,120554.1,120715.7,119075.2,120003.6,762.41143854
2025-08-11 14:00:00+00:00,120008.1,120800.0,119555.5,120301.0,640.54320368
2025-08-11 16:00:00+00:00,120302.1,120999.9,119333.3,119509.6,510.39901667
2025-08-11 18:00:00+00:00,119526.0,119900.0,118527.9,119086.4,419.99002943
2025-08-11 20:00:00+00:00,119079.9,119198.0,117490.6,118716.2,537.88693089
2025-08-11 22:00:00+00:00,118720.0,119186.5,117857.7,118686.0,356.19792212
2025-08-12 00:00:00+00:00,118686.1,119416.0,118377.2,118977.3,273.0281297
2025-08-12 02:00:00+00:00,118976.0,119400.0,118377.2,118865.0,297.78453931
2025-08-12 04:00:00+00:00,118865.1,119400.0,117852.6,118828.8,345.36981687
2025-08-12 06:00:00+00:00,118828.9,119500.0,118444.4,119000.1,300.32416408
2025-08-12 08:00:00+00:00,119000.8,119555.5,117504.4,118408.0,581.36630755
2025-08-12 10:00:00+00:00,118408.1,118896.6,117477.7,118500.0,544.95575335
2025-08-12 12:00:00+00:00,118493.1,119709.5,117860.7,118848.3,1130.55355992
2025-08-12 14:00:00+00:00,118864.0,120462.5,118570.3,119934.0,871.07415264
2025-08-12 16:00:00+00:00,119937.1,120181.9,118896.6,119271.9,581.0511796
2025-08-12 18:00:00+00:00,119276.0,120228.5,118944.3,119650.0,469.36196161
2025-08-12 20:00:00+00:00,119649.8,120331.6,119416.0,119904.1,486.31303354
2025-08-12 22:00:00+00:00,119910.9,120454.8,119333.3,120130.4,433.89108179
2025-08-13 00:00:00+00:00,120132.1,120191.9,119000.0,119472.8,285.1042715
2025-08-13 02:00:00+00:00,119472.7,119935.4,118896.6,119486.0,452.00060626
2025-08-13 04:00:00+00:00,119486.0,120000.0,118444.4,119064.4,500.18599134
2025-08-13 06:00:00+00:00,119064.4,119803.8,118377.2,119588.2,705.83495418
2025-08-13 08:00:00+00:00,119560.0,120500.0,119250.0,120112.1,1703.78573473
2025-08-13 10:00:00+00:00,120112.7,120800.0,119881.3,120567.7,838.34717042
2025-08-13 12:00:00+00:00,120556.1,122049.2,120000.0,121771.0,750.16888191
2025-08-13 14:00:00+00:00,121771.0,122223.0,120000.0,120914.0,998.15489677
2025-08-13 16:00:00+00:00,120924.3,122222.0,120553.3,121811.9,673.80785494
2025-08-13 18:00:00+00:00,121808.0,123310.4,121076.6,122759.7,533.65784461
2025-08-13 20:00:00+00:00,122763.2,123363.4,122000.0,122537.4,362.13768153
2025-08-13 22:00:00+00:00,122574.0,124000.0,122454.5,123309.0,566.42785319
2025-08-14 00:00:00+00:00,123308.1,124725.6,123000.0,123341.9,844.66918931
2025-08-14 02:00:00+00:00,123338.3,123999.0,122844.4,123345.4,421.10427865
2025-08-14 04:00:00+00:00,123344.1,123494.0,121909.7,122147.9,466.10286459
2025-08-14 06:00:00+00:00,122132.2,122444.4,121100.0,121720.0,539.97137556
2025-08-14 08:00:00+00:00,121717.2,122350.9,121200.0,121660.1,764.43930476
2025-08-14 10:00:00+00:00,121660.1,122189.1,120659.2,120953.9,475.00705632
2025-08-14 12:00:00+00:00,120959.2,121522.1,117854.2,118424.4,2380.27954943
2025-08-14 14:00:00+00:00,118424.1,119622.6,117735.8,118252.1,1677.10546288
2025-08-14 16:00:00+00:00,118238.0,118396.7,117362.7,117910.7,1020.45430343
2025-08-14 18:00:00+00:00,117894.3,118679.2,117361.0,117937.6,595.5137701
2025-08-14 20:00:00+00:00,117932.4,118444.4,117361.0,117897.2,306.22915397
2025-08-14 22:00:00+00:00,117864.3,118783.2,117438.7,118299.7,250.52788908
2025-08-15 00:00:00+00:00,118298.5,118911.0,117735.8,118684.0,1333.4000666
2025-08-15 02:00:00+00:00,118684.1,119060.1,118121.5,118970.1,616.14597257
2025-08-15 04:00:00+00:00,118970.7,119428.2,118452.3,119007.3,1262.22481672
2025-08-15 06:00:00+00:00,118984.4,119400.0,118643.0,118968.6,404.46446564
2025-08-15 08:00:00+00:00,118973.5,119428.2,118611.1,118711.9,364.43807285
2025-08-15 10:00:00+00:00,118720.1,119147.0,118436.4,119006.7,1190.85666538
2025-08-15 12:00:00+00:00,119002.1,119400.0,118349.6,118484.5,1856.24597481
2025-08-15 14:00:00+00:00,118349.6,118486.0,116920.8,117185.5,7288.15447872
2025-08-15 16:00:00+00:00,117185.5,118161.0,116858.0,117580.0,1088.06742213
2025-08-15 18:00:00+00:00,117580.1,117712.9,116666.6,116929.8,670.53134126
2025-08-15 20:00:00+00:00,116929.7,117708.3,116652.7,117323.6,222.01965994
2025-08-15 22:00:00+00:00,117323.7,117770.0,116792.4,117338.1,316.58312929
2025-08-16 00:00:00+00:00,117338.0,117907.0,116792.4,117820.6,255.67476273
2025-08-16 02:00:00+00:00,117820.6,118113.1,117079.3,117432.0,878.76165201
2025-08-16 04:00:00+00:00,117432.0,118101.8,116880.0,117592.7,602.16805138
2025-08-16 06:00:00+00:00,117607.9,117863.7,116809.6,117606.6,380.58626671
2025-08-16 08:00:00+00:00,117606.6,118181.8,116855.2,117298.0,419.43148549
2025-08-16 10:00:00+00:00,117294.1,117785.7,116652.7,117385.8,451.97190165
2025-08-16 12:00:00+00:00,117386.4,118050.2,117232.4,117636.6,269.56291797
2025-08-16 14:00:00+00:00,117636.7,118303.3,117056.6,117687.2,357.12785345
2025-08-16 16:00:00+00:00,117687.7,117832.0,117253.6,117700.1,227.87174382
2025-08-16 18:00:00+00:00,117700.2,117800.0,117253.5,117680.4,186.58627891
2025-08-16 20:00:00+00:00,117680.3,117800.0,116563.6,117000.0,4584.16738925
2025-08-16 22:00:00+00:00,117000.0,117566.5,116563.6,117387.6,3288.87713821
2025-08-17 00:00:00+00:00,117386.1,117796.8,116666.6,117440.0,247.03028426
2025-08-17 02:00:00+00:00,117440.0,117800.0,117026.8,117681.7,186.22783257
2025-08-17 04:00:00+00:00,117681.7,118396.7,117200.0,118003.0,439.84010232
2025-08-17 06:00:00+00:00,118001.9,118398.6,117579.2,118013.8,536.06241466
2025-08-17 08:00:00+00:00,118014.8,118398.6,117500.0,118340.6,630.19005066
2025-08-17 10:00:00+00:00,118338.1,118398.6,117800.0,118307.1,238.92733045
2025-08-17 12:00:00+00:00,118307.2,118398.6,117646.5,118398.6,792.78140152
2025-08-17 14:00:00+00:00,118398.6,118398.6,118100.0,118243.5,788.7237396
2025-08-17 16:00:00+00:00,118243.6,118398.6,117156.2,117903.6,603.20232803
2025-08-17 18:00:00+00:00,117903.6,118000.0,116501.0,117590.0,333.50142397
2025-08-17 20:00:00+00:00,117575.6,118047.4,117253.6,117713.5,86.41319774
2025-08-17 22:00:00+00:00,117695.2,118000.0,116800.0,117415.5,272.19052256
2025-08-18 00:00:00+00:00,117409.7,117888.8,116206.4,116282.0,774.36894957
2025-08-18 02:00:00+00:00,116253.4,116500.0,115073.0,115326.2,1979.77466074
2025-08-18 04:00:00+00:00,115324.3,115858.5,115000.0,115700.5,375.45121441
2025-08-18 06:00:00+00:00,115700.0,115727.9,114777.6,115211.9,598.33599044
2025-08-18 08:00:00+00:00,115208.5,115676.4,114646.3,115051.9,1011.43546537
2025-08-18 10:00:00+00:00,115052.0,115685.0,114750.0,114957.3,343.29356648
2025-08-18 12:00:00+00:00,114957.3,115833.3,114700.0,114843.9,369.08714096
2025-08-18 14:00:00+00:00,114871.9,116333.3,114710.1,116149.8,517.37534378
2025-08-18 16:00:00+00:00,116152.0,116855.2,115624.9,116424.8,525.42956037
2025-08-18 18:00:00+00:00,116422.0,116919.6,115979.2,116311.9,308.56977983
2025-08-18 20:00:00+00:00,116311.9,116855.2,115767.0,116662.9,187.95724058
2025-08-18 22:00:00+00:00,116664.0,117056.6,116100.0,116225.9,755.7971514
2025-08-19 00:00:00+00:00,116234.4,117105.1,115500.0,115814.1,618.80577899
2025-08-19 02:00:00+00:00,115805.7,116534.0,115000.0,115111.0,2256.94748495
2025-08-19 04:00:00+00:00,115111.0,115750.0,114500.0,114971.9,5722.7990662
2025-08-19 06:00:00+00:00,114971.1,115600.0,114420.5,114992.6,976.7323421
2025-08-19 08:00:00+00:00,114998.9,115619.6,114465.3,115321.9,396.51926387
2025-08-19 10:00:00+00:00,115326.2,115873.3,114863.6,115503.3,368.48156858
2025-08-19 12:00:00+00:00,115503.2,115876.8,114865.0,115179.5,799.37074715
2025-08-19 14:00:00+00:00,115191.9,115379.7,114001.0,114001.0,7012.41972832
2025-08-19 16:00:00+00:00,114001.0,114543.3,112872.0,113512.1,4087.86196255
2025-08-19 18:00:00+00:00,113512.1,113800.6,112030.8,113123.3,2052.00758547
2025-08-19 20:00:00+00:00,113121.1,113944.8,112750.0,113412.1,335.89510258
2025-08-19 22:00:00+00:00,113411.2,113750.0,112200.9,112865.7,408.72853624
2025-08-20 00:00:00+00:00,112865.6,113757.6,112580.0,113010.4,1898.67929816
2025-08-20 02:00:00+00:00,113011.2,113668.6,112750.0,113526.4,1637.84556423
2025-08-20 04:00:00+00:00,113526.0,113895.0,112758.1,113492.5,2904.7148584
2025-08-20 06:00:00+00:00,113680.0,113848.4,112933.5,113484.1,3034.03141799
2025-08-20 08:00:00+00:00,113292.1,114273.4,112977.5,113456.3,1348.80944701
2025-08-20 10:00:00+00:00,113653.8,113950.0,112872.0,113662.0,1764.76371343
2025-08-20 12:00:00+00:00,113662.0,114067.0,112580.0,112800.0,3884.84428996
2025-08-20 14:00:00+00:00,112800.0,114465.3,112150.0,113362.1,2273.22507198
2025-08-20 16:00:00+00:00,113362.1,114470.0,113034.5,114207.4,2054.19078287
2025-08-20 18:00:00+00:00,114208.0,114470.0,112933.5,114007.3,2659.36697417
2025-08-20 20:00:00+00:00,114007.3,114495.4,113385.9,114360.1,2648.41959149
2025-08-20 22:00:00+00:00,114359.9,114863.6,113670.6,114277.7,2331.80774873
2025-08-21 00:00:00+00:00,114277.7,114869.9,113800.0,114691.2,3410.39457547
2025-08-21 02:00:00+00:00,114691.2,115025.4,113559.3,113773.8,2285.92254091
2025-08-21 04:00:00+00:00,113773.8,114333.9,113398.4,113986.2,465.40142993
2025-08-21 06:00:00+00:00,113985.6,114067.0,113177.0,113889.4,536.79569746
2025-08-21 08:00:00+00:00,113889.3,114181.0,113045.1,113370.0,131.19413812
2025-08-21 10:00:00+00:00,113379.3,114067.0,112737.9,113139.3,799.07894265
2025-08-21 12:00:00+00:00,113139.3,113921.0,112450.0,113497.2,631.40171313
2025-08-21 14:00:00+00:00,113492.9,114067.0,112600.0,112792.1,11301.14555804
2025-08-21 16:00:00+00:00,112792.1,113086.3,112179.0,112417.7,4820.79823067
2025-08-21 18:00:00+00:00,112417.7,112872.9,111960.8,112198.0,16318.93425265
2025-08-21 20:00:00+00:00,112198.0,112954.5,112000.0,112626.0,50882.33825536
2025-08-21 22:00:00+00:00,112626.0,113078.4,112264.7,112511.5,57764.75653587
2025-08-22 00:00:00+00:00,112511.5,113061.8,112334.0,112879.7,49274.13074762
